Date of data,Commodity code,Commodity,US dollar
202607,10129,Other horses,15451240.0
202607,10511,"Fowls of the species Gallus omesticus, weighing not more than 185 g",10256131.0
202607,10513,Ducks,558679.0
202607,10612,"Whales, dolphins and porpoises (mammals of the order Cetacea); manatees and dugongs (mammals of the order Sirenia); seals, sea lions and walruses (mammals of the suborder Pinnipedia)",2885871.0
202607,10619,Other mammals,1849854.0
202607,10620,Reptiles (including snakes and turtles),9138.0
202607,10639,Other birds,766941.0
202607,10649,Other insects,2820.0
202607,20120,Other cuts with bone in,937601.0
202607,20130,Boneless,34120544.0
202607,20220,Other cuts with bone in,108783960.0
202607,20230,Boneless,1285741225.0
202607,20319,Other fresh or chilled meat of swine,290885.0
202607,20322,"Hams, shoulders and cuts thereof, with bone in",26751463.0
202607,20329,Other frozen meat of swine,92781736.0
202607,20422,"Other sheep cuts with bone in ,fresh or chilled",1018092.0
202607,20423,"Boneless,fresh or chilled",269282.0
202607,20430,"Carcasses and halfcarcasses of lamb, frozen",55066.0
202607,20441,"Carcasses and halfcarcasses,frozen",9348390.0
202607,20442,"Other cuts with bone in,frozen",92498168.0
202607,20443,"Boneless meat of sheep,frozen",5914592.0
202607,20450,"Meat of goats,frozen",2985555.0
202607,20500,"Meat of horses, asses, mules or hinnies, fresh, chilled or frozen",1056587.0
202607,20622,"Livers of bovine animals,frozen",3891.0
202607,20629,"Other edible offal of bovine animals,frozen",12559526.0
202607,20649,"Other edible offal of swine,frozen",156403763.0
202607,20690,"Other edible offal,frozen",1971729.0
202607,20714,"Cuts and offal, frozen",185694136.0
202607,20725,"Turkeys,not cut in pieces, frozen",51802.0
202607,20727,"Cuts and offal of turkeys , frozen",1716774.0
202607,20745,"Other cuts and offal of ducks, frozen",424114.0
202607,20890,"Other meat and edible meat offal,fresh, chilled or frozen",697865.0
202607,20910,"Pig fat, free of lean meat,not rendered or otherwise extracted, fresh, chilled, frozen, salted, in brine, dried or smoked",402472.0
202607,21011,"Hams, shoulders and cuts thereof, with bone in",896983.0
202607,21019,Other meat of swine,1983341.0
202607,30111,Ornamental fish of freshwater,1689181.0
202607,30119,Other ornamental fish,805118.0
202607,30192,Eels (Anguilla spp),318921.0
202607,30199,"Live fish,nes",15010327.0
202607,30211,"rout (Salmo trutta, Oncorhynchus mykiss, Oncorhynchus clarki, fresh or chilledOncorhynchus aguabonita, Oncorhynchus gilae, Oncorhynchus apache and Oncorhynchus chrysogaster)",840.0
202607,30213,"Pacific salmon (Oncorhynchus nerka, Oncorhynchus gorbuscha, fresh or chilledOncorhynchus keta, Oncorhynchus tschawytscha, Oncorhynchus kisutch, Oncorhynchus masou and Oncorhynchus rhodurus)",3252740.0
202607,30214,"Atlantic salmon (Salmo salar) and Danube salmon (Hucho hucho) ,fresh or chilled",138980425.0
202607,30221,"Halibut (Reinhardtius hippoglossoides, Hippoglossus hippoglossus, Hippoglossus stenolepis) ,fresh or chilled",6692.0
202607,30222,"Plaice (Pleuronectes platessa),fresh or chilled",21521.0
202607,30223,"Sole (Solea spp) ,fresh or chilled",4432.0
202607,30229,"Other flat fish,fresh or chilled",150194.0
202607,30232,"Yellowfin tunas (Thunnus albacares) ,fresh or chilled",539.0
202607,30234,"Bigeye tunas (Thunnus obesus),fresh or chilled",3922.0
202607,30235,"Atlantic and Pacific bluefin tunas (Thunnus thynnus, Thunnus orientalis),fresh or chilled",4066522.0
202607,30236,"Southern bluefin tunas (Thunnus maccoyii) ,fresh or chilled",128150.0
202607,30239,"Other tunas (of the genus Thunnus), skipjack or stripe-bellied bonito ,fresh or chilled(Euthynnus (Katsuwonus) pelamis),fresh or chilled",2949.0
202607,30241,"Herrings (Clupea harengus, Clupea pallasii) ,fresh or chilled,fresh or chilled",402245.0
202607,30244,"Mackerel (Scomber scombrus, Scomber australasicus, Scomber japonicus) ,fresh or chilled",22154.0
202607,30245,"Jack and horse mackerel (Trachurus spp) ,fresh or chilled",4516.0
202607,30249,"Other herrings (Clupea harengus, Clupea pallasii), anchovies ,fresh or chilled(Engraulis spp.), sardines (Sardina pilchardus, Sardinops spp.), sardinella (Sardinella spp.), brisling or sprats (Sprattus sprattus), mackerel (Scomber scombrus, Scomber australasicus, Scomber japonicus), Indian mackerels (Rastrelliger spp.), seerfishes (Scomberomorus spp.), jack and horse mackerel (Trachurus spp.), jacks, crevalles (Caranx spp.), cobia (Rachycentron canadum), silver pomfrets (Pampus spp.), Pacific saury (Cololabis saira), scads (Decapterus spp.), capelin (Mallotus villosus), swordfish (Xiphias gladius), Kawakawa (Euthynnus affinis), bonitos (Sarda spp.), marlins, sailfishes, spearfish (Istiophoridae)",2797086.0
202607,30251,"Cod (Gadus morhua, Gadus ogac, Gadus macrocephalus) ,fresh or chilled",150.0
202607,30282,"Rays and skates (Rajidae) ,fresh or chilled",61459.0
202607,30289,"Other fish,fresh or chilled",7990964.0
202607,30311,"Sockeye salmon (red salmon) (Oncorhynchus nerka) ,frozen",387178.0
202607,30312,"Other Pacific salmon (Oncorhynchus gorbuscha, Oncorhynchus keta, Oncorhynchus tschawytscha, Oncorhynchus kisutch, Oncorhynchus masou and Oncorhynchus rhodurus) ,frozen",10874497.0
202607,30313,"Atlantic salmon (Salmo salar) and Danube salmon (Hucho hucho) ,frozen",6674470.0
202607,30314,"Trout (Salmo trutta, Oncorhynchus mykiss, Oncorhynchus clarki, Oncorhynchus aguabonita, Oncorhynchus gilae, Oncorhynchus apache and Oncorhynchus chrysogaster) ,frozen",4254964.0
202607,30324,"Catfish (Pangasius spp, Silurus spp, Clarias spp, Ictalurus spp) , frozen",13265549.0
202607,30325,"Carp (Cyprinus spp, Carassius spp, Ctenopharyngodon idellus, , frozenHypophthalmichthys spp, Cirrhinus spp, Mylopharyngodon piceus, Catla catla, Labeo spp, Osteochilus hasselti, Leptobarbus hoeveni, Megalobrama spp)",5802.0
202607,30331,"Halibut (Reinhardtius hippoglossoides, Hippoglossus hippoglossus, Hippoglossus stenolepis) , frozen",28460618.0
202607,30333,"Sole (Solea spp) , frozen",320931.0
202607,30339,"Other flat fish (Pleuronectidae, Bothidae, Cynoglossidae, Soleidae Scophthalmidae and Citharidae), frozen",42857409.0
202607,30341,"Albacore or longfinned tunas (Thunnus alalunga),frozen",29231.0
202607,30342,"Yellowfin tunas (Thunnus albacares),frozen",5423438.0
202607,30343,"Skipjack tuna (stripe-bellied bonito) (Katsuwonus pelamis) ,frozen",8564496.0
202607,30344,"Bigeye tunas (Thunnus obesus) ,frozen",99680.0
202607,30345,"Atlantic and Pacific bluefin tunas (Thunnus thynnus, Thunnus orientalis) ,frozen",748780.0
202607,30349,"Other tunas (of the genus Thunnus), skipjack or stripe-bellied bonito (Euthynnus (Katsuwonus) pelamis),frozen",195261.0
202607,30351,"Herrings (Clupea harengus, Clupea pallasii) ,frozen",15750245.0
202607,30353,"Sardines (Sardina pilchardus, Sardinops spp), sardinella (Sardinella spp), brisling or sprats (Sprattus sprattus),frozen",1682692.0
202607,30354,"Mackerel (Scomber scombrus, Scomber australasicus, Scomber japonicus) ,frozen",7194598.0
202607,30355,"Jack and horse mackerel (Trachurus spp) ,frozen",909501.0
202607,30359,"Other herrings (Clupea harengus, Clupea pallasii), anchovies (Engraulis spp.), sardines (Sardina pilchardus, Sardinops spp.), sardinella (Sardinella spp.), brisling or sprats (Sprattus sprattus), mackerel (Scomber scombrus, Scomber australasicus, Scomber japonicus), Indian mackerels (Rastrelliger spp.), seerfishes (Scomberomorus spp), jack and horse mackerel (Trachurus spp.), jacks, crevalles (Caranx spp.), cobia (Rachycentron canadum), silver pomfrets (Pampus spp.), Pacific saury (Cololabis saira), scads (Decapterus spp.), capelin (Mallotus villosus), swordfish (Xiphias gladius), Kawakawa (Euthynnus affinis), bonitos (Sarda spp.), marlins, sailfishes, spearfish (Istiophoridae),frozen",13269374.0
202607,30363,"Cod (Gadus morhua, Gadus ogac, Gadus macrocephalus) ,frozen",74000041.0
202607,30364,"Haddock (Melanogrammus aeglefinus) ,frozen",31991330.0
202607,30365,"Coalfish (Pollachius virens) ,frozen",5947744.0
202607,30366,"Hake (Merluccius spp, Urophycis spp) ,frozen",1853878.0
202607,30367,"Alaska Pollack (Theragra chalcogramma) ,frozen",64758632.0
202607,30368,"Blue whitings (Micromesistius poutassou, Micromesistius australis) ,frozen",10929861.0
202607,30369,"Other fish of the families Bregmacerotidae, Euclichthyidae, Gadidae, Macrouridae, Melanonidae, Merlucciidae, Moridae and Muraenolepididae,frozen",2147192.0
202607,30382,"Rays and skates (Rajidae) ,frozen",353007.0
202607,30383,"Toothfish (Dissostichus spp) ,frozen",20651064.0
202607,30389,"Other fish ,frozen",76545196.0
202607,30391,"Livers, roes and milt,frozen",13868553.0
202607,30392,"Shark fins ,frozen",2970819.0
202607,30399,"Other fish fins, heads, tails, maws and other edible fish offal,frozen",17747412.0
202607,30441,"Fresh or chilled pacific salmon (Oncorhynchus nerka, Oncorhynchus gorbuscha , fresh, chilledOncorhynchus keta, Oncorhynchus tschawytscha, Oncorhynchus kisutch, Oncorhynchus masou and Oncorhynchus rhodurus), Atlantic salmon (Salmo salar) and Danube salmon (Hucho hucho)",1747789.0
202607,30449,"Fresh or chilled fillets of fish, n.e.s",105.0
202607,30459,"Fresh or chilled fish meat, whether or not minced (excluding all fillets, tilapias, catfish, carp, eels, Nile perch, snakeheads, salmonidae, swordfish, toothfish and fish of the families Bregmacerotidae, Euclichthyidae, Gadidae, Macrouridae, Melanonidae, Merlucciidae, Moridae and Muraenolepididae)",2636.0
202607,30462,"Frozen fillets of catfish (Pangasius spp, Silurus spp, Clarias spp, Ictalurus spp)",11116469.0
202607,30471,"Frozen fillets of cod (Gadus morhua, Gadus ogac, Gadus macrocephalus)",165984.0
202607,30474,"Frozen fillets of hake (Merluccius spp, Urophycis spp)",1899.0
202607,30475,Frozen fillets of Alaska Pollock (Theragra chalcogramma),877839.0
202607,30479,"Frozen fillets of fish of the families Bregmacerotidae, Euclichthyidae, Gadidae, Macrouridae, Melanonidae, Merlucciidae, Moridae and Muraenolepididae (excluding cod, haddock, coalfish, hake and Alaska pollack)",331649.0
202607,30481,"Frozen fillets of Pacific salmon (Oncorhynchus nerka, Oncorhynchus gorbuscha, Oncorhynchus keta, Oncorhynchus tschawytscha, Oncorhynchus kisutch, Oncorhynchus masou and Oncorhynchus rhodurus), Atlantic salmon (Salmo salar) and Danube salmon (Hucho hucho)",3105465.0
202607,30483,"Frozen fillets of flat fish (Pleuronectidae, Bothidae, Cynoglossidae, Soleidae, Scophthalmidae and Citharidae)",435400.0
202607,30487,"Frozen fillets of tunas (of the genus Thunnus),skipjack tuna (stripe-bellied bonito) (Katsuwonus pelamis)",3034001.0
202607,30488,"Frozen fillets of dogfish, other sharks, rays and skates (Rajidae)",7737.0
202607,30489,"Frozen fish fillets, n.e.s.",409596.0
202607,30492,"Frozen meat, whether or not minced, of toothfish (Dissostichus spp)",482811.0
202607,30493,"Frozen meat, whether or not minced, of tilapias (Oreochromis spp), catfish (Pangasius spp, Silurus spp, Clarias spp, Ictalurus spp), carp (Cyprinus spp, Carassius spp, Ctenopharyngodon idellus, Hypophthalmichthys spp, Cirrhinus spp, Mylopharyngodon piceus, Catla catla, Labeo spp, Osteochilus hasselti, Leptobarbus hoeveni, Megalobrama spp), eels (Anguilla spp), Nile perch (Lates niloticus) and snakeheads (Channa spp)",1223553.0
202607,30494,"Frozen meat, whether or not minced, of alaska Pollack (Theragra chalcogramma)",4590757.0
202607,30495,"Frozen meat, whether or not minced, of fish of the families Bregmacerotidae, Euclichthyidae, Gadidae, Macrouridae, Melanonidae, Merlucciidae, Moridae and Muraenolepididae, other than Alaska Pollack (Theragra chalcogramma)",673854.0
202607,30496,"Frozen meat, whether or not minced, of dogfish and other sharks",12889.0
202607,30497,"Frozen meat, whether or not minced, of rays and skates (Rajidae)",272315.0
202607,30499,Frozen fish meat n.e.s. (excluding fillets),9386144.0
202607,30520,"Livers, roes and milt of fish, dried, smoked, salted or in brine",1034362.0
202607,30531,"Fillets, dried, salted or in brine, but not smoked, of tilapias (Oreochromis spp), catfish (Pangasius spp, Silurus spp, Clarias spp, Ictalurus spp), carp (Cyprinus spp, Carassius spp, Ctenopharyngodon idellus, Hypophthalmichthys spp, Cirrhinus spp, Mylopharyngodon piceus, Catla catla, Labeo spp, Osteochilus hasselti, Leptobarbus hoeveni, Megalobrama spp), eels (Anguilla spp), Nile perch (Lates niloticus) and snakeheads (Channa spp)",14943.0
202607,30532,"Fillets, dried, salted or in brine, but not smoked, of fish of the families Bregmacerotidae, Euclichthyidae, Gadidae, Macrouridae, Melanonidae, Merlucciidae, Moridae and Muraenolepididae",1053358.0
202607,30539,"Fish fillets, dried, salted or in brine, but not smoked (excluding tilapia, catfish, carp, eels, Nile perch, snakeheads and fish of the families Bregmacerotidae, Euclichthyidae, Gadidae, Macrouridae, Melanonidae, Merlucciidae, Moridae and Muraenolepididae)",113367.0
202607,30541,"Smoked Pacific salmon (Oncorhynchus nerka, Oncorhynchus gorbuscha, Oncorhynchus keta, Oncorhynchus tschawytscha, Oncorhynchus kisutch, Oncorhynchus masou and Oncorhynchus rhodurus), Atlantic salmon (Salmo salar) and Danube salmon (Hucho hucho)",7754.0
202607,30554,"Dried herrings (Clupea harengus, Clupea pallasii), anchovies (Engraulis spp), sardines (Sardina pilchardus, Sardinops spp), sardinella (Sardinella spp), brisling or sprats (Sprattus sprattus), mackerel (Scomber scombrus, Scomber australasicus, Scomber japonicus), Indian mackerels (Rastrelliger spp), seerfishes (Scomberomorus spp), jack and horse mackerel (Trachurus spp), jacks, crevalles (Caranx spp), cobia (Rachycentron canadum), silver pomfrets (Pampus spp), Pacific saury (Cololabis saira), scads (Decapterus spp), capelin (Mallotus villosus), swordfish (Xiphias gladius), Kawakawa (Euthynnus affinis), bonitos (Sarda spp), marlins, sailfishes, spearfish (Istiophoridae)",123228.0
202607,30559,"Dried fish, even salted but not smoked (excluding fillets, offal and cod)",21621040.0
202607,30569,"Other fish, salted or in brine only (excluding fillets, offal, herring, cod, anchovies, tilapia, catfish, carp, eels, Nile perch and snakeheads)",380646.0
202607,30571,"Shark fins, smoked, dried, salted or in brine",91485.0
202607,30572,"Fish heads, tails and maws, smoked, dried, salted or in brine",8845885.0
202607,30579,"Other fish fins and other edible fish offal, smoked, dried, salted or in brine (excluding heads, tails, maws and shark fins)",550778.0
202607,30611,"Frozen rock lobster and other sea crawfish (Palinurus spp, Panulirus spp, Jasus spp)",7028015.0
202607,30612,Frozen lobsters (Homarus spp),647001.0
202607,30614,Frozen crabs,10505568.0
202607,30615,Frozen norway lobsters (Nephrops norvegicus),2641732.0
202607,30616,"Frozen cold-water shrimps and prawns (Pandalus spp, Crangon crangon)",43707908.0
202607,30617,"Frozen shrimps and prawns, even smoked, whether in shell or not, incl. shrimps and prawns in shell, cooked by steaming or by boiling in water (excluding cold-water shrimps and prawns)",444497356.0
202607,30619,Other frozen crustaceans,1961934.0
202607,30631,"Rock lobster and other sea crawfish (Palinurus spp, Panulirus spp, Jasus spp) , whether in shell or not, live, fresh or chilled",93828998.0
202607,30632,"Lobsters (Homarus spp), whether in shell or not, live, fresh or chilled",44515768.0
202607,30633,"Crabs , whether in shell or not, live, fresh or chilled",150251574.0
202607,30635,"Coldwater shrimps and prawns (Pandalus spp, Crangon crangon), whether in shell or not, live, fresh or chilled",144575.0
202607,30636,"Other shrimps and prawns, whether in shell or not, live, fresh or chilled",1020237.0
202607,30639,"Other crustaceans, live, fresh or chilled",5812990.0
202607,30695,"Shrimps and prawns,, whether in shell or not, live, fresh or chilled (excl. rock lobster and other sea crawfish, lobsters, crabs, Norway lobsters, shrimps and prawns); flours, meals and pellets of crustaceans, fit for human consumption, fresh or chilled",1629626.0
202607,30711,"Oysters, live, fresh, chilled",1209526.0
202607,30712,"Oysters, frozen",82888.0
202607,30719,"Oysters, smoked, frozen, dried, salted or in brine",261.0
202607,30721,"Live, fresh or chilled, scallops and other molluscs of the family Pectinidae",128057.0
202607,30722,Frozen scallops and other molluscs of the family Pectinidae,3483796.0
202607,30731,"Live, fresh or chilled, not smoked, mussels (Mytilus spp., Perna spp.), with or without shell",609743.0
202607,30732,"Frozen mussels (Mytilus spp., Perna spp.), with or without shell",1285057.0
202607,30742,"Live, fresh or chilled, not smoked, cuttle fish and squid, with or without shell",1104.0
202607,30743,"Frozen cuttle fish and squid, with or without shell",280459498.0
202607,30749,"Cuttle fish and squid, smoked, frozen, dried, salted or in brine, with or without shell",6073680.0
202607,30752,Frozen octopus (Octopus spp.),4558787.0
202607,30771,"Live, fresh or chilled, even in shell, clams, cockles and ark shells (families Arcidae, Arcticidae,Cardiidae,Donacidae,Hiatellidae,Mactridae,Mesodesmatidae, Myidae, Semelidae, Solecurtidae, Solenidae, Tridacnidae and Veneridae)",1682100.0
202607,30772,"Frozen, even in shell, clams, cockles and ark shells (families Arcidae, Arcticidae,Cardiidae,Donacidae,Hiatellidae,Mactridae,Mesodesmatidae, Myidae, Semelidae, Solecurtidae, Solenidae, Tridacnidae and Veneridae)",2196157.0
202607,30781,"Live, fresh or chilled abalone (Haliotis spp)",2213978.0
202607,30783,Frozen abalone (Haliotis spp),12960.0
202607,30784,Frozen stromboid conchs (Strombus spp.),38508.0
202607,30787,"Smoked, dried, salted or in brine, even in shell, abalone (Haliotis spp.)",334899.0
202607,30791,"Other molluscs,live/fresh/chilled",12262848.0
202607,30792,Other frozen Molluscs,7239538.0
202607,30799,"Other Molluscs,dried/salted/ in brine/smoked",12466.0
202607,30812,"Frozen sea cucumbers (Stichopus japonicus, Holothuroidea)",1068644.0
202607,30821,"Live, fresh or chilled, sea urchins (Strongylocentrotus spp., Paracentrotus lividus, Loxechinus albus, Echinus esculentus)",48247.0
202607,30830,Jellyfish (Rhopilema spp),3233680.0
202607,30890,"Live, fresh, chilled, frozen, dried, salted or in brine, even smoked, aquatic invertebrates (excluding crustaceans, molluscs, sea cucumbers, sea urchins and jellyfish)",252644.0
202607,40110,"Milk and cream of a fat content, by weight, not exceeding 1%",5006878.0
202607,40120,"Milk and cream of a fat content, by weight, exceeding 1% but not exceeding 6%",23417172.0
202607,40140,"Milk and cream of a fat content, by weight, exceeding 6% but not exceeding 10%",2100.0
202607,40150,"Milk and cream of a fat content, by weight, exceeding 10%",47004384.0
202607,40210,"Milk and cream in powder, granules or other solid forms, of a fat content, by weight, not exceeding 1.5%",43997043.0
202607,40221,"Not containing added sugar or other sweetening matter, of a fat content, by weight, more than 1.5%",91376091.0
202607,40229,"Milk and cream in solid forms, of a fat content by weight, more than 1,5%, sweetened",2626.0
202607,40291,"Milk and cream, concentrated but unsweetened (excluding in solid forms)",495235.0
202607,40299,"Milk and cream, concentrated and sweetened (excluding in solid forms)",1358228.0
202607,40320,Yogurt,1649132.0
202607,40390,"Buttermilk, curdled milk and cream, kephir and other fermented or acidified milk and cream, whether or not concentrated or flavoured or containing added sugar or other sweetening matter, fruits, nuts or cocoa",975178.0
202607,40410,"Whey and modified whey, whether or not concentrated or containing added sugar or other sweetening matter",83988323.0
202607,40490,"Products consisting of natural milk constituents, whether or not sweetened, n.e.s.",2593727.0
202607,40510,Butter,61317713.0
202607,40590,"Fats and oils derived from milk, and dehydrated butter and ghee (excluding natural butter, recombined butter and whey butter)",17980134.0
202607,40610,"Fresh (unripened or uncured) cheese, including whey cheese, and curd",28041401.0
202607,40620,"Grated or powdered cheese, of all kinds",20385537.0
202607,40630,"Processed cheese, not grated or powdered",8274524.0
202607,40640,Blueveined cheese and other cheese containing veins produced by Penicillium roqueforti,48087.0
202607,40690,Other cheese,14431415.0
202607,40900,atural honey,2130975.0
202607,41090,"Other edible products of animal origin, not elsewhere specified or included",54076692.0
202607,50400,"Guts, bladders and stomachs of animals (other than fish), wholeand pieces thereof, fresh, chilled, frozen, salted, in brine, dried orsmoked",48780713.0
202607,50510,Feathers of a kind used for stuffing; down,39280575.0
202607,50590,"Skins and other parts of birds, with their feathers or down, feathers and parts of feathers, whether or not with trimmed edges, not further worked than cleaned, disinfected or treated for preservation; powder and waste of feathers or parts of feathers (excluding feathers used for stuffing and down)",740578.0
202607,50690,"Bones and horn-cores and their powder and waste, unworked, defatted, degelatinised or simply prepared (excluding ossein and bones treated with acid and cut to shape)",2030358.0
202607,50710,vory; ivory powder and waste,270425.0
202607,50790,"Tortoiseshell, whalebone, Otherhorns, antlers, hooves, nails, claws and beaks, other powder and waste there of",7890924.0
202607,50800,"Coral and similar materials, unworked or simply prepared bunot otherwise worked; shells of molluscs, crustaceans or echinoderms and cuttlebone, unworked or simply prepared bunot cut to shape, powder and waste thereof",3255490.0
202607,51000,"Ambergris, castoreum, civet and musk; cantharides; bile, whether or not dried; glands and other animal products used in the preparation of pharmaceutical products, fresh, chilled, frozen or otherwise provisionally preserved",950.0
202607,51110,Bovine semen,227698.0
202607,51191,"Products of fish or crustaceans, molluscs or other aquatic invertebrates; dead animals of Chapter 3",1295974.0
202607,51199,"Unkown Products of animal origin, n.e.s., dead animals, unfit for human consumption (excluding fish, crustaceans, molluscs or other aquatic invertebrates)",1598841.0
202607,60110,"Bulbs, tubers, tuberous roots, corms, crowns and rhizomes, dormant",12841094.0
202607,60210,Unrooted cuttings and slips,343302.0
202607,60220,"Trees, shrubs and bushes, grafted or not, of kinds which bear edible fruit or nuts",8307.0
202607,60230,"Rhododendrons and azaleas, grafted or not",52192.0
202607,60290,Other live plant,2599937.0
202607,60311,"Fresh cut roses and buds, of a kind suitable for bouquets or for ornamental purposes",81181.0
202607,60312,"Fresh cut carnations and buds, of a kind suitable for bouquets or for ornamental purposes",128.0
202607,60313,"Fresh cut orchids and buds, of a kind suitable for bouquets or for ornamental purposes",913859.0
202607,60314,"Fresh cut chrysanthemums and buds, of a kind suitable for bouquets or for ornamental purposes",57297.0
202607,60315,"Fresh cut Lilies (Lilium spp.) and buds, of a kind suitable for bouquets or for ornamental purposes",4329.0
202607,60319,"Fresh cut flowers and buds, of a kind suitable for bouquets or for ornamental purposes",2600071.0
202607,60390,"Dried, dyed, bleached, impregnated or otherwise prepared cut flowers and buds, of a kind suitable for bouquets or for ornamental purposes",100378.0
202607,60420,"Foliage, branches and other parts of plants, without flowers or flower buds, and grasses, mosses and lichens, being goods of a kind suitable for bouquets or for ornamental purposes, fresh",242022.0
202607,60490,"Foliage, branches and other parts of plants, without flowers or flower buds, and grasses, mosses and lichens, being goods of a kind suitable for bouquets or for ornamental purposes, dried, dyed, bleached, impregnated or otherwise prepared",338192.0
202607,70310,Fresh or chilled onions and shallots,13964.0
202607,70960,Fresh or chilled fruits of the genus Capsicum or of the genus Pimenta,11745.0
202607,71021,Frozen peas (Pisum sativum),2858235.0
202607,71040,"Sweet corn,frozen.",42132.0
202607,71080,"Other vegetables (uncooked or cooked by steaming or boiling in water),frozen.",33293.0
202607,71140,"Cucumbers and gherkins , provisionally preserved, e.g. by sulphur dioxide gas, in brine, in sulphur water or in other preservative solutions, but unsuitable in that state for immediate consumption",49914.0
202607,71190,Other vegetables; mixtures of vegetables,206390.0
202607,71290,"Dried other vegetables; mixtures of vegetables, whole, cut, sliced, broken or in powder, but not further prepared.",140188.0
202607,71310,"Dried peas (Pisum sativum), shelled, whether or not skinned or split.",96573374.0
202607,71320,"Dried chickpeas (garbanzos), shelled, whether or not skinned or split.",1974069.0
202607,71331,"Dried beans of the species Vigna mungo (L.) Hepper or Vigna radiata (L.) Wilczek, shelled, whether or not skinned or split.",134936373.0
202607,71332,"Dried small red (Adzuki) beans (Phaseolus or Vigna angularis), shelled, whether or not skinned or split.",1039149.0
202607,71333,"Dried kidney beans, including white pea beans (Phaseolus vulgaris), shelled, whether or not skinned or split.",5027674.0
202607,71335,"Dried cow peas (Vigna unguiculata), shelled, whether or not skinned or split.",1678530.0
202607,71340,"Dried, shelled lentils",1776124.0
202607,71390,"Dried, shelled leguminous vegetables, whether or not skinned or split (excluding peas, chickpeas, beans, lentils, broad beans, horse beans and pigeon peas)",7158005.0
202607,71410,"Fresh, chilled, frozen or dried roots and tubers of manioc (cassava), whether or not sliced or in the form of pellets",36338128.0
202607,71420,"Sweet potatoes, fresh, chilled, frozen or dried, whether or not sliced or in the form of pellets; sago pith.",61296.0
202607,80111,Desiccated coconuts,3000313.0
202607,80112,In the inner shell (endocarp) coconuts,40419530.0
202607,80121,In shell brazil nuts,1542230.0
202607,80122,Shelled brazil nuts,963680.0
202607,80131,In shell cashew nuts,1594530.0
202607,80132,Shelled cashew nuts,18192037.0
202607,80211,"In shell almonds, fresh or dried, whether or not shelled or peeled.",33095858.0
202607,80212,"Shelled almonds, fresh or dried, whether or not shelled or peeled.",40813203.0
202607,80222,Shelled hazelnuts or filberts (Corylus spp.),12963316.0
202607,80231,In shell walnuts,457333.0
202607,80232,Shelled walnuts,41526.0
202607,80251,In shell pistachios,24918094.0
202607,80252,Shelled pistachios,909304.0
202607,80261,In shell macadamia nuts,21198045.0
202607,80262,Shelled macadamia nuts,847163.0
202607,80280,Areca nuts,259205.0
202607,80299,"Other nuts, fresh or dried",8490134.0
202607,80390,Fresh or dried bananas (excluding plantains),84901750.0
202607,80410,Fresh or dried dates,620754.0
202607,80420,Fresh or dried figs,512491.0
202607,80430,Fresh or dried pineapples,21263089.0
202607,80440,Fresh or dried avocados,11828620.0
202607,80450,"Fresh or dried guavas, mangoes and mangosteens",71066120.0
202607,80510,Fresh or dried oranges,11661789.0
202607,80521,Fresh or dried mandarins (including tangerines and satsumas),12392860.0
202607,80529,Fresh or dried wilkings and similar citrus hybrids,602973.0
202607,80540,Fresh or dried grapefruit and pomelos,23449102.0
202607,80550,"Fresh or dried lemons (Citrus limon, Citrus limonum) and limes (Citrus aurantifolia, Citrus latifolia)",2392131.0
202607,80620,Dried Grapes,2258902.0
202607,80720,Fresh Papaws (papayas),33936.0
202607,80810,Fresh Apples,33421056.0
202607,80830,Fresh Pears,793584.0
202607,80929,Other Fresh cherries,10429093.0
202607,80940,Fresh Plums and sloes,160741.0
202607,81040,"Fresh Cranberries, bilberries and other fruits of the genus Vaccinium",5835824.0
202607,81050,Fresh Kiwifruit,16209985.0
202607,81060,Fresh Durians,1367097241.0
202607,81090,Other Fresh fruits,35097417.0
202607,81110,Frozen Strawberries,22376705.0
202607,81120,"Frozen Raspberries, blackberries, mulberries, loganberries, black, white or red currants and gooseberries",294445.0
202607,81190,Other Frozen Fruit and nuts,185261203.0
202607,81310,Dried Apricots,33465.0
202607,81320,Dried Prunes,9283500.0
202607,81340,Other Dried fruit,11051919.0
202607,90111,Coffee not roasted (not decaffeinated),147116285.0
202607,90112,Coffee not roasted decaffeinated,455419.0
202607,90121,Coffee roasted (Not decaffeinated ),7582809.0
202607,90122,Coffee roasted(Decaffeinated ),656678.0
202607,90190,Coffee husks and skins; coffee substitutes containing coffee in any proportion,1598.0
202607,90210,Green tea (not fermented) in immediate packings of a content not exceeding 3 kg,313195.0
202607,90220,Other green tea (not fermented) in packings＞3kg,634491.0
202607,90230,"Black tea (fermented) and partly fermented tea, in immediate packings of a content not exceeding 3 kg",2162246.0
202607,90240,"Black tea (fermented) and partly fermented tea, in packings exceeding 3 kg",8511810.0
202607,90300,Maté,63511.0
202607,90411,Neither crushed nor ground,3548121.0
202607,90412,Crushed or ground,528998.0
202607,90421,"Dried, neither crushed nor ground",5187690.0
202607,90422,Crushed or ground,352222.0
202607,90510,Neither crushed nor ground,158623.0
202607,90520,Crushed or ground,6106.0
202607,90611,Cinnamon (Cinnamomum zeylanicum Blume),18142.0
202607,90620,Crushed or ground,3544.0
202607,90710,Neither crushed nor ground,699015.0
202607,90811,Nutmeg Neither crushed nor ground,4633752.0
202607,90821,Mace Neither crushed nor ground,41260.0
202607,90831,Cardamoms Neither crushed nor ground,2675094.0
202607,90921,Seeds of coriander Neither crushed nor ground,680.0
202607,90922,Seeds of coriander Crushed or ground,10119.0
202607,90931,Seeds of cumin Neither crushed nor ground,161516.0
202607,90961,"Seeds of anise, badian, caraway or fennel; juniper berries Neither crushed nor ground",461757.0
202607,91011,"Seeds of anise, badian, caraway or fennel; juniper berries Neither crushed nor ground",12433.0
202607,91020,Saffron,351411.0
202607,91030,Turmeric (curcuma),4695373.0
202607,91091,Mixtures referred to in Note 1 (b) to this Chapter,177739.0
202607,91099,Other spices,2583312.0
202607,100119,Durum wheat( excluding seed for sowing),9949730.0
202607,100199,"Wheat and meslin (excluding seed for sowing, and durum wheat)",42757282.0
202607,100390,Barley (excluding seed for sowing),268861511.0
202607,100490,Oats (excluding seed for sowing),17870005.0
202607,100510,Maize (corn) seed for sowing.,121424.0
202607,100590,Maize (corn) (excluding seed for sowing),93524911.0
202607,100610,Rice in the husk (paddy or rough),38.0
202607,100620,Husked (brown) rice,163974.0
202607,100630,"Semimilled or wholly milled rice, whether or not polished or glazed",33183127.0
202607,100640,Broken rice,79503180.0
202607,100790,Grain sorghum (excluding seed for sowing),316218799.0
202607,100810,Buckwheat,4888884.0
202607,100821,Buckwheat seed for sowing.,90.0
202607,100830,Canary seeds,1342186.0
202607,100850,Quinoa (Chenopodium quinoa),577052.0
202607,110100,Wheat or meslin flour.,3612383.0
202607,110220,Maize (corn) flour,10.0
202607,110290,"Cereal flours (excluding wheat, meslin and maize)",2449461.0
202607,110311,Groats and meal Of wheat,46248.0
202607,110412,Rolled or flaked grains of oats,293414.0
202607,110422,"Hulled, pearled, sliced, kibbled or otherwise worked oat grains (excluding rolled, flaked, pellets and flour)",78188.0
202607,110429,"Grains of cereals, hulled, pearled, sliced, kibbled or otherwise worked (excluding rolled, flaked, flour, pellets, and oats and maize, and husked and semi- or wholly milled rice and broken rice)",354378.0
202607,110510,"Flour, meal and powder",112686.0
202607,110520,"Flakes, granules and pellets",548617.0
202607,110610,Of the dried leguminous vegetables of heading 07.13,720389.0
202607,110620,Of sago or of roots or tubers of heading 07.14,186042.0
202607,110630,Of the products of Chapter 8,1093046.0
202607,110710,Malt (excluding roasted),260223.0
202607,110720,Roasted malt,503514.0
202607,110811,Wheat starch,95848.0
202607,110812,Maize (corn) starch,576516.0
202607,110813,Potato starch,2571708.0
202607,110814,Manioc (cassava) starch,98373354.0
202607,110819,Other starches,1159555.0
202607,110820,Inulin,596267.0
202607,110900,"Wheat gluten, whether or not dried.",174338.0
202607,120110,"Soya bean seed, for sowing",6460.0
202607,120190,Other Soya beans,5636270966.0
202607,120241,In shell groundnuts,13939548.0
202607,120242,"Shelled groundnuts, whether or not broken",40299437.0
202607,120300,Copra,21331.0
202607,120400,"Linseed, whether or not broken.",46530800.0
202607,120510,Low erucic acid rape or colza seeds,319449882.0
202607,120590,Other rape or colza seeds,1945320.0
202607,120600,"Sunflower seeds, whether or not broken.",5406537.0
202607,120730,Castor oil seeds,797221.0
202607,120740,Sesamum seeds,139064197.0
202607,120750,Mustard seeds,166205.0
202607,120760,Safflower (Carthamus tinctorius) seeds,858697.0
202607,120770,Melon seeds,306384.0
202607,120799,Other oil seeds and oleaginous fruits,1886426.0
202607,120890,Flours and meal of oil seeds or oleaginous fruit (excluding soya and mustard),459.0
202607,120921,Lucerne (alfalfa) seeds,1134425.0
202607,120922,Clover (Trifolium spp.) seeds,663262.0
202607,120923,Fescue seeds,939500.0
202607,120924,Kentucky blue grass (Poa pratensis L.) seeds,560939.0
202607,120925,"Rye grass (Lolium multiflorum Lam., Lolium perenne L.) seeds",2764998.0
202607,120929,"Seeds of forage plants for sowing (excluding of cereals and of sugar beet, alfalfa, clover Trifolium spp."", fescue, Kentucky blue grass ""Poa pratensis L."" and ryegrass ""Lolium multiflorum lam. and Lolium perenne L."")""",66405.0
202607,120930,Seeds of herbaceous plants cultivated principally for their flowers,3899956.0
202607,120991,Vegetable seeds,25856541.0
202607,120999,"Seeds, fruits and spores, for sowing (excluding leguminous vegetables and sweetcorn, coffee, tea, maté and spices, cereals, oil seeds and oleaginous fruits, beets, forage plants, vegetable seeds, and seeds of herbaceous plants cultivated mainly for flowers or used primarily in perfumery, medicaments or for insecticidal, fungicidal or similar purposes)",1654918.0
202607,121020,"Hop cones, ground, powdered or in the form of pellets; lupulin",789103.0
202607,121120,Ginseng roots,10238521.0
202607,121190,"Other plants and parts of plants, of a kind used primarily in perfumery, in pharmacy or for insecticidal, fungicidal or similar purposes",12620348.0
202607,121221,Fit for human consumption,22327156.0
202607,121229,"Seaweeds and other algae, fresh, chilled, frozen or dried, whether or not ground, unfit for human consumption",11136082.0
202607,121292,Locust beans (carob),231.0
202607,121299,"Fruit stones and kernels and other vegetable products, incl. unroasted chicory roots of the variety cichorium intybus sativum, of a kind used primarily for human consumption, n.e.s.",48927007.0
202607,121300,"Cereal straw and husks, unprepared, whether or not chopped,ground, pressed or in the form of pellets.",550287.0
202607,121410,Lucerne (alfalfa) meal and pellets,335399.0
202607,121490,"Other forage products, whether or not in the form of pellets",28063885.0
202607,130120,Gum Arabic,2153043.0
202607,130190,"Lac; natural gums, resins, gum-resins, balsams and other natural oleoresins (excluding gum Arabic)",3961204.0
202607,130212,Extracts of liquorice (excluding that with a sucrose content by weight of ＞ 10% or in the form of confectionery),594544.0
202607,130213,Extracts of hops,49.0
202607,130219,"Mucilages and thickeners, derived from locust beans, locust bean seeds or guar seeds, whether or not modified",11119071.0
202607,130220,"Pectic substances, pectinates and pectates",5755688.0
202607,130231,Agaragar,741263.0
202607,130232,"Mucilages and thickeners, whether or not modified, derived from locust beans, locust bean seeds or guar seeds",6407785.0
202607,130239,"Other mucilages and thickeners, derived for vegetable products",4736164.0
202607,140110,Bamboos,118868.0
202607,140120,Rattans,557994.0
202607,140190,Other vegetable materials of a kind used primarily for plaiting,165800.0
202607,140420,Cotton linters,1220615.0
202607,140490,Vegetable products not elsewhere specified or included,13594290.0
202607,150290,"Other fats of bovine animals, sheep or goats",19675225.0
202607,150410,Fishliver oils and their fractions,934770.0
202607,150420,"Fats and oils and their fractions, of fish, other than liver oils",38777284.0
202607,150600,"Other animal fats and oils and their fractions, whether or not refined, but not chemically modified.",2943218.0
202607,150710,"Crude soya-bean oil, whether or not degummed",2888514.0
202607,150790,"Soya-bean oil and its fractions, whether or not refined (excluding chemically modified and crude)",483871.0
202607,150810,Crude oil of ground-nut,73241597.0
202607,150890,Other ground-nut oil and its fractions,80259.0
202607,150920,Extra virgin olive oil,16247444.0
202607,150930,"Virgin olive oil,with a free acidity(oleic acid)≤2.0 g/ 100 g",4582.0
202607,150940,Other virgin olive oils,3373.0
202607,150990,Other olive oil and its fractions,3297603.0
202607,151090,"Other oils and their fractions, obtained solely from olives, whether or not refined, but not chemically modified, including blends of these oils or fractions with oils or fractions of heading 15.09",1798756.0
202607,151110,Crude palm oil,122.0
202607,151190,Other palm oil and its fractions,466073437.0
202607,151211,Crude oil of sunflower-seed or safflower,62758126.0
202607,151219,Other oil of sunflower-seed or safflower and its fractions,678692.0
202607,151311,Crude coconut oil,1146093.0
202607,151319,Other coconut oil and its fractions,30769457.0
202607,151321,Crude oil of palm kernel or babassu,31078709.0
202607,151329,Other oil of palm kernel or babassu and its fractions,81251348.0
202607,151411,"Low erucic acid rape or colza oil fixed oil which has an erucic acid content of ＜ 2%"", crude""",91456510.0
202607,151419,"Low erucic acid rape or colza oil fixed oil which has an erucic acid content of ＜ 2%"" and its fractions, whether or not refined, but not chemically modified (excluding crude)""",676864.0
202607,151491,Crude oil of Rape or colza,100.0
202607,151499,"High erucic acid rape or colza oil fixed oil which has an erucic acid content of ≥ 2%"", and mustard oil, and fractions thereof, whether or not refined, but not chemically modified (excluding crude)""",34.0
202607,151511,Crude linseed oil,4519930.0
202607,151519,"Linseed oil and fractions thereof, whether or not refined, but not chemically modified (excluding crude)",125574.0
202607,151529,Other maize oil and its fractions,1894.0
202607,151530,Castor oil and its fractions,46586763.0
202607,151550,Sesame oil and its fractions,184451.0
202607,151560,"Microbial fats and oils and their fractions,not chemically modified",2895540.0
202607,151590,Other fixed vegetable fats and oils and their fractions,7625620.0
202607,151610,Animal fats and oils and their fractions,7497295.0
202607,151620,Vegetable fats and oils and their fractions,214032836.0
202607,151630,Microbial fats and oils and their fractions,4463.0
202607,151710,"Margarine, excluding liquid margarine",792044.0
202607,151790,"Other edible fats/oils/fractions of this chptr, excl.that of 15.16",150955044.0
202607,151800,"Animal, vegetable or microbial fats and oils and their fractions, boiled, oxidised, dehydrated, sulphurised, blown, polymerised by heat in vacuum or in inert gas or otherwise chemically modified, excluding those of heading 15.16; inedible mixtures or preparations of animal, vegetable or microbial fats or oils or of fractions of different fats or oils of this Chapter, not elsewhere specified or included",12134435.0
202607,152000,"Glycerol, crude; glycerol waters and glycerol lyes",124056987.0
202607,152110,Vegetable waxes,4711044.0
202607,152190,"Beeswax, other insect waxes and spermaceti",33579.0
202607,160100,"Sausages and similar products, of meat, meat offal,blood or insects; food preparations based on these products",176102.0
202607,160231,Meat or offal of turkeys,86814.0
202607,160232,Meat or offal of fowls of the species Gallus domesticus,24926037.0
202607,160241,Hams and cuts thereof,6380.0
202607,160249,"Other prepared or preserved meat and meat offal of swine, including mixtures",20080.0
202607,160250,Of bovine animals,415927.0
202607,160290,"Other prepared or preserved meat, meat offal, blood or insects",2189698.0
202607,160300,"Extracts and juices of meat, fish or crustaceans, molluscs or other aquatic invertebrates.",207685.0
202607,160411,Prepared or preserved salmon,496175.0
202607,160412,Prepared or preserved herrings,5215.0
202607,160413,"Prepared or preserved Sardines, sardinella and brisling or sprats",208200.0
202607,160414,"Prepared or preserved Tunas, skipjack tuna and bonito (Sarda spp.)  , whole/pieces",1838193.0
202607,160416,Prepared or preserved anchovies,31961.0
202607,160419,"Prepared or preserved fish, whole or in pieces (excluding minced, merely smoked, and salmon, herrings, sardines, sardinella, brisling or sprats, tunas, skipjack, bonito sarda spp."", mackerel, anchovies and eels)""",153559.0
202607,160420,Other prepared or preserved fish,4682680.0
202607,160432,Caviar substitutes,3142.0
202607,160510,Prepared or preserved Crab,262166.0
202607,160521,Shrimps and prawns not in airtight container,439557.0
202607,160529,Other prepared or preserved shrimps and prawns,2709738.0
202607,160553,Prepared or preserved mussels,386263.0
202607,160554,Prepared or preserved cuttle fish and squid,17414867.0
202607,160555,Prepared or preserved Octopus,167633.0
202607,160557,Prepared or preserved Abalone,101792.0
202607,160558,"Prepared or preserved Snails, other than sea snails",9310.0
202607,160559,"Molluscs, prepared or preserved (excluding smoked, oysters, scallops, mussels, cuttle fish, squid, octopus, abalone, snails, and clams, cockles and arkshells)",392665.0
202607,160561,"Sea cucumbers, prepared or preserved",4787122.0
202607,170114,"Other cane sugar, not containing added flavouring or colouring matter",162508485.0
202607,170199,"Cane or beet sugar and chemically pure sucrose, in solid form (excluding cane and beet sugar containing added flavouring or colouring and raw sugar)",13126667.0
202607,170211,"Lactose in solid form and lactose syrup, not containing added flavouring or colouring matter, containing by weight 99% or more lactose, expressed as anhydrous lactose, calculated on the dry matter",15712328.0
202607,170219,"Lactose in solid form and lactose syrup, not containing added flavouring or colouring matter, containing by weight ＜ 99% lactose, expressed as anhydrous lactose, calculated on the dry matter",94023.0
202607,170220,Maple sugar and maple syrup,350199.0
202607,170230,"Glucose and glucose syrup, not containing fructose or containing in the dry state less than 20% by weight of fructose",728482.0
202607,170240,"Glucose and glucose syrup, containing in the dry state at least 20% but less than 50% by weight of fructose, excluding invert sugar",8126.0
202607,170250,Chemically pure fructose,1588728.0
202607,170260,"Other fructose and fructose syrup, containing in the dry state more than 50% by weight of fructose, excluding invert sugar",342108.0
202607,170290,Other sugars in solid form and sugar syrups not containing added flavouring or colouring matter,29317378.0
202607,170410,"Chewing gum, whether or not sugarcoated",315527.0
202607,170490,"Other sugar confectionery, not containing cocoa",23450096.0
202607,180100,"Cocoa beans, whole or broken, raw or roasted",5561543.0
202607,180200,"Cocoa shells, husks, skins and other cocoa waste",109622.0
202607,180310,"Cocoa paste, not defatted, whether or not defatted.",11597365.0
202607,180320,"Cocoa paste, wholly or partly defatted, whether or not defatted.",425356.0
202607,180400,"Cocoa butter, fat and oil",6996277.0
202607,180500,"Cocoa powder, not containing added sugar or other sweetening matter",23207562.0
202607,180610,"Cocoa powder, containing added sugar or other sweetening matter",1368496.0
202607,180620,"Other preparations in blocks, slabs or bars weighing more than 2 kg or in liquid, paste, powder, granular or other bulk form in containers or immediate packings, of a content exceeding 2 kg",10013348.0
202607,180631,"Chocolate and other preparations containing cocoa, in blocks, slabs or bars of ≤ 2 kg, filled",1768351.0
202607,180632,"Chocolate and other preparations containing cocoa, in blocks, slabs or bars of ≤ 2 kg (excluding filled)",8443345.0
202607,180690,"Chocolate and other preparations containing cocoa, in containers or immediate packings of ≤ 2 kg (excluding in blocks, slabs or bars and cocoa powder)",21367230.0
202607,190110,"Preparations suitable for infants or young children, put up for retail sale",377015661.0
202607,190120,Mixes and doughs for the preparation of bakers' wares of heading 19.05,5210963.0
202607,190190,"Other food prep. of flour(cocoa＜40%)/milk(cocoa＜5%), nes",33274017.0
202607,190211,"Pasta,containing eggs, whether or not prepared.",13003.0
202607,190219,"Uncooked pasta, not stuffed or otherwise prepared, not containing eggs",5032601.0
202607,190220,"Stuffed pasta, whether or not cooked or otherwise prepared",1962390.0
202607,190230,Other pasta,49169624.0
202607,190240,Couscous,10342.0
202607,190300,"Tapioca and substitutes therefor prepared from starch, in the form of flakes, grains, pearls, siftings or in similar forms",453290.0
202607,190410,Prepared foods obtained by the swelling or roasting of cereals or cereal products,7673008.0
202607,190420,Prepared foods obtained from unroasted cereal flakes or from mixtures of unroasted cereal flakes and roasted cereal flakes or swelled cereals,2195094.0
202607,190430,Bulgur wheat,158.0
202607,190490,Other precooked or otherwise prepared cereals (other than maize (corn) ),811571.0
202607,190510,Crispbread,233.0
202607,190531,Sweet biscuits,19070912.0
202607,190532,Waffles and wafers,12523362.0
202607,190540,"Rusks, toasted bread and similar toasted products",555704.0
202607,190590,"Bread, pastry, cakes, biscuits and other bakers' wares, whether or not containing cocoa; communion wafers, empty cachets of a kind suitable for pharmaceutical use, sealing wafers, rice paper and similar products (excluding crispbread, gingerbread and the like, sweet biscuits, waffles, wafers not mentioned, rusks, toasted bread and similar toasted products)",24836071.0
202607,200110,"Cucumbers and gherkins, prepared or preserved by vinegar or acetic acid",1077040.0
202607,200190,"Vegetables, fruit, nuts and other edible parts of plants, prepared or preserved by vinegar or acetic acid (excluding cucumbers and gherkins)",734726.0
202607,200210,"Tomatoes, whole or in pieces",1104751.0
202607,200290,"Tomatoes, prepared or preserved otherwise than by vinegar or acetic acid (excluding whole or in pieces)",335137.0
202607,200390,"Mushrooms and truffles, prepared or preserved otherwise than by vinegar or acetic acid (excluding mushrooms of the genus Agaricus"")""",64285.0
202607,200410,"Potatoes, prepared or preserved otherwise than by vinegar or acetic acid, frozen",1799119.0
202607,200490,"Vegetables and mixtures of vegetables, prepared or preserved otherwise than by vinegar or acetic acid, frozen (excluding preserved by sugar, and tomatoes, mushrooms, truffles and potatoes, unmixed)",31828.0
202607,200510,"Homogenised vegetables put up for retail sale as infant food or for dietetic purposes, in containers of ≤ 250 g",405.0
202607,200520,"Potatoes, prepared or preserved otherwise than by vinegar or acetic acid (excluding frozen)",2270991.0
202607,200540,"Peas Pisum Sativum"", prepared or preserved otherwise than by vinegar or acetic acid (excluding frozen)""",18248.0
202607,200551,"Shelled beans Vigna spp., Phaseolus spp."", prepared or preserved otherwise than by vinegar or acetic acid (excluding frozen)""",20299.0
202607,200559,"Unshelled beans Vigna spp., Phaseolus spp."", prepared or preserved otherwise than by vinegar or acetic acid (excluding frozen)""",5504.0
202607,200570,"Olives, prepared or preserved otherwise than by vinegar or acetic acid (excluding frozen)",328861.0
202607,200580,"Sweet corn (Zea mays var. saccharata), prepared or preserved otherwise than by vinegar or acetic acid (excluding frozen)",397244.0
202607,200599,"Vegetables and mixtures of vegetables, prepared or preserved otherwise than by vinegar, non-frozen (excluding preserved by sugar, homogenised vegetables of subheading 2005.10, and tomatoes, mushrooms, truffles, potatoes, peas Pisum sativum"", beans ""Vigna, Phaseolus"", asparagus, olives, sweetcorn ""Zea Mays var. Saccharata"" and bamboo shoots, unmixed)""",545526.0
202607,200600,"Vegetables, fruit, nuts, fruitpeel and other parts of plants, preserved by sugar (drained, glacé or crystallised).",14340086.0
202607,200710,"Homogenised preparations of jams, fruit jellies, marmalades, fruit or nut purée and fruit or nut pastes, obtained by cooking, whether or not containing added sugar or other sweetening matter.",312061.0
202607,200791,"Citrus fruit jams, jellies, marmalades, purées or pastes, obtained by cooking, whether or not containing added sugar or other sweetening matter (excluding homogenised preparations of subheading 2007.10)",241124.0
202607,200799,"Jams, jellies, marmalades, purées or pastes of fruit, obtained by cooking, whether or not containing added sugar or other sweetening matter (excluding citrus fruit and homogenised preparations of subheading 2007.10)",5011667.0
202607,200811,"Groundnuts, prepared or preserved (excluding preserved with sugar)",1957697.0
202607,200819,"Other prepared or preserved nuts and other seeds, including mixtures",57733248.0
202607,200820,Other prepared or preserved pineapples,6192913.0
202607,200830,Other prepared or preserved citrus fruit,3799898.0
202607,200840,Other prepared or preserved pears,1885.0
202607,200850,Other prepared or preserved apricots,1163.0
202607,200860,Other prepared or preserved cherries,9426.0
202607,200870,"Other prepared or preserved peaches, including nectarines",146724.0
202607,200893,Prepared/preserved Cranberries or lingonberries,5968101.0
202607,200897,Other prepared or preserved mixtures of fruits and nuts,495999.0
202607,200899,"Other prepared or preserved fruits,nuts and edible parts of plants",13946077.0
202607,200911,"Frozen orange juice, unfermented, Brix value ≤ 20 at 20°C, whether or not containing added sugar or other sweetening matter",9081267.0
202607,200912,"Orange juice, unfermented, Brix value ≤ 20 at 20°C, whether or not containing added sugar or other sweetening matter (excluding containing spirit and frozen)",206647.0
202607,200921,"Grapefruit juice&pomelo juice, unfermented, Brix value ≤ 20 at 20°C, whether or not containing added sugar or other sweetening matter (excluding containing spirit)",849584.0
202607,200929,"Grapefruit juice&pomelo juice, unfermented, Brix value ＞ 20 at 20°C, whether or not containing added sugar or other sweetening matter (excluding containing spirit)",3278830.0
202607,200931,"Single citrus fruit juice, unfermented, Brix value ≤ 20 at 20°C, whether or not containing added sugar or other sweetening matter (excluding containing spirit, mixtures, orange juice and grapefruit juice)",4854568.0
202607,200939,"Single citrus fruit juice, unfermented, Brix value ＞ 20 at 20°C, whether or not containing added sugar or other sweetening matter (excluding containing spirit, mixtures, orange juice and grapefruit juice)",1289178.0
202607,200941,"Pineapple juice, unfermented, Brix value ≤ 20 at 20°C, whether or not containing added sugar or other sweetening matter (excluding containing spirit)",261327.0
202607,200949,"Pineapple juice, unfermented, Brix value ＞ 20 at 20°C, whether or not containing added sugar or other sweetening matter (excluding containing spirit)",186630.0
202607,200950,Tomato juice,98768.0
202607,200961,"Grape juice, incl. grape must, unfermented, Brix value ≤ 30 at 20°C, whether or not containing added sugar or other sweetening matter (excluding containing spirit)",341743.0
202607,200969,Other grape juice,11600099.0
202607,200971,"Apple juice, unfermented, Brix value ≤ 20 at 20°C, whether or not containing added sugar or other sweetening matter (excluding containing spirit)",1463909.0
202607,200979,"Apple juice, unfermented, Brix value ＞ 20 at 20°C, whether or not containing added sugar or other sweetening matter (excluding containing spirit)",107183.0
202607,200981,"Cranberry (Vaccinium macrocarpon, Vaccinium oxycoccos) juice; lingonberry (Vaccinium vitis-idaea) juice",73134.0
202607,200989,"Juice of any other single fruit, nut or vegetable",29265045.0
202607,200990,Mixtures of juices,1891916.0
202607,210111,"Extracts, essences and concentrates, of coffee",29928955.0
202607,210112,"Preparations with a basis of extracts, essences or concentrates of coffee or with a basis of coffee",9744932.0
202607,210120,"Extracts, essences and concentrates, of tea or mate, and preparations with a basis of these extracts, essences or concentrates, or with a basis of tea or maté",221888.0
202607,210130,"Roasted chicory and other roasted coffee substitutes, and extracts, essences and concentrates thereof",184881.0
202607,210210,Active yeasts,1551752.0
202607,210220,Inactive yeasts; other dead single-cell micro-organisms (excluding packaged as medicaments),1321689.0
202607,210230,Prepared baking powders,36440.0
202607,210310,Soya sauce,1825225.0
202607,210320,Tomato ketchup and other tomato sauces,846677.0
202607,210330,Mustard flour and meal and prepared mustard,411047.0
202607,210390,"Preparations for sauces and prepared sauces; mixed condiments and seasonings (excluding soya sauce, tomato ketchup and other tomato sauces, mustard, and mustard flour and meal)",17356161.0
202607,210410,Soups and broths and preparations therefor,248299.0
202607,210420,Homogenised composite food preparations,4426.0
202607,210500,"Ice cream and other edible ice, whether or not containing cocoa.",11891260.0
202607,210610,Protein concentrates and textured protein substances,504135.0
202607,210690,"Food preparations, n.e.s.",513868160.0
202607,220110,"Mineral waters and aerated waters, not containing added sugar, other sweetening matter or flavoured",11945716.0
202607,220190,"Ordinary natural water, not containing added sugar, other sweetening matter or flavoured; ice and snow (excluding mineral waters and aerated waters, sea water, distilled water, conductivity water or water of similar purity)",3096584.0
202607,220210,"Waters, including mineral waters and aerated waters, containing added sugar or other sweetening matter or flavoured",11638963.0
202607,220291,Nonalcoholic beer,818590.0
202607,220299,"Non-alcoholic beverages (excl. water, fruit or vegetable juices, milk and beer)",72878560.0
202607,220300,Beer made from malt.,55928047.0
202607,220410,Sparkling wine,7495462.0
202607,220421,"Wine of fresh grapes, incl. fortified wines, and grape must whose fermentation has been arrested by the addition of alcohol, in containers of ≤ 2 l (excluding sparkling wine)",163902204.0
202607,220422,"Wine of fresh grapes, incl. fortified wines, and grape must whose fermentation has been arrested by the addition of alcohol, in containers of ＞ 2 l but ≤ 10 l (excl. sparkling wine)",223518.0
202607,220429,"Wine of fresh grapes, incl. fortified wines, and grape must whose fermentation has been arrested by the addition of alcohol, in containers of ＞ 2 l (excluding sparkling wine)",2350063.0
202607,220430,"Grape must, of an actual alcoholic strength of ＞ 0,5% vol (excluding grape must whose fermentation has been arrested by the addition of alcohol)",3484.0
202607,220510,"Vermouth and other wine of fresh grapes, flavoured with plants or aromatic substances, in containers of ≤2 l",354585.0
202607,220600,"Other fermented beverages (for example, cider, perry, mead, saké); mixtures of fermented beverages and mixtures of fermented beverages and nonalcoholic beverages, not elsewhere specified or included.",7526160.0
202607,220710,"Undenatured ethyl alcohol, of actual alcoholic strength of ≥ 80%",1488514.0
202607,220720,Denatured ethyl alcohol and other spirits of any strength,884791.0
202607,220820,Spirits obtained by distilling grape wine or grape marc,81837897.0
202607,220830,Whiskies,61467559.0
202607,220840,Rum and other spirits obtained by distilling fermented sugarcane products,1500237.0
202607,220850,Gin and Geneva,2334178.0
202607,220860,Vodka,1020106.0
202607,220870,Liqueurs and cordials,3164399.0
202607,220890,"Ethyl alcohol of an alcoholic strength of ＜ 80% vol, not denatured; spirits and other spirituous beverages (excluding compound alcoholic preparations of a kind used for the manufacture of beverages, spirits obtained by distilling grape wine or grape marc, whiskies, rum and other spirits obtained by distilling fermented sugar-cane products, gin, geneva, vodka, liqueurs and cordials)",50970221.0
202607,220900,Vinegar and substitutes for vinegar obtained from acetic acid.,955983.0
202607,230110,"Flours, meals and pellets, of meat or offal, unfit for human consumption; greaves",37482838.0
202607,230120,"Flours, meals and pellets of fish or crustaceans, molluscs or other aquatic invertebrates, unfit for human consumption",257704431.0
202607,230230,"Bran, sharps and other residues of rice, whether or not in the form of pellets, derived from sifting, milling or other working",89175227.0
202607,230240,"Bran, sharps and other residues of wheat, whether or not in the form of pellets, derived from sifting, milling or other working",74014439.0
202607,230310,Residues of starch manufacture and similar residues,353820.0
202607,230320,"Beetpulp, bagasse and other waste of sugar manufacture",556494.0
202607,230400,"Oilcake and other solid residues, whether or not ground or in the form of pellets, resulting from the extraction of soyabean oil.",5841324.0
202607,230500,"Oilcake and other soli residues, whether or not ground or in the form of pellets, resulting from the extraction of groundnut oil.",120133.0
202607,230620,"Oilcake and other solid residues, whether or not ground or in the form of pellets, resulting from the extraction of linseed",9020.0
202607,230630,"Oilcake and other solid residues, whether or not ground or in the form of pellets, resulting from the extraction of sunflower seeds",84385824.0
202607,230641,"Oilcake and other solid residues, whether or not ground or in the form of pellets, resulting from the extraction of low erucic acid rape or colza seeds",112135391.0
202607,230649,"Oilcake and other solid residues, whether or not ground or in the form of pellets, resulting from the extraction of high erucic acid rape or colza seeds",15201975.0
202607,230650,"Oilcake and other solid residues, whether or not ground or in the form of pellets, resulting from the extraction of coconut or copra",2908192.0
202607,230660,"Oilcake and other solid residues, whether or not ground or in the form of pellets, resulting from the extraction of palm nuts or kernels",16103646.0
202607,230690,"Oilcake and other solid residues, whether or not ground or in the form of pellets, resulting from the extraction of vegetable or microbial fats or oils (excluding of cotton seeds, linseed, sunflower seeds, rape or colza seeds, coconut or copra, palm nuts or kernels, or from the extraction of soya-bean oil or groundnut oil)",1241268.0
202607,230800,"Vegetable materials and vegetable waste, vegetable residues and byproducts, whether or not in the form of pellets, of a kind used in animal feeding, not elsewhere specified or included.",1240507.0
202607,230910,"Dog or cat food, put up for retail sale",36226575.0
202607,230990,Preparations of a kind used in animal feeding (excluding dog or cat food put up for retail sale),30140271.0
202607,240110,"Tobacco, not stemmed/stripped",3144160.0
202607,240120,"Tobacco, partly or wholly stemmed/stripped",20815402.0
202607,240210,"Cigars, cheroots and cigarillos, containing tobacco",955510.0
202607,240220,Cigarettes containing tobacco,32273123.0
202607,240319,"Smoking tobacco, whether or not containing tobacco substitutes in any proportion (excluding water-pipe tobacco containing tobacco)",20147.0
202607,240399,"Chewing tobacco, snuff and other manufactured tobacco and manufactured tobacco substitutes, and tobacco powder, tobacco extracts and essences (excluding cigars, cheroots, cigarillos and cigarettes, smoking tobacco whether or not containing tobacco substitutes in any proportion, homogenised"" or ""reconstituted"" tobacco, nicotine extracted from the tobacco plant and insecticides manufactured from tobacco extracts and essences)""",128000.0
202607,240412,"Other procucts containing nicotine, intended for inhalation without combustion",11241371.0
202607,240419,Other procucts intended for inhalation without combustion,164130.0
202607,240491,Products containing nicotine for oral application,2077.0
202607,250100,"Salts, incl. table salt and denatured salt, and pure sodium chloride, whether or not in aqueous solution or containing added anti-caking or free-flowing agents; sea water",31810042.0
202607,250200,Unroasted iron pyrites.,323577388.0
202607,250300,"Sulphur of all kinds (excluding sublimed sulphur, precipitated sulphur and colloidal sulphur)",397663644.0
202607,250410,Natural graphite in powder or in flakes,4498534.0
202607,250490,Natural graphite (excluding in powder or in flakes),158764.0
202607,250510,"Silica sands and quartz sands, whether or not coloured",11147053.0
202607,250590,"Natural sands of all kinds, whether or not coloured (excluding silica sands, quartz sands, gold- and platinum-bearing sands, zircon, rutile and ilmenite sands, monazite sands, and tar or asphalt sands)",1384121.0
202607,250610,Quartz (excluding quartz sands),28675237.0
202607,250620,"Quartzite, merely cut, by sawing or otherwise, in blocks or slabs of a square or rectangular shape",13292739.0
202607,250700,"Kaolin and other kaolinic clays, whether or not calcined",12246124.0
202607,250810,Bentonite,1547365.0
202607,250830,Fireclay,63989.0
202607,250840,Other clays,2420203.0
202607,250850,"Andalusite, kyanite and sillimanite",1427082.0
202607,250860,Mullite,466729.0
202607,250870,Chamotte or dinas earths,177617.0
202607,250900,Chalk.,142261.0
202607,251010,"Natural calcium phosphates and natural aluminium calcium phosphates, natural and phosphatic chalk, unground",898733.0
202607,251020,"Natural calcium phosphates and natural aluminium calcium phosphates, natural and phosphatic chalk, ground",580241.0
202607,251110,Natural barium sulphate (barytes),1789571.0
202607,251200,"Siliceous fossil meals, e.g. kieselguhr, tripolite and diatomite, and similar siliceous earths, whether or not calcined, of an apparent specific gravity of 2 or less.",297384.0
202607,251310,Pumice stone,713800.0
202607,251320,"Emery, natural corundum, natural garnet and other natural abrasives",304825.0
202607,251511,Crude or roughly trimmed,4858826.0
202607,251512,"Marble and travertine, merely cut, by sawing or otherwise, into blocks or slabs of a square or rectangular shape",87801029.0
202607,251520,Ecaussine and other calcareous monumental or building stone;alabaster,6235825.0
202607,251611,Crude or roughly trimmed,50722261.0
202607,251612,"Merely cut, by sawing or otherwise, into blocks or slabs of a rectangular (including square) shape",41177972.0
202607,251620,Sandstone,2608193.0
202607,251690,Other monumental or building stone,2350915.0
202607,251710,"Pebbles, gravel, broken or crushed stone, of a kind commonly used for concrete aggregates, for road metalling or for railway or other ballast, shingle and flint, whether or not heattreated",696425.0
202607,251741,"Marble granules, chippings and powder, whether or not heat-treated",438458.0
202607,251749,"Granules, chippings and powder, whether or not heat-treated, of travertine, ecaussine, alabaster, basalt, granite, sandstone, porphyry, syenite, lava, gneiss, trachyte and other rocks of heading 2515 and 2516 (excluding marble)",104912.0
202607,251810,"Dolomite, not calcined or sintered",3412658.0
202607,251820,Calcined or sintered dolomite,858.0
202607,251910,Natural magnesium carbonate (magnesite),334757.0
202607,251990,"Fused magnesia; dead-burned sintered"" magnesia, whether or not containing small quantities of other oxides added before sintering; other magnesium oxide (excluding natural magnesium carbonate ""magnesite"")""",4139409.0
202607,252010,Gypsum; anhydrite,2781167.0
202607,252020,Plasters,994261.0
202607,252100,"Limestone flux; limestone and other calcareous stone, of a kind used for the manufacture of lime or cement",54189.0
202607,252210,Quicklime,37673.0
202607,252220,Slaked lime,131703.0
202607,252310,Cement clinkers,4098.0
202607,252321,"White cement, whether or not artificially coloured",60744.0
202607,252329,"Portland cement (excluding white, whether or not artificially coloured)",59033.0
202607,252330,Aluminous cement,283329.0
202607,252390,"Cement, whether or not coloured (excluding portland cement and aluminous cement)",19083.0
202607,252490,Asbestos (excluding crocidolite and products made from asbestos),5474483.0
202607,252510,Crude mica and mica rifted into sheets or splittings,8011710.0
202607,252520,Mica powder,372069.0
202607,252610,"Natural steatite and talc, not crushed or powdered",565156.0
202607,252620,"Natural steatite and talc, crushed or powdered",1675987.0
202607,252800,"Natural borates and concentrates thereof (whether or not calcined), but not including borates separated from naturalbrine; natural boric acid containing not more than 85% of H3BO4 calculated on the dry weight.",24361211.0
202607,252910,Feldspar,2688987.0
202607,252921,Containing by weight 97% or less of calcium fluoride,26169742.0
202607,252922,Containing by weight more than 97% of calcium fluoride,2275316.0
202607,252930,Leucite; nepheline and nepheline syenite,160050.0
202607,253010,"Vermiculite, perlite and chlorites, unexpanded",387386.0
202607,253090,"Other mineral substances, n.e.s.",1079406017.0
202607,260111,Nonagglomerated,10661292461.0
202607,260112,Agglomerated iron ore&concentrate(excl.roasted iron pyrites),215034455.0
202607,260120,Roasted iron pyrites,535.0
202607,260200,"Manganese ores and concentrates, including ferruginous manganese ores and concentrates with a manganese content of 21% or more,calculated on the dry weight.",503043455.0
202607,260300,Copper ores and concentrates.,8771203697.0
202607,260400,Nickel ores and concentrates.,416567508.0
202607,260500,Cobalt ores and concentrates.,1016967.0
202607,260600,Aluminium ores and concentrates.,1223517274.0
202607,260700,Lead ores and concentrates.,369176547.0
202607,260800,Zinc ores and concentrates.,611121183.0
202607,260900,Tin ores and concentrates.,285125543.0
202607,261000,Chromium ores and concentrates.,757308072.0
202607,261100,Tungsten ores and concentrates.,126574368.0
202607,261220,Thorium ores and concentrates,9269432.0
202607,261310,Roasted,18427383.0
202607,261390,Molybdenum ores and concentrates (excluding roasted),148072247.0
202607,261400,Titanium ores and concentrates.,76581861.0
202607,261510,Zirconium ores and concentrates,111323911.0
202607,261590,"Niobium, tantalum or vanadium ores and concentrates",85532250.0
202607,261610,Silver ores and concentrates,1284998462.0
202607,261690,Precious-metal ores and concentrates (excluding silver ores and oncentrates),1318800931.0
202607,261710,Antimony ores and concentrates,41657159.0
202607,261790,"Ores and concentrates (excluding iron, manganese, copper, nickel, cobalt, aluminium, lead, zinc, tin, chromium, tungsten, uranium, thorium, molybdenum, titanium, niobium, tantalum, vanadium, zirconium, precious-metal or antimony ores and concentrates)",3070734.0
202607,262190,"Slag and ash, incl. seaweed ash kelp"" (excluding slag, incl. granulated, from the manufacture of iron or steel, ashes and residues containing arsenic, metals or metal compounds and those from the incineration of municipal waste)""",178641.0
202607,270111,Anthracite,166056657.0
202607,270112,Bituminous coal,3013673782.0
202607,270119,Other coal,98756414.0
202607,270210,"Lignite, whether or not pulverised, but not agglomerated",1076014920.0
202607,270220,Agglomerated lignite,1106.0
202607,270300,"Peat (including peat litter), whether or not agglomerated.",11875922.0
202607,270400,"Coke and semicoke of coal, of lignite or of peat, whether or not agglomerated; retort carbon.",4696744.0
202607,270600,"Tar distilled from coal, from lignite or from peat, and other mineral tars, whether or not dehydrated or partially distilled, including reconstituted tars.",13085195.0
202607,270710,Benzol (benzene),17198477.0
202607,270730,Xylol (xylenes),144997.0
202607,270750,Other aromatic hydrocarbon mixtures of which 65% or more by volume (including losses) distils at 250°C by the ISO 3405 method (equivalent to the ASTM D 86 method,2877680.0
202607,270791,Creosote oils,28111.0
202607,270799,"Oils and other products of the distillation of high temperature coal tars; similar products in which the weight of the aromatic constituents exceeds that of the non-aromatic constituents (excluding chemically-defined compounds, benzol benzene"", toluol ""toluene"", xylol ""xylenes"", naphthalene, aromatic hydrocarbon mixtures of subheading 2707.50, and creosote oils)""",3016138.0
202607,270810,Pitch,830404.0
202607,270820,Pitch coke,7758137.0
202607,270900,"Petroleum oils and oils obtained from bituminous minerals, crude.",22782434823.0
202607,271012,Light oils and preparations,953283957.0
202607,271019,"Medium oils and preparations, of petroleum or bituminous minerals, n.e.s.",831287628.0
202607,271020,"Petroleum oils and oils obtained from bituminous minerals (other than crude) and preparations not elsewhere specified or included, containing by weight 70% or more of petroleum oils or of oils obtained from bituminous minerals, these oils being the basic constituents of the preparations, containing biodiesel, other than waste oils",8615449.0
202607,271111,Liquefied natural gas,3897275553.0
202607,271112,Liquefied propane,1901610514.0
202607,271113,Liquefied butanes,402942858.0
202607,271114,"Liquefied ethylene, propylene, butylene and butadiene",8696809.0
202607,271121,Natural gas,1827086271.0
202607,271129,"Hydrocarbons in gaseous state, n.e.s. (excluding natural gas)",152818.0
202607,271210,Petroleum jelly,1167900.0
202607,271220,Paraffin wax containing by weight less than 0.75% of oil,958318.0
202607,271290,"Paraffin wax, microcrystalline petroleum wax, slack wax, ozokerite, lignite wax, peat wax, other mineral waxes, and similar products obtained by synthesis or by other processes, whether or not coloured (excluding petroleum jelly and paraffin wax containing ＜ 0,75% by weight of oil)",8774495.0
202607,271311,"Petroleum coke, non-calcined",443301553.0
202607,271312,"Petroleum coke, calcined",14355663.0
202607,271320,Petroleum bitumen,74179901.0
202607,271490,"Bitumen and asphalt, natural; asphaltites and asphaltic rocks",372978.0
202607,271500,"Bituminous mastics, cut-backs and other bituminous mixtures based on natural asphalt, on natural bitumen, on petroleum bitumen, on mineral tar or on mineral tar pitch(for example, bituminous mastics, cutbacks).",1653927.0
202607,271600,Electrical energy. (optional heading),9239445.0
202607,280110,Chlorine,227671.0
202607,280120,Iodine,67488161.0
202607,280130,Fluorine; bromine,34350234.0
202607,280200,"Sulphur, sublimed or precipitated; colloidal sulphur.",75742.0
202607,280300,Carbon (carbon blacks and other forms of carbon not elsewhere specified or included).,48615558.0
202607,280410,Hydrogen,171.0
202607,280421,Argon,21637.0
202607,280429,Other rare gases,51365888.0
202607,280430,Nitrogen,312558.0
202607,280440,Oxygen,85094.0
202607,280450,Boron; tellurium,2299627.0
202607,280461,Containing by weight not less than 99.99% of silicon,22920604.0
202607,280469,Other silicon,93690.0
202607,280470,Phosphorus,775486.0
202607,280480,Arsenic,390640.0
202607,280490,Selenium,1273446.0
202607,280511,Sodium,36.0
202607,280519,Alkali or alkaline-earth metals (excluding sodium and calcium),33064.0
202607,280530,"Rareearth metals, scandium and yttrium, whether or not intermixed or interalloyed",4271.0
202607,280610,Hydrogen chloride (hydrochloric acid),787126.0
202607,280700,Sulphuric acid; oleum.,782564.0
202607,280800,Nitric acid; sulphonitric acids.,3033775.0
202607,280910,Diphosphorus pentaoxide,288.0
202607,280920,Phosphoric acid and polyphosphoric acids,5491757.0
202607,281000,Oxides of boron; boric acids.,28647755.0
202607,281111,Hydrogen fluoride (hydrofluoric acid),2142460.0
202607,281119,"Inorganic acids (excluding hydrogen chloride hydrochloric acid"", chlorosulphuric acid, sulphuric acid, oleum, nitric acid, sulphonitric acids, phosphoric acid, polyphosphoric acids, boric acids and hydrogen fluoride ""hydrofluoric acid"")""",21746724.0
202607,281121,Carbon dioxide,891138.0
202607,281122,Silicon dioxide,19443357.0
202607,281129,"Inorganic oxygen compounds of non-metals (excluding diphosphorus pentaoxide, oxides of boron, carbon dioxide and silicon dioxide)",2284402.0
202607,281217,Thionyl chloride,767897.0
202607,281219,"Chlorides and chloride oxides (excl. carbonyl dichloride (phosgene), phosphorus oxy-, tri- and pentachloride, sulphur monochloride, sulphur dichloride and thionyl chloride)",3500935.0
202607,281290,Halides and halide oxides of non-metals (excluding chlorides and chloride oxides),815881.0
202607,281390,Sulphides of non-metals (excluding carbon disulphide); commercial phosphorus trisulphide,774502.0
202607,281410,Anhydrous ammonia,334668.0
202607,281420,Ammonia in aqueous solution,434536.0
202607,281511,Solid,757485.0
202607,281512,In aqueous solution (soda lye or liquid soda),280095.0
202607,281520,Potassium hydroxide (caustic potash),193345.0
202607,281530,Peroxides of sodium or potassium,10696.0
202607,281610,Hydroxide and peroxide of magnesium,408550.0
202607,281640,"Oxides, hydroxides and peroxides, of strontium or barium",305.0
202607,281700,Zinc oxide; zinc peroxide.,925652.0
202607,281810,"Artificial corundum, whether or not chemically defined",926808.0
202607,281820,"Aluminium oxide, other than artificial corundum",142545577.0
202607,281830,Aluminium hydroxide,7138107.0
202607,281910,Chromium trioxide,524591.0
202607,281990,Chromium oxides and hydroxides (excluding chromium trioxide),3632849.0
202607,282010,Manganese dioxide,32771.0
202607,282090,Manganese oxides (excluding manganese dioxide),1958694.0
202607,282110,Iron oxides and hydroxides,6843344.0
202607,282120,Earth colours,90418.0
202607,282200,Cobalt oxides and hydroxides; commercial cobalt oxides.,1158743.0
202607,282300,Titanium oxides.,2825309.0
202607,282410,"Lead monoxide (litharge, massicot)",779.0
202607,282510,Hydrazine and hydroxylamine and their inorganic salts,8073995.0
202607,282520,Lithium oxide and hydroxide,162908661.0
202607,282530,Vanadium oxides and hydroxides,580927.0
202607,282540,Nickel oxides and hydroxides,6705526.0
202607,282550,Copper oxides and hydroxides,16655933.0
202607,282560,Germanium oxides and zirconium dioxide,582959.0
202607,282570,Molybdenum oxides and hydroxides,8750090.0
202607,282580,Antimony oxides,26475.0
202607,282590,"Bases, inorganic, and metal oxides, hydroxides and peroxides, n.e.s.",16775398.0
202607,282612,Fluoride of aluminium,144762.0
202607,282619,Fluorides (excluding of aluminium and mercury),10118354.0
202607,282630,Sodium hexafluoroaluminate (synthetic cryolite),127701.0
202607,282690,"Fluorosilicates, fluoroaluminates and other complex fluorine salts (excluding sodium hexafluoroaluminate synthetic cryolite"" and inorganic or organic compounds of mercury)""",2279131.0
202607,282710,Ammonium chloride,55492.0
202607,282720,Calcium chloride,115795.0
202607,282731,Chlorides of magnesium,74630.0
202607,282732,Chlorides of aluminium,62568.0
202607,282735,Chlorides of nickel,165025.0
202607,282739,"Chlorides (excluding ammonium, calcium, magnesium, aluminium, nickel and mercury chloride)",18796835.0
202607,282749,Chloride oxides and chloride hydroxides (excluding copper and mercury),1075116.0
202607,282751,Bromides of sodium or of potassium,4112936.0
202607,282759,"Bromides and bromide oxides (excluding of sodium, potassium and mercury)",3170785.0
202607,282760,Hypochlorites; commercial calcium hypochlorite; chlorites; hypobromites,6207518.0
202607,282890,"Hypochlorites, chlorites and hypobromites (excluding calcium hypochlorites)",385716.0
202607,282990,Perchlorates; bromates and perbromates; iodates and periodates (excluding inorganic or organic compounds of mercury),46142.0
202607,283010,Sodium sulphides,28418.0
202607,283090,"Sulphides (excluding sodium); polysulphides, whether or not chemically defined (excluding inorganic or organic compounds of mercury whether or not chemically defined)",20711164.0
202607,283110,Dithionite and sulfoxylate of sodium,919451.0
202607,283190,Dithionites and sulfoxylates (excluding sodium),110991.0
202607,283210,Sodium sulphites,268178.0
202607,283220,Sulphites (excluding sodium),15175.0
202607,283230,Thiosulphates,12436.0
202607,283311,Disodium sulphate,172392.0
202607,283319,Sodium sulphates (excluding disodium),9209.0
202607,283321,Sulphate of magnesium,88631.0
202607,283322,Sulphate of aluminium,19962.0
202607,283324,Sulphate of nickel,76811127.0
202607,283325,Sulphate of copper,1900486.0
202607,283327,Sulphate of barium,511723.0
202607,283329,"Sulphates (excluding of sodium, magnesium, aluminium, nickel, copper, barium and mercury)",180605490.0
202607,283330,Alums,25014.0
202607,283340,Peroxosulphates (persulphates),37065.0
202607,283410,Nitrites,672.0
202607,283421,Nitrate of potassium,110984.0
202607,283429,Nitrates (excluding of potassium and of mercury),935735.0
202607,283510,Phosphinates (hypophosphites) and phosphonates (phosphites),485875.0
202607,283522,Mono- or disodium phosphate,586028.0
202607,283524,Phosphates of potassium,525162.0
202607,283525,Calcium hydrogenorthophosphate (ìdicalcium phosphate?),506148.0
202607,283526,Other phosphates of calcium,1269069.0
202607,283529,"Phosphates (excluding phosphates of monosodium, disodium, potassium, calcium and mercury)",287922.0
202607,283531,Sodium triphosphate (sodium tripolyphosphate),213707.0
202607,283539,"Polyphosphates, whether or not chemically defined (excluding sodium triphosphate sodium tripolyphosphate"", and inorganic or organic compounds of mercury whether or not chemically defined)""",643578.0
202607,283620,Disodium carbonate,4963997.0
202607,283630,Sodium hydrogencarbonate (sodium bicarbonate),3060997.0
202607,283640,Potassium carbonates,329739.0
202607,283650,Calcium carbonate,1841786.0
202607,283660,Barium carbonate,1601656.0
202607,283691,Lithium carbonates,525795420.0
202607,283692,Strontium carbonate,2695154.0
202607,283699,"Carbonates and peroxocarbonates percarbonates""; commercial ammonium carbonate containing ammonium carbamate (excluding disodium carbonate, sodium hydrogencarbonate ""sodium bicarbonate"", potassium carbonates, calcium carbonate, barium carbonate, lithium carbonates, strontium carbonate and inorganic or organic compounds of mercury)""",1771927.0
202607,283719,Cyanides and cyanide oxides (excluding sodium and mercury),1489559.0
202607,283720,Complex cyanides,849588.0
202607,283911,Sodium metasilicates,2244.0
202607,283919,"Silicates of sodium, incl. commercial silicates (excluding sodium metasilicates)",270237.0
202607,283990,"Silicates, incl. commercial alkali metal silicates (excluding sodium silicates)",2478915.0
202607,284011,Anhydrous,1685586.0
202607,284019,"Disodium tetraborate refined borax"" (excluding anhydrous)""",43434480.0
202607,284020,"Borates (excluding disodium tetraborate refined borax"")""",401112.0
202607,284130,Sodium dichromate,201104.0
202607,284150,Other chromates and dichromates; peroxochromates,283.0
202607,284161,Potassium permanganate,161.0
202607,284169,"Manganites, manganates and permanganates (excluding potassium permanganate)",100.0
202607,284170,Molybdates,4074922.0
202607,284180,Tungstates (wolframates),1320185.0
202607,284190,"Salts of oxometallic or peroxometallic acids (excluding chromates, dichromates, peroxochromates, manganites, manganates, permanganates, molybdates and tungstates wolframamtes"")""",14201614.0
202607,284210,"Double or complex silicates, including aluminosilicates whether or not chemically defined",9166742.0
202607,284290,"Salts of inorganic acids or peroxoacids (excluding of oxometallic or peroxometallic acids, double or complex silicates [incl. aluminosilicates whether or not chemically defined], azides, and inorganic or organic compounds of mercury)",284305661.0
202607,284310,Colloidal precious metals,123827.0
202607,284321,Silver nitrate,117126.0
202607,284329,"Silver compounds, inorganic or organic, whether or not chemically defined (excluding of mercury and silver nitrate)",375503.0
202607,284330,Gold compounds,622583.0
202607,284390,"Inorganic or organic compounds of precious metals, whether or not chemically defined (excluding silver and gold); amalgams of precious metals",24791810.0
202607,284410,"Natural uranium and its compounds; alloys, dispersions (including cermets), ceramic products and mixtures containing natural uranium or natural uranium compounds",472975051.0
202607,284420,"Uranium enriched in U 235 and its compounds; plutonium and its compounds; alloys, dispersions (including cermets), ceramic products and mixtures containing uranium enriched in U 235, plutonium or compounds of these products",64142.0
202607,284441,"Tritium and its compounds; alloys, dispersions (including cermets), ceramic products and mixtures containing tritium or its compounds",293427.0
202607,284442,"Actinium-225, actinium-227, californium-253, curium-240, curium-241, curium-242, curium-243, curium-244, einsteinium-253, einsteinium-254, gadolinium-148, polonium-208, polonium-209, polonium-210, radium-223, uranium-230 or uranium-232, and their compounds; alloys, dispersions (including cermets), ceramic products and mixtures containing these elements or compounds",752532.0
202607,284443,"Other radioactive elements and isotopes and compounds; other alloys, dispersions (including cermets), ceramic products and mixtures containing these elements, isotopes or compounds",12167903.0
202607,284510,Heavy water (deuterium oxide),2562461.0
202607,284530,Lithium enriched in lithium-6 and its compounds,14102.0
202607,284590,"Non-radioactive isotopes; inorganic or organic compounds of such isotopes, whether or not chemically defined (excluding heavy water deuterium oxide"")""",21034726.0
202607,284610,Cerium compounds,591209.0
202607,284690,"Compounds, inorganic or organic, of rare-earth metals, of yttrium or of scandium or of mixtures of these metals (excluding cerium)",174798258.0
202607,284700,"Hydrogen peroxide, whether or not solidified with urea.",1307936.0
202607,284920,"Carbides of silicon, whether or not chemically defined",1566446.0
202607,284990,"Carbides, whether or not chemically defined (excluding of calcium or silicon, and inorganic or organic compounds of mercury whether or not chemically defined)",369491.0
202607,285000,"Hydrides, nitrides, azides, silicides and borides, whether or not chemically defined, other than compounds which are also carbides of heading 28.49.",10012372.0
202607,285210,Chemically defined,6916.0
202607,285390,"Phosphides, whether or not chemically defined (excl. ferrophosphorus); inorganic compounds, incl. distilled or conductivity water and water of similar purity, n.e.s.; liquid air, whether or not rare gases have been removed; compressed air; amalgams (excl. amalgams of precious metals)",8642286.0
202607,290110,Saturated acyclic hydrocarbons,677754222.0
202607,290121,Ethylene,116516006.0
202607,290122,Propene (propylene),173059443.0
202607,290123,Butene (butylene) and isomers thereof,1604779.0
202607,290124,"Buta1,3diene and isoprene",32127855.0
202607,290129,"Hydrocarbons, acyclic, unsaturated (excluding ethylene, propene propylene"", butene ""butylene"" and isomers thereof and Buta-1,3-diene and isoprene)""",24002091.0
202607,290211,Cyclohexane,4371.0
202607,290219,"Cyclanes, cyclenes and cycloterpenes (excluding cyclohexane)",8515614.0
202607,290220,Benzene,371131802.0
202607,290230,Toluene,1884.0
202607,290241,oXylene,3297.0
202607,290242,mXylene,3412131.0
202607,290243,pXylene,555203386.0
202607,290244,Mixed xylene isomers,180.0
202607,290250,Styrene,4760451.0
202607,290260,Ethylbenzene,851.0
202607,290270,Cumene,28129961.0
202607,290290,"Cyclic hydrocarbons (excluding cyclanes, cyclenes, benzene, toluene, xylenes, styrene, ethylbenzene and cumene)",4079397.0
202607,290311,Chloromethane (methyl chloride) and chloroethane (ethyl chloride),19824.0
202607,290312,Dichloromethane (methylene chloride),37261.0
202607,290313,Chloroform (trichloromethane),799608.0
202607,290315,"Ethylene dichloride (ISO) (1,2dichloroethane)",4178981.0
202607,290319,"Saturated chlorinated derivatives of acyclic hydrocarbons (excluding chloromethane [methyl chloride], chloroethane [ethyl chloride], dichloromethane [methylene chloride], chloroform [trichloromethane], carbon tetrachloride and ethylene dichloride [ISO] [1,2 dichloroethane])",61255.0
202607,290321,Vinyl chloride (chloroethylene),21274653.0
202607,290323,Tetrachloroethylene (perchloroethylene),1412603.0
202607,290329,"Unsaturated chlorinated derivatives of acyclic hydrocarbons (excluding vinyl chloride chloroethylene"", trichloroethylene and tetrachloroethylene ""perchloroethylene"")""",126473.0
202607,290341,Trifluoromethane (HFC-23),114523.0
202607,290342,Difluoromethane (HFC-32),730878.0
202607,290343,"Fluoromethane (HFC-41), 1,2-difluoroethane (HFC-152) and 1,1-difluoroethane (HFC-152a)",722258.0
202607,290345,"1,1,1,2-Tetrafluoroethane (HFC-134a) and 1,1,2,2-tetrafluoroethane (HFC-134)",109281.0
202607,290346,"1,1,1,2,3,3,3-Heptafluoropropane (HFC-227ea), 1,1,1,2,2,3-hexafluoropropane (HFC-236cb), 1,1,1,2,3,3-hexafluoropropane (HFC-236ea) and 1,1,1,3,3,3-hexafluoropropane (HFC-236fa)",2916862.0
202607,290349,Other saturated fluorinated derivatives of acyclic hydrocarbons,46451.0
202607,290351,"2,3,3,3-Tetrafluoropropene (HFO-1234yf), 1,3,3,3-tetrafluoropropene (HFO-1234ze) and (Z)-1,1,1,4,4,4-hexafluoro-2-butene (HFO-1336mzz)",7291370.0
202607,290359,Other unsaturated fluorinated derivatives of acyclic hydrocarbons,8567252.0
202607,290369,Other brominated or iodinated derivatives of acyclic hydrocarbons,744693.0
202607,290377,Other perhalogenated derivatives only with fluorine and chlorine,50.0
202607,290378,Other perhalogenated derivatives,563160.0
202607,290379,"Halogenated derivatives of acyclic hydrocarbons containing two or more different halogens (excluding perhalogenated, and chlorodifluoromethane, dichlorotrifluoroethanes, dichlorofluoroethanes, chlorodifluoroethanes, dichloropentafluoropropanes, bromochlorodifluoromethane, bromotrifluoromethane and dibromotetrafluoroethanes)",721190.0
202607,290381,"1,2,3,4,5,6Hexachlorocyclohexane (HCH (ISO)), including lindane (ISO, INN)",253.0
202607,290389,"Halogenated derivatives of cyclanic, cyclenic or cycloterpenic hydrocarbons (excluding 1,2,3,4,5,6-Hexachlorocyclohexane HCH [ISO]"", lindane [ISO, INN], aldrin [ISO], chlordane [ISO] and heptachlor [ISO)])""",1100356.0
202607,290391,"Chlorobenzene, odichlorobenzene and pdichlorobenzene",513388.0
202607,290399,"Halogenated derivatives of aromatic hydrocarbons (excluding chlorobenzene, o-dichlorobenzene, p-dichlorobenzene, hexachlorobenzene [ISO] and DDT [ISO] clofenotane [INN], 1,1,1-trichloro-2,2-bis[p-chlorophenyl]ethane"")""",6109206.0
202607,290410,"Derivatives containing only sulpho groups, their salts and ethyl esters",4780995.0
202607,290420,Derivatives containing only nitro or only nitroso groups,532492.0
202607,290499,"Sulphonated, nitrated or nitrosated derivatives of hydrocarbons, whether or not halogenated (excl. those containing only sulpho, nitro or nitroso groups, trichloronitromethane chloropicrin"", perfluorooctane sulphonic acid and its salts, perfluorooctane sulphonyl fluoride and esters of glycerol formed with acid-function compounds)""",3526030.0
202607,290511,Methanol (methyl alcohol),317505046.0
202607,290512,Propan1ol (propyl alcohol) and propan2ol (isopropyl alcohol),5975674.0
202607,290513,Butan1ol (nbutyl alcohol),1900.0
202607,290514,Other butanols,1285562.0
202607,290516,Octanol (octyl alcohol) and isomers thereof,12557396.0
202607,290517,"Dodecan1ol (lauryl alcohol), hexadecan1ol (cetyl alcohol) and octadecan1ol (stearyl alcohol)",13150397.0
202607,290519,"Saturated monohydric acyclic alcohols (excluding methanol methyl alcohol"", propan-1-ol ""propyl alcohol"", propan-2-ol ""isopropyl alcohol"", butanols, octanol ""octyl alcohol"" and isomers thereof, dodecan-1-ol ""lauryl alcohol"", hexadecan-1-ol ""cetyl alcohol"" and octadecan-1-ol ""stearyl alcohol"")""",19033989.0
202607,290522,Acyclic terpene alcohols,2409081.0
202607,290529,Unsaturated monohydric acyclic alcohols (excluding acyclic terpene alcohols),7300369.0
202607,290531,Ethylene glycol (ethanediol),149971842.0
202607,290532,"Propylene glycol (propane1,2diol)",2892368.0
202607,290539,"Diols (excluding ethylene glycol ethanediol"" and propylene glycol ""propane-1,2-diol"")""",14372799.0
202607,290541,"2Ethyl2(hydroxymethyl)propane1,3diol (trimethylolpropane)",70660.0
202607,290542,Pentaerythritol,679330.0
202607,290543,Mannitol,1393191.0
202607,290544,Dglucitol (sorbitol),259195.0
202607,290545,Glycerol,76472441.0
202607,290549,"Tri- and other polyhydric acyclic alcohols (excluding 2-ethyl-2-hydroxymethyl"" propane-1,3-diol ""trimethylolpropane"", pentaerythritol, mannitol, d-glucitol ""sorbitol"" and glycerol)""",33537.0
202607,290559,"Halogenated, sulphonated, nitrated or nitrosated derivatives or acyclic alcohols (excluding ethchlorvynol INN"")""",458298.0
202607,290611,Menthol,9328668.0
202607,290613,Sterols and inositols,1398279.0
202607,290619,"Cyclanic, cyclenic or cycloterpenic alcohols and their halogenated, sulphonated, nitrated or nitrosated derivatives (excluding menthol, cyclohexanol, methylcyclohexanols, dimethylcyclohexanols, sterols and inositols)",2867648.0
202607,290621,Benzyl alcohol,102864.0
202607,290629,"Aromatic cyclic alcohols and their halogenated, sulphonated, nitrated or nitrosated derivatives (excluding benzyl alcohol)",1199926.0
202607,290711,Phenol (hydroxybenzene) and its salts,13995770.0
202607,290712,Cresols and their salts,715414.0
202607,290713,"Octylphenol, nonylphenol and their isomers; salts thereof",1898064.0
202607,290715,Naphthols and their salts,313.0
202607,290719,"Monophenols (excluding phenol hydroxybenzene"" and its salts, cresols and their salts, octylphenol, nonylphenol and their isomers and salts thereof and naphthols and their salts)""",7334891.0
202607,290721,Resorcinol and its salts,212713.0
202607,290722,Hydroquinone (quinol) and its salts,1565340.0
202607,290723,"4,4'Isopropylidenediphenol (bisphenol A, diphenylolpropane) and its salts",1584846.0
202607,290729,"Polyphenols and phenol-alcohols (excluding resorcinol and hydroquinone quinol"" and their salts, and 4,4'-isopropylidenediphenol ""bisphenol A, diphenylolpropane"" and its salts)""",3156014.0
202607,290819,"Derivatives containing only halogen substituents and their salts, of phenols or phenol-alcohols (excluding pentachlorophenol [ISO])",33475036.0
202607,290899,"Halogenated, sulphonated, nitrated or nitrosated derivatives of phenols or phenol-alcohols (excluding derivatives containing only halogen substitutes and their salts, dinoseb [ISO] and its salts, and 4,6-Dinitro-o-cresol [DNOC [ISO]] and its salts)",272472.0
202607,290919,"Acyclic ethers and their halogenated, sulphonated, nitrated or nitrosated derivatives (excluding diethyl ether)",3098041.0
202607,290920,"Cyclanic, cyclenic or cycloterpenic ethers and their halogenated, sulphonated, nitrated or nitrosated derivatives",415572.0
202607,290930,"Aromatic ethers and their halogenated, sulphonated, nitrated or nitrosated derivatives",2708116.0
202607,290941,"2,2'Oxydiethanol (diethylene glycol, digol)",16266962.0
202607,290943,Monobutyl ethers of ethylene glycol or of diethylene glycol,8518059.0
202607,290944,Other monoalkylethers of ethylene glycol or of diethylene glycol,594310.0
202607,290949,"Ether-alcohols and their halogenated, sulphonated, nitrated or nitrosated derivatives (excluding 2,2'-Oxydiethanol diethylene glycol, digol"" and monoalkylethers of ethylene glycol or of diethylene glycol)""",9974915.0
202607,290950,"Etherphenols, etheralcoholphenols and their halogenated, sulphonated, nitrated or nitrosated derivatives",3067811.0
202607,290960,"Alcohol peroxides, ether peroxides, acetal and hemiacetal peroxides, ketone peroxides and their halogenated, sulphonated, nitrated or nitrosated derivatives",2189972.0
202607,291020,Methyloxirane (propylene oxide),16467358.0
202607,291030,"1Chloro2,3epoxypropane (epichlorohydrin)",42329.0
202607,291090,"Epoxides, epoxyalcohols, epoxyphenols and epoxyethers, with a three-membered ring, and their halogenated, sulphonated, nitrated or nitrosated derivatives (excluding oxirane ethylene oxide"", methyloxirane ""propylene oxide"", 1-Chloro-2,3-epoxypropane ""epichlorohydrin"" and dieldrin [ISO] [INN])""",3036672.0
202607,291100,"Acetals and hemiacetals, whether or not with other oxygen function, and their halogenated, sulphonated, nitrated or nitrosated derivatives.",777680.0
202607,291211,Methanal (formaldehyde),11348.0
202607,291212,Ethanal (acetaldehyde),3036.0
202607,291219,"Acyclic aldehydes, without other oxygen function (excluding methanal [formaldehyde] and ethanal [acetaldehyde])",5105127.0
202607,291221,Benzaldehyde,21614.0
202607,291229,"Cyclic aldehydes, without other oxygen function (excluding benzaldehyde)",3406536.0
202607,291241,Vanillin (4hydroxy3methoxybenzaldehyde),154863.0
202607,291242,Ethylvanillin (3ethoxy4hydroxybenzaldehyde),463395.0
202607,291249,"Aldehyde-alcohols, aldehyde-ethers, aldehyde-phenols and aldehydes with other oxygen function (excluding ethylvanillin 3-ethoxy-4-hydroxybenzaldehyde"" and vanillin ""4-hydroxy-3-methoxybenzaldehyde"")""",1325775.0
202607,291250,Cyclic polymers of aldehydes,4953.0
202607,291260,Paraformaldehyde,620139.0
202607,291300,"Halogenated, sulphonated, nitrated or nitrosated derivatives of products of heading 29.12.",418198.0
202607,291411,Acetone,22557549.0
202607,291412,Butanone (methyl ethyl ketone),1050.0
202607,291413,4Methylpentan2one (methyl isobutyl ketone),3040.0
202607,291419,"Acyclic ketones, without other oxygen function (excluding acetone, butanone methyl ethyl ketone"" and 4-Methylpentan-2-one ""Methyl isobutyl ketone"")""",5005512.0
202607,291422,Cyclohexanone and methylcyclohexanones,524927.0
202607,291423,Ionones and methylionones,143265.0
202607,291429,"Cyclanic, cyclenic or cycloterpenic ketones, without other oxygen function (excluding cyclohexanone, methylcyclohexanones, ionones and methylionones)",3395393.0
202607,291439,"Ketones, aromatic, without other oxygen function (excluding phenylacetone [phenylpropan-2-one])",264588.0
202607,291440,Ketonealcohols and ketonealdehydes,285775.0
202607,291450,Ketonephenols and ketones with other oxygen function,1124871.0
202607,291461,Anthraquinone,3618135.0
202607,291462,Coenzyme Q10 (ubidecarenone (INN)),276387.0
202607,291469,Quinones (excluding anthraquinone),3358717.0
202607,291479,"Halogenated, sulphonated, nitrated or nitrosated derivatives of ketones or quinones (excl. chlordecone ISO"" and inorganic or organic compounds of mercury)""",2356103.0
202607,291511,Formic acid,42937.0
202607,291512,Salts of formic acid,130188.0
202607,291513,Esters of formic acid,63966.0
202607,291521,Acetic acid,807591.0
202607,291529,Salts of acetic acid (excluding inorganic or organic compounds of mercury),1786973.0
202607,291531,Ethyl acetate,22511.0
202607,291532,Vinyl acetate,3462585.0
202607,291533,nButyl acetate,1525605.0
202607,291539,"Esters of acetic acid (excluding ethyl, vinyl, n-butyl and dinoseb [ISO] acetates)",2356969.0
202607,291540,"Mono, di or trichloroacetic acids, their salts and esters",572079.0
202607,291550,"Propionic acid, its salts and esters",137072.0
202607,291560,"Butanoic acids, pentanoic acids, their salts and esters",1025050.0
202607,291570,"Palmitic acid, stearic acid, their salts and esters",4988567.0
202607,291590,"Saturated acyclic monocarboxylic acids, their anhydrides, halides, peroxides and peroxyacids; their halogenated, sulphonated, nitrated or nitrosated derivatives (excluding formic acid and acetic acid, mono-, di- or trichloroacetic acids, propionic acid, butanoic and pentanoic acids, palmitic and stearic acids, their salts and esters, and acetic anhydride)",40908458.0
202607,291611,Acrylic acid and its salts,4373377.0
202607,291612,Esters of acrylic acid,10422615.0
202607,291613,Methacrylic acid and its salts,2313724.0
202607,291614,Esters of methacrylic acid,6619564.0
202607,291615,"Oleic, linoleic or linolenic acids, their salts and esters",1001668.0
202607,291619,"Unsaturated acyclic monocarboxylic acids, their anhydrides, halides, peroxides, peroxyacids and halogenated, sulphonated, nitrated or nitrosated derivatives (excluding acrylic acid and its salts and esters, methacrylic acid and its salts and esters, and oleic, linoleic or linolenic acids, their salts and esters, and binapacryl [ISO])",3134373.0
202607,291620,"Cyclanic, cyclenic or cycloterpenic monocarboxylic acids, their anhydrides, halides, peroxides, peroxyacids and their derivatives",667191.0
202607,291631,"Benzoic acid, its salts and esters",418678.0
202607,291632,Benzoyl peroxide and benzoyl chloride,212102.0
202607,291634,Phenylacetic acid and its salts,57.0
202607,291639,"Aromatic monocarboxylic acids, their anhydrides, halides, peroxides, peroxyacids and their halogenated, sulphonated, nitrated or nitrosated derivatives (excluding benzoic acid, its salts and esters, benzoyl peroxide, benzoyl chloride, phenylacetic acid and its salts, and inorganic or organic compounds of mercury whether or not chemically defined)",1504101.0
202607,291711,"Oxalic acid, its salts and esters",266650.0
202607,291712,"Adipic acid, its salts and esters",1112962.0
202607,291713,"Azelaic acid, sebacic acid, their salts and esters",785447.0
202607,291714,Maleic anhydride,223955.0
202607,291719,"Acyclic polycarboxylic acids, their anhydrides, halides, peroxides, peroxyacids and their halogenated, sulphonated, nitrated or nitrosated derivatives (excluding oxalic acid, its salts and esters, adipic acid, its salts and esters, azelaic acid, sebacic acid, their salts and esters, maleic anhydride, and inorganic or organic compounds of mercury)",2288948.0
202607,291720,"Cyclanic, cyclenic or cycloterpenic polycarboxylic acids, their anhydrides, halides, peroxides, peroxyacids and their derivatives",4635508.0
202607,291732,Dioctyl orthophthalates,359703.0
202607,291733,Dinonyl or didecyl orthophthalates,234769.0
202607,291734,Other esters of orthophthalic acid,1355666.0
202607,291735,Phthalic anhydride,434669.0
202607,291736,Terephthalic acid and its salts,267619.0
202607,291737,Dimethyl terephthalate,3787538.0
202607,291739,"Aromatic polycarboxylic acids, their anhydrides, halides, peroxides, peroxyacids and their halogenated, sulphonated, nitrated or nitrosated derivatives (excluding esters of orthophthalic acid, phthalic anhydride, terephthalic acid and its salts and dimethyl terephthalate)",30502927.0
202607,291811,"Lactic acid, its salts and esters",3141391.0
202607,291812,Tartaric acid,170249.0
202607,291813,Salts and esters of tartaric acid,293722.0
202607,291814,Citric acid,243291.0
202607,291815,Salts and esters of citric acid,577541.0
202607,291816,"Gluconic acid, its salts and esters",270731.0
202607,291819,"Carboxylic acids with additional oxygen function and their anhydrides, halides, peroxides and peroxyacids; their halogenated, sulphonated, nitrated or nitrosated derivatives (excluding lactic acid, tartaric acid, citric acid, gluconic acid and their salts and esters, and chlorobenzilate [ISO])",4868186.0
202607,291821,Salicylic acid and its salts,83208.0
202607,291822,"OAcetylsalicylic acid, its salts and esters",7.0
202607,291823,Other esters of salicylic acid and their salts,64712.0
202607,291829,"Carboxylic acids with phenol function but without other oxygen function, their anhydrides, halides, peroxides, peroxyacids and their halogenated, sulphonated, nitrated or nitrosated derivatives (excluding salicylic acid and o-Acetylsalicylic acid, and their salts and esters)",2586756.0
202607,291830,"Carboxylic acids with aldehyde or ketone function but without other oxygen function, their anhydrides, halides, peroxides, peroxyacids and their derivatives",2758370.0
202607,291899,"Carboxylic acids with additional oxygen function and their anhydrides, halides, peroxides and peroxyacids; their halogenated, sulphonated, nitrated or nitrosated derivatives (excluding only with alcohol, phenol, aldehyde or ketone function, and 2,4,5-T [ISO] [2,4,5-trichlorophenoxyacetic acid] and its salts and esters)",3109386.0
202607,291990,"Phosphoric esters and their salts, incl. lactophosphates; their halogenated, sulphonated, nitrated or nitrosated derivatives (excluding tris2,3-dibromopropyl"" phosphate)""",2870749.0
202607,292019,"Thiophosphoric esters phosphorothioates"" and their salts; their halogenated, sulphonated, nitrated or nitrosated derivatives (excluding parathion [ISO] and parathion-methyl [ISO] [methyl-parathion])""",41230.0
202607,292029,"Phosphite esters and their salts; their halogenated, sulphonated, nitrated or nitrosated derivatives (excl. dimethyl, diethyl, trimethyl and triethyl phosphites)",2926612.0
202607,292090,"Esters of other inorganic acids of non-metals and their salts; their halogenated, sulphonated, nitrated or nitrosated derivatives (excluding esters of hydrogen halides, and thiophosphoric esters phosphorothioates"", their salts and their halogenated, sulphonated, nitrated or nitrosated derivatives, and inorganic or organic compounds of mercury))""",3600090.0
202607,292111,"Methylamine, di or trimethylamine and their salts",2474719.0
202607,292119,"Acyclic monoamines and their derivatives; salts thereof (excluding methylamine, dimethylamine, trimethylamine, and their salts)",3329404.0
202607,292121,Ethylenediamine and its salts,1958124.0
202607,292122,Hexamethylenediamine and its salts,536849.0
202607,292129,"Acyclic polyamines and their derivatives; salts thereof (excluding ethylenediamine and hexamethylenediamine, and their salts)",9890027.0
202607,292130,"Cyclanic, cyclenic or cycloterpenic mono or polyamines, and their derivatives; salts thereof",1079541.0
202607,292141,Aniline and its salts,531.0
202607,292142,Aniline derivatives and their salts,4390628.0
202607,292143,Toluidines and their derivatives; salts thereof,697587.0
202607,292144,Diphenylamine and its derivatives; salts thereof,229097.0
202607,292145,"1Naphthylamine (alphanaphthylamine), 2naphthylamine (betanaphthylamine) and their derivatives; salts thereof",583923.0
202607,292149,"Aromatic monoamines and derivatives; salts thereof (excluding aniline, toluidines, diphenylamine, 1-naphthylamine alpha-naphthylamine"", 2-naphthylamine ""beta-naphthylamine"" and their derivatives, and salts thereof, and amfetamine ""INN"", benzfetamine ""INN"", dexamfetamine ""INN"", etilamfetamine ""INN"", fencamfamine ""INN"", lefetamine ""INN"", levamfetamine ""INN"", mefenorex ""INN"" and phentermine ""INN"", and salts thereof)""",4702280.0
202607,292151,"o-, m-, p-Phenylenediamine, diaminotoluenes, and their derivatives; salts thereof",678214.0
202607,292159,"Aromatic polyamines and their derivatives; salts thereof (excluding o-phenylenediamine, m-phenylenediamine, p-phenylenediamine or diaminotoluenes and their derivatives, and salts thereof)",1622870.0
202607,292211,Monoethanolamine and its salts,2882910.0
202607,292212,Diethanolamine and its salts,3385920.0
202607,292215,Triethanolamine,2428207.0
202607,292219,"Amino-alcohols, their ethers and esters; salts thereof (other than those containing ＞ one kind of oxygen function and excluding monoethanolamine, diethanolamine, triethanolamine, dextropropoxyphene INN"", and salts thereof)""",12944360.0
202607,292221,Aminohydroxynaphthalenesulphonic acids and their salts,1433131.0
202607,292229,"Amino-naphthols and other amino-phenols, their ethers and esters; salts thereof (excluding those containing ＞ one kind of oxygen function; aminohydroxynaphthalenesulphonic acids and their salts)",2835016.0
202607,292239,"Amino-aldehydes, amino-ketones and amino-quinones; salts thereof (excluding those containing ＞ one kind of oxygen function, and amfepramone INN"", methadone ""INN"" and normethadone ""INN"", and salts thereof)""",51330.0
202607,292241,Lysine and its esters; salts thereof,1786.0
202607,292242,Glutamic acid and its salts,307542.0
202607,292243,Anthranilic acid and its salts,770.0
202607,292249,"Amino-acids and their esters; salts thereof (excluding those with ＞ one kind of oxygen function, lysine and its esters, and salts thereof, and glutamic acid, anthranilic acid, tilidine INN"", and salts thereof)""",8883297.0
202607,292250,"Aminoalcoholphenols, aminoacidphenols and other aminocompounds with oxygen function",4869868.0
202607,292310,Choline and its salts,333043.0
202607,292320,Lecithins and other phosphoaminolipids,4700243.0
202607,292390,Quaternary ammonium salts and hydroxides (excluding choline and its salts),4259747.0
202607,292419,"Acyclic amides, incl. acyclic carbamates, and their derivatives, and salts thereof (excluding meprobamate [INN], fluoroacetamide [ISO], monocrotophos [ISO] and phosphamidon [ISO])",9273041.0
202607,292421,Ureides and their derivatives; salts thereof,356362.0
202607,292429,"Cyclic amides, incl. cyclic carbamates, and their derivatives; salts thereof (excluding ureines and their derivatives, salts thereof, 2-acetamidobenzoic acid N-acetylanthranilic acid"" and its salts and ethinamate ""INN"")""",44916853.0
202607,292511,Saccharin and its salts,126961.0
202607,292519,"Imides and their derivatives; salts thereof (excluding saccharin and its salts, glutethimide [INN] and inorganic or organic compounds of mercury)",3441218.0
202607,292529,Imines and their derivatives; salts thereof (excluding chlordimeform [ISO]),13866081.0
202607,292610,Acrylonitrile,3111287.0
202607,292620,1Cyanoguanidine (dicyandiamide),511387.0
202607,292690,"Nitrile-function compounds (excluding acrylonitrile, 1-cyanoguanidine dicyandiamide"", fenproporex ""INN"" and its salts, and methadone ""INN""-intermediate ""4-cyano-2-dimethylamino-4,4-diphenylbutane"")""",6985291.0
202607,292700,"Diazo, azo or azoxycompounds.",2791017.0
202607,292800,Organic derivatives of hydrazine or of hydroxylamine.,2216252.0
202607,292910,Isocyanates,33988272.0
202607,292990,"Compounds with nitrogen function (excluding amine-function compounds; oxygen-function amino-compounds; quaternary ammonium salts and hydroxides; lecithin and other phosphoaminolipids; carboxyamide-function compounds; amide-function compounds of carbonic acid; carboxyimide-function, imine-function or nitrile-function compounds; diazo-, azo- or azoxy-compounds; organic derivatives of hydrazine or of hydroxylamine and isocyanates)",7598215.0
202607,293020,Thiocarbamates and dithiocarbamates,58259.0
202607,293030,"Thiuram mono, di or tetrasulphides",24299.0
202607,293040,Methionine,62309639.0
202607,293090,"Organo-sulphur compounds (excluding thiocarbamates and dithiocarbamates, thiuram mono-, di- or tetrasulphides, methionine, captafol [ISO] and methamidophos [ISO])",35941981.0
202607,293149,Other non-halogenated organo-phosphorous derivatives,2208744.0
202607,293159,Other halogenated organo-phosphorous derivatives,4418.0
202607,293190,"Separate chemically defined organo-inorganic compounds (excluding organo-sulphur compounds and those of mercury, tetramethyl lead, tetraethyl lead and tributyltin compounds)",31194429.0
202607,293211,Tetrahydrofuran,220566.0
202607,293212,2Furaldehyde (furfuraldehyde),4977.0
202607,293213,Furfuryl alcohol and tetrahydrofurfuryl alcohol,14119.0
202607,293214,Sucralose,61065.0
202607,293219,"Heterocyclic compounds with oxygen hetero-atom[s] only, containing an unfused furan ring, whether or not hydrogenated, in the structure (excluding tetrahydrofuran, 2-furaldehyde furfuraldehyde"", furfuryl alcohol and tetrahydrofurfuryl alcohol)""",882298.0
202607,293220,Lactones,7508253.0
202607,293293,Piperonal,190.0
202607,293299,"Heterocyclic compounds with oxygen hetero-atom[s] only (excluding compounds containing unfused furan ring, whether or not hydrogenated, in the structure, and lactones, isosafrole, 1-[1,3-benzodioxol-5-yl]propan-2-one, piperonal, safrole, tetrahydrocannabinols all isomers"", and inorganic or organic compounds of mercury)""",75470033.0
202607,293311,Phenazone (antipyrin) and its derivatives,77590.0
202607,293319,"Heterocyclic compounds with nitrogen hetero-atom[s] only, containing an unfused pyrazole ring, whether or not hydrogenated, in the structure (excluding phenazone antipyrin"" and its derivatives)""",2911534.0
202607,293321,Hydantoin and its derivatives,371247.0
202607,293329,"Heterocyclic compounds with nitrogen hetero-atom[s] only, containing an unfused imidazole ring, whether or not hydrogenated, in the structure (excluding hydantoin and its derivatives, and products of subheading 3002 10)",9794924.0
202607,293331,Pyridine and its salts,1025094.0
202607,293332,Piperidine and its salts,3558.0
202607,293333,"Alfentanil (INN), anileridine (INN), bezitramide (INN), bromazepam (INN), carfentanil (INN), difenoxin (INN), diphenoxylate (INN), dipipanone (INN), fentanyl (INN), ketobemidone (INN), methylphenidate (INN), pentazocine (INN), pethidine (INN), pethidine (INN) intermediate A, phencyclidine (INN) (PCP), phenoperidine (INN), pipradrol (INN), piritramide (INN), propiram (INN), remifentanil (INN) and trimeperidine (INN); salts thereof",1472.0
202607,293339,"Heterocyclic compounds with nitrogen hetero-atom[s] only, containing an unfused pyridine ring, whether or not hydrogenated, in the structure (excluding pyridine, piperidine, alfentanil INN"", anileridine ""INN"", bezitramide ""INN"", bromazepam ""INN"", difenoxin ""INN"", diphenoxylate ""INN"", dipipanone ""INN"", fentanyl ""INN"", ketobemidone ""INN"", methylphenidate ""INN"", pentazocine ""INN"", pethidine ""INN"", pethidine ""INN"" intermediate A, phencyclidine ""INN"" ""PCP"", phenoperidine ""INN"", pipradol ""INN"", piritramide ""INN"", propiram ""INN"", trimeperidine ""INN"", and salts thereof, and inorganic or organic compounds of mercury)""",25437669.0
202607,293349,"Heterocyclic compounds with nitrogen hetero-atom[s] only, containing in the structure a quinoline or isoquinoline ring-system, whether or not hydrogenated, but not further fused (excluding levorphanol INN"" and its salts, and inorganic or organic compounds of mercury)""",3227732.0
202607,293352,Malonylurea (barbituric acid) and its salts,1096.0
202607,293353,"Allobarbital (INN), amobarbital (INN), barbital (INN), butalbital (INN), butobarbital, cyclobarbital (INN), methylphenobarbital (INN), pentobarbital (INN), phenobarbital (INN), secbutabarbital (INN), secobarbital (INN) and vinylbital (INN); salts thereof",1953.0
202607,293354,Other derivatives of malonylurea (barbituric acid); salts thereof,200.0
202607,293359,"Heterocyclic compounds with nitrogen hetero-atom[s] only, containing a pyrimidine ring, whether or not hydrogenated, or piperazine ring in the structure (excluding malonylurea barbituric acid"" and its derivatives, allobarbital ""INN"", amobarbital ""INN"", barbital ""INN"", butalbital ""INN"", butobarbital ""INN"", cyclobarbital ""INN"", methylphenobarbital ""INN"", pentobarbital ""INN"", phenobarbital ""INN"", secbutabarbital ""INN"", secobarbital ""INN"", vinylbital ""INN"", loprazolam ""INN"", mecloqualone ""INN"", methaqualone ""INN"" and zipeprol ""INN"", and salts thereof)""",23815243.0
202607,293361,Melamine,291104.0
202607,293369,"Heterocyclic compounds with nitrogen hetero-atom[s] only, containing an unfused triazine ring, whether or not hydrogenated, in the structure (excluding melamine)",5008173.0
202607,293371,6Hexanelactam (epsiloncaprolactam),236249.0
202607,293379,Other lactams,11232407.0
202607,293391,"Alprazolam (INN), camazepam (INN), chlordiazepoxide (INN), clonazepam (INN), clorazepate, delorazepam (INN), diazepam (INN), estazolam (INN), ethyl loflazepate (INN), fludiazepam (INN), flunitrazepam (INN), flurazepam (INN), halazepam (INN), lorazepam (INN), lormetazepam (INN), mazindol (INN), medazepam (INN), midazolam (INN), nimetazepam (INN), nitrazepam (INN), nordazepam (INN), oxazepam (INN), pinazepam (INN), prazepam (INN), pyrovalerone (INN), temazepam (INN), tetrazepam (INN) and triazolam (INN); salts thereof",236.0
202607,293399,"Heterocyclic compounds with nitrogen hetero-atom[s] only (excluding those containing an unfused pyrazole, imidazole, pyridine or triazine ring, whether or not hydrogenated, a quinoline or isoquinoline ring-system, not further fused, whether or not hydrogenated, a pyrimidine ring, whether or not hydrogenated, or piperazine ring in the structure, and lactams, alprazolam INN"", camazepam ""INN"", chlordiazepoxide ""INN"", clonazepam ""INN"", clorazepate, delorazepam ""INN"", diazepam ""INN"", estazolam ""INN"", ethyl loflazepate ""INN"", fludiazepam ""INN"", flunitrazepam ""INN"", flurazepam ""INN"", halazepam ""INN"", lorazepam ""INN"", lormetazepam ""INN"", mazindol ""INN"", medazepam ""INN"", midazolam ""INN"", nimetazepam ""INN"", nitrazepam ""INN"", nordazepam ""INN"", oxazepam ""INN"", pinazepam ""INN"", prazepam ""INN"", pyrovalerone ""INN"", temazepam ""INN"", tetrazepam ""INN"" and triazolam ""INN"", and salts thereof)""",153483299.0
202607,293410,Compounds containing an unfused thiazole ring (whether or not hydrogenated) in the structure,717440.0
202607,293420,"Compounds containing in the structure a benzothiazole ringsystem (whether or not hydrogenated), not further fused",371747.0
202607,293430,"Compounds containing in the structure a phenothiazine ringsystem (whether or not hydrogenated), not further fused",105743.0
202607,293492,Other fentanyls and their derivatives,103.0
202607,293499,"Nucleic acids and their salts, whether or not chemically defined; heterocyclic compounds (excluding with oxygen only or with nitrogen hetero-atom[s] only, compounds containing in the structure an unfused thiazole ring or a benzothiazole or phenothiazine ring-system, not further fused and aminorex INN"", brotizolam ""INN"", clotiazepam ""INN"", cloxazolam ""INN"", dextromoramide ""INN"", haloxazolam ""INN"", ketazolam ""INN"", mesocarb ""INN"", oxazolam ""INN"", pemoline ""INN"", phendimetrazine ""INN"", phenmetrazine ""INN"", sufentanil ""INN"", and salts thereof, and inorganic or organic compounds of mercury whether or not chemically defined, and products of 3002 10)""",24785933.0
202607,293590,Other sulphonamides,19301494.0
202607,293621,"Vitamins A and their derivatives, unmixed",1349174.0
202607,293622,"Vitamin B1 and its derivatives,unmixed",100631.0
202607,293623,"Vitamin B2 and its derivatives,unmixed",130676.0
202607,293624,"D or DLPantothenic acid (Vitamin B5) and its derivatives,unmixed",682597.0
202607,293625,"Vitamin B6 and its derivatives,unmixed",3354.0
202607,293626,"Vitamin B12 and its derivatives,unmixed",35435.0
202607,293627,"Vitamin C and its derivatives,unmixed",311309.0
202607,293628,"Vitamin E and its derivatives,unmixed",2788570.0
202607,293629,"Other vitamins and their derivatives,unmixed",4300806.0
202607,293690,Other provitamins and vitamins and their derivatives and mixtures,463355.0
202607,293712,Insulin and its salts,7004167.0
202607,293719,"Polypeptide hormones, protein hormones and glycoprotein hormones, their derivatives and structural analogues, used primarily as hormones (excluding somatropin, its derivatives and structural analogues, and insulin and its salts)",137673632.0
202607,293721,"Cortisone, hydrocortisone, prednisone (dehydrocortisone) and prednisolone (dehydrohydrocortisone)",84774.0
202607,293722,Halogenated derivatives of corticosteroidal hormones,54361.0
202607,293723,Oestrogens and progestogens,136730.0
202607,293729,"Steroidal hormones, their derivatives and structural analogues, used primarily as hormones (excluding cortisone, hydrocortisone, prednisone dehydrocortisone"", prednisolone ""dehydrohydrocortisone"", halogenated derivatives of corticosteroidal hormones, oestrogens and progestogens)""",293241.0
202607,293750,"Prostaglandins, thromboxanes and leukotrienes, their derivatives and structural analogues",3196564.0
202607,293790,"Hormones, natural or reproduced by synthesis; derivatives and structural analogues thereof, used primarily as hormones (excluding polypeptide hormones, protein hormones, glycoprotein hormones, steroidal hormones, catecholamine hormones, prostaglandins, thromboxanes and leukotrienes, their derivatives and structural analogues, and amino-acid derivatives, and products of 3002 10)",11557284.0
202607,293890,"Glycosides, natural or reproduced by synthesis, and their salts, ethers, esters and other derivatives (excluding rutoside rutin"" and its derivatives)""",5986939.0
202607,293911,"Concentrates of poppy straw; buprenorphine (INN), codeine, dihydrocodeine (INN), ethylmorphine, etorphine (INN), heroin, hydrocodone (INN), hydromorphone (INN), morphine, nicomorphine (INN), oxycodone (INN), oxymorphone (INN), pholcodine (INN), thebacon (INN) and thebaine; salts thereof",5283484.0
202607,293919,Other alkaloids of opium and their derivatives and salts thereof,47781.0
202607,293920,Alkaloids of cinchona and their derivatives; salts thereof,37633.0
202607,293930,Caffeine and its salts,105.0
202607,293959,"Theophylline and aminophylline theophylline-ethylenediamine"" and their derivatives, and salts thereof (excluding fenetylline ""INN"" and its salts)""",25200.0
202607,293961,Ergometrine (INN) and its salts,500.0
202607,293969,"Alkaloids of rye ergot and their derivatives; salts thereof (excluding lysergic acid, ergotamine and ergometrine, and their salts)",709823.0
202607,293972,"Cocaine, ecgonine; salts, esters and other derivatives thereof",1953.0
202607,293979,"Vegetable alkaloids, natural or reproduced by synthesis, and their salts, ethers, esters and other derivatives (excl. alkaloids of opium, alkaloids of cinchons, theophylline, aminophylline theophylline-ethylenediamine"" alkaloids of rye ergot and their salts and derivatives, cocaine, ecgonine, levometamfetamine, metamfetamine ""INN"", metamfetamine racemate, and salts, esters and other derivatives thereof, caffeine and ephedrines, and their salts)""",1212113.0
202607,293980,"Non-vegetal alkaloids, natural or reproduced by synthesis, and their salts, ethers, esters and other derivatives",13923.0
202607,294000,"Sugars, chemically pure, other than sucrose, lactose, maltose, glucose and fructose; sugar ethers, sugar acetals and sugar esters, and their salts, other than products of heading 29.37, 29.38 or 29.39.",5512605.0
202607,294110,Penicillins and their derivatives with a penicillanic acid structure; salts thereof,351010.0
202607,294130,Tetracyclines and their derivatives; salts thereof,1074934.0
202607,294190,"Antibiotics (excluding penicillins and their derivatives with a penicillanic acid structure, salts thereof, streptomycins, tetracyclines, chloramphenicol and erythromycin, their derivatives and salts thereof)",37341288.0
202607,294200,Other organic compounds,546208.0
202607,300120,Extracts of glands or other organs or of their secretions,235956.0
202607,300190,"Glands and other organs for organo-therapeutic uses, whether or not powdered; heparin and its salts; other human or animal substances prepared for therapeutic or prophylactic uses, n.e.s.",5761923.0
202607,300212,Antisera and other blood fractions,135063980.0
202607,300213,"Immunological products, unmixed, not put up in measured doses or in forms or packings for retail sale",1635198.0
202607,300214,"Immunological products, mixed, not put up in measured doses or in forms or packings for retail sale",29967875.0
202607,300215,"Immunological products, put up in measured doses or in forms or packings for retail sale",1864383447.0
202607,300241,Vaccines for human medicine,49786504.0
202607,300242,Vaccines for veterinary medicine,22762536.0
202607,300249,"Toxins, cultured microorganisms and similar products",82549407.0
202607,300259,Other cell cultures (excl. Cell therapy products),2272102.0
202607,300290,"Human blood; animal blood prepared for therapeutic, prophylactic or diagnostic uses",42305.0
202607,300310,"Medicaments containing penicillins or derivatives thereof, not put up in measured doses",285400.0
202607,300339,"Medicaments containing hormones or steroids used as hormones, not containing antibiotics, not in measured doses or put up for retail sale (excluding those containing insulin)",3092.0
202607,300390,"Medicaments consisting of two or more constituents mixed together for therapeutic or prophylactic uses, not in measured doses or put up for retail sale (excluding antibiotics containing hormones or steroids used as hormones, but not containing antibiotics, alkaloids or derivatives thereof, hormones or antibiotics or goods of heading 3002, 3005 or 3006)",48682160.0
202607,300410,"Medicaments containing penicillins or derivatives thereof, with a penicillanic acid structure, or streptomycins or their derivatives,in forms or packings for retail sale",2547929.0
202607,300420,"Other medicaments containing antibiotics,in forms or packings for retail sale",98981449.0
202607,300431,"Medicaments containing insulin, in forms or packings for retail sale",18299.0
202607,300432,"Medicaments containing corticosteroid hormones, their derivatives or structural analogues,in forms or packings for retail sale",133130522.0
202607,300439,"Medicaments containing hormones or products under heading 39.37,in forms or packings for retail sale,nes",450134342.0
202607,300449,"Medicaments containing other alkaloids or derivatives thereof, in forms or packings for retail sale, nes",44671707.0
202607,300450,"Other medicaments containing vitamins or products under heading 29.36, in forms or packings for retail sale",28253917.0
202607,300460,"Other medicaments containing antimalarial active principles described in Subheading Note 2 to this Chapter, in forms or packings for retail sale",3800.0
202607,300490,"Other Medicaments consisting of mixed or unmixed products for therapeutic or prophylactic uses, in forms or packings for retail sale",1537891344.0
202607,300510,Adhesive dressings and other articles having an adhesive layer,16415512.0
202607,300590,"Wadding, gauze, bandages and the like, e.g. dressings, adhesive plasters, poultices, impregnated or covered with pharmaceutical substances or put up for retail sale for medical, surgical, dental or veterinary purposes (excluding adhesive dressings and other articles having an adhesive layer)",5910440.0
202607,300610,"Sterile surgical catgut, similar sterile suture materials (including sterile absorbable surgical or dental yarns) and sterile tissue adhesives for surgical wound closure; sterile laminaria and sterile laminaria tents; sterile absorbable surgical or dental haemostatics; sterile surgical or dental adhesion barriers, whether or not absorbable",18201145.0
202607,300630,Opacifying preparations for Xray examinations; diagnostic reagents designed to be administered to the patient,33869177.0
202607,300640,Dental cements and other dental fillings; bone reconstruction cements,19228680.0
202607,300650,Firstaid boxes and kits,164922.0
202607,300660,"Chemical contraceptive preparations based on hormones, on other products of heading 29.37 or on spermicides",18141286.0
202607,300670,Gel preparations designed to be used in human or veterinary medicine as a lubricant for parts of the body for surgical operations or physical examinations or as a coupling agent between the body and medical instruments,1530554.0
202607,300691,Appliances identifiable for ostomy use,5021924.0
202607,300693,"Placebos and blinded (or double-blinded) clinical trial kits for a recognised clinical trial, put up in measured doses",12497491.0
202607,310100,"Animal or vegetable fertilisers, whether or not mixed together or chemically treated; fertilisers produced by the mixing or chemical treatment of animal or vegetable products",1331469.0
202607,310210,"Urea, whether or not in aqueous solution",86874.0
202607,310221,Ammonium sulphate,53453.0
202607,310260,Double salts and mixtures of calcium nitrate and ammonium nitrate,66146.0
202607,310280,Mixtures of urea and ammonium nitrate in aqueous or ammoniacal solution,43712.0
202607,310290,"Other, including mixtures not specified in the foregoing subheadings",675865.0
202607,310420,Potassium chloride,455146301.0
202607,310430,Potassium sulphate,3801568.0
202607,310490,"Other mineral or chemical fertilisers, potassic.",2393082.0
202607,310510,Goods of this Chapter in tablets or similar forms or in packages of a gross weight not exceeding 10 kg,585606.0
202607,310520,"Mineral or chemical fertilisers containing the three fertilising elements nitrogen, phosphorus and potassium",64052391.0
202607,310530,Diammonium hydrogenorthophosphate (diammonium phosphate),487.0
202607,310559,"Mineral or chemical fertilisers containing the two fertilising elements nitrogen (excluding nitrate) and phosphorus but not nitrates (excluding ammonium dihydrogenorthophosphate monoammonium phosphate"", diammonium hydrogenorthophosphate ""diammonium phosphate"" in tablets or similar forms, or in packages with a gross weight of ≤ 10 kg)""",640363.0
202607,310560,Mineral or chemical fertilisers containing the two fertilising elements phosphorus and potassium,495101.0
202607,310590,"Mineral or chemical fertilisers containing the two fertilising elements nitrogen and potassium or one principal fertilising substance only, incl. mixtures of animal or vegetable fertilisers with chemical or mineral fertilisers (excluding those in tablets or similar forms, or in packages with a gross weight of ≤ 10 kg)",5806882.0
202607,320110,Synthetic organic tanning substances,1439841.0
202607,320120,Wattle extract,2648259.0
202607,320190,"Tanning extracts of vegetable origin (excluding quebracho extract and wattle extract); tannins and their salts, ethers, esters and other derivatives (excluding organic or inorganic compounds of mercury whether or not chemically defined)",1175359.0
202607,320210,Synthetic organic tanning substances,5825711.0
202607,320290,"Inorganic tanning substances; tanning preparations, whether or not containing natural tanning substances; enzymatic preparations for pre-tanning",2509865.0
202607,320300,"Colouring matter of vegetable or animal origin (including dyeinextracts but excluding animal black), whether or not chemicalldefined; preparations as specified in Note 4 to this Chapter baseon colouring matter of vegetable or animal origin.",3829466.0
202607,320411,Disperse dyes and preparations based thereon,1987759.0
202607,320412,"Acid dyes, whether or not premetallised, and preparations based thereon; mordant dyes and preparations based thereon",11177899.0
202607,320413,Basic dyes and preparations based thereon,1549169.0
202607,320414,Direct dyes and preparations based thereon,1951909.0
202607,320415,Vat dyes (including those usable in that state as pigments) and preparations based thereon,1412792.0
202607,320416,Reactive dyes and preparations based thereon,6434616.0
202607,320417,Pigments and preparations based thereon,30791881.0
202607,320418,Carotenoid colouring matters and preparations based thereon,1116049.0
202607,320419,Other organic colouring matters and preparations based thereon,4757640.0
202607,320420,Synthetic organic products of a kind used as fluorescent brightening agents,647197.0
202607,320490,"Synthetic organic products of a kind used as luminophores, whether or not chemically defined",14411844.0
202607,320500,Colour lakes; preparations as specified in Note 3 to this Chapter based on colour lakes.,1304231.0
202607,320611,"Pigments and preparations based on titanium dioxide of a kind used for colouring any material or produce colorant preparations, containing ≥ 80% by weight of titanium dioxide calculated on the dry matter (excluding preparations of heading 3207, 3208, 3209, 3210, 3212, 3213 and 3215)",19276029.0
202607,320619,"Pigments and preparations based on titanium dioxide of a kind used for colouring any material or produce colorant preparations, containing ＜ 80% by weight of titanium dioxide calculated on the dry matter (excluding preparations of heading 3207, 3208, 3209, 3210, 3212, 3213 and 3215)",2863377.0
202607,320620,Pigments and preparations based on chromium compounds,187737.0
202607,320641,Ultramarine and preparations based thereon,2555544.0
202607,320642,Lithopone and other pigments and preparations based on zinc sulphide,10124.0
202607,320649,"Inorganic or mineral colouring matter, n.e.s.; preparations based on inorganic or mineral colouring matter of a kind used for colouring any material or produce colorant preparations, n.e.s. (excluding preparations of heading 3207, 3208, 3209, 3210, 3213 and 3215 and inorganic products of a kind used as liminophores)",15575227.0
202607,320650,Inorganic products of a kind used as luminophores,4085703.0
202607,320710,"Prepared pigments, prepared opacifiers, prepared colours and similar preparations",5877708.0
202607,320720,"Vitrifiable enamels and glazes, engobes (slips) and similar preparations",6230349.0
202607,320730,Liquid lustres and similar preparations,497796.0
202607,320740,"Glass frit and other glass, in the form of powder, granules or flakes",9393068.0
202607,320810,"Paints&vanishes based on polyesters, in a non-aqueous medium",14861461.0
202607,320820,"Paints&vanishes based on acrylic or vinyl polymers, in a non-aqueous medium",34037128.0
202607,320890,"Paints and varnishes based, incl. enamels and lacquers, on synthetic polymers or chemically modified natural polymers, dispersed or dissolved in a non-aqueous medium, and solutions of products of headings 3901 to 3913 in volatile organic solvents, containing ＞ 50% solvent by weight (excluding those based on polyesters and acrylic or vinyl polymers and solutions of collodion)",107096683.0
202607,320910,"Paints&varnishs based on acrylic/vinyl polymers, in aqueous medium",7006953.0
202607,320990,"Paints and varnishes, incl. enamels and lacquers, based on synthetic or chemically modified natural polymers, dispersed or dissolved in an aqueous medium (excluding those based on acrylic or vinyl polymers)",16534757.0
202607,321000,"Other paints and varnishes (including enamels, lacquers and distempers); prepared water pigments of a kind used for finishing leather.",12387846.0
202607,321100,Prepared driers.,3147921.0
202607,321210,Stamping foils,6126708.0
202607,321290,"Pigments, incl. metallic powders and flakes, dispersed in non-aqueous media, in liquid or paste form, of a kind used in the manufacture of paints; colorants and other colouring matter, n.e.s. put up for retail sale",11478430.0
202607,321310,Colours in sets,462816.0
202607,321390,"Artist's, student's or signboard painter's colours, modifying tints, amusement colours and the like, in tablets, tubes, jars, bottles, pans or similar packages (excluding those in sets)",826126.0
202607,321410,"Glaziers' putty, grafting putty, resin cements, caulking compounds and other mastics; painters' fillings",53278235.0
202607,321490,"Non-refractory surfacing preparations for facades, inside walls, floors, ceilings and the like",1216701.0
202607,321511,Black,5142589.0
202607,321519,"Printing ink, whether or not concentrated or solid (excluding black ink)",18947696.0
202607,321590,"Ink, whether or not concentrated or solid (excluding printing ink)",14920948.0
202607,330112,Oils of orange,5008279.0
202607,330113,Oils of lemon,1851026.0
202607,330119,Other essential oils of citrus fruit,3917136.0
202607,330124,Oils of peppermint (Mentha piperita),1716424.0
202607,330125,Oils of other mints,2135557.0
202607,330129,"Essential oils,(excluding those of citrus fruit and mint)",11205885.0
202607,330130,Resinoids,43556.0
202607,330190,"Extracted oleoresins; concentrates of essential oils in fats, fixed oils, waxes and the like, obtained by enfleurage or maceration; terpenic by-products of the deterpenation of essential oils; aromatic aqueous distillates and aqueous solutions of essential oils",2030360.0
202607,330210,Mixtures of a kind used in the food or drink industries,33242555.0
202607,330290,"Mixtures of odoriferous substances and mixtures, incl. alcoholic solutions, based on one or more of these substances, of a kind used as raw materials in industry (excluding food or drink industries)",19902700.0
202607,330300,Perfumes and toilet waters.,115225591.0
202607,330410,Lip makeup preparations,41352236.0
202607,330420,Eye makeup preparations,11103668.0
202607,330430,Manicure or pedicure preparations,429464.0
202607,330491,"Powders, whether or not compressed",30007891.0
202607,330499,"Beauty or make-up preparations and preparations for the care of the skin (other than medicaments), incl. sunscreen or suntan preparations (excluding medicaments, lip and eye make-up preparations, manicure or pedicure preparations and make-up or skin care powders, incl. baby powders)",895738963.0
202607,330510,Shampoos,35987971.0
202607,330520,Preparations for permanent waving or straightening,316931.0
202607,330530,Hair lacquers,1241865.0
202607,330590,"Preparations for use on the hair (excluding shampoos, preparations for permanent waving or straightening and hair lacquers)",39229930.0
202607,330610,Dentifrices,13246344.0
202607,330620,Yarn used to clean between the teeth (dental floss),300494.0
202607,330690,"Preparations for oral or dental hygiene, incl. denture fixative pastes and powders (excluding dentifrices and yarn used to clean between the teeth dental floss"")""",3345317.0
202607,330710,"Preshave, shaving or aftershave preparations",298622.0
202607,330720,Personal deodorants and antiperspirants,3480476.0
202607,330730,Perfumed bath salts and other bath preparations,1133922.0
202607,330741,“Agarbatti” and other odoriferous preparations which operate by burning,812922.0
202607,330749,"Preparations for perfuming or deodorising rooms, incl. odoriferous preparations used during religious rites (excluding agarbatti and other odoriferous preparations which operate by burning)",7230055.0
202607,330790,"Depilatories and other perfumery, toilet or cosmetic preparations, n.e.s.",13493606.0
202607,340111,"Soap and organic surface-active products and preparations, in the form of bars, cakes, moulded pieces or shapes, and paper, wadding, felt and nonwovens, impregnated, coated or covered with soap or detergent, for toilet use, incl. medicated products",3158165.0
202607,340119,"Soap and organic surface-active products and preparations, in the form of bars, cakes, moulded pieces or shapes, and paper, wadding, felt and nonwovens, impregnated, coated or covered with soap or detergent (excluding those for toilet use, incl. medicated products)",4295943.0
202607,340120,Soap in other forms,7052343.0
202607,340130,"Organic surfaceactive products and preparations for washing the skin, in the form of liquid or cream and put up for retail sale, whether or not containing soap",57116439.0
202607,340231,Linear alkylbenzene sulphonic acids and their salts,1097512.0
202607,340239,"Other anionic organic surface active agents, whether or not put up for retail sale",16914198.0
202607,340241,"Cationic surface-active agents, (excl. soap)",1612147.0
202607,340242,"Non-ionic surface-active agents, (excl. soap)",31652983.0
202607,340249,"Other organic surface-active agents,(excluding anionic, cationic or non-ionic agents and soap)",1375141.0
202607,340250,"Other organic surface active agents,washing preparations (including auxiliary washing preparations) and cleaning preparations, preparations put up for retail sale",30008349.0
202607,340290,"Surface-active preparations, washing preparations, incl. auxiliary washing preparations and cleaning preparations (excluding those put up for retail sale, organic surface-active agents, soap and organic surface-active preparations in the form of bars, cakes, moulded pieces or shapes, and products and preparations for washing the skin in the form of liquid or cream)",51379831.0
202607,340311,"Preparations for the treatment of textile materials, leather, furskins or other materials",14207480.0
202607,340319,"Lubricant preparations, incl. cutting-oil preparations, bolt or nut release preparations, anti-rust or anti-corrosion preparations and mould-release preparations, based on lubricants and containing petroleum oil or bituminous mineral oil (excluding preparations containing, as basic constituents, ≥ 70% of petroleum oil or bituminous mineral oil by weight and preparations for treating textiles, leather, furskins and other materials)",30108378.0
202607,340391,"Preparations for the treatment of textile materials, leather, furskins or other materials",32912974.0
202607,340399,"Lubricant preparations, incl. cutting-oil preparations, bolt or nut release preparations, anti-rust or anti-corrosion preparations and mould-release preparations, based on lubricants but not containing petroleum oil or bituminous mineral oil (excluding preparations for the treatment of textiles, leather, furskins and other materials)",60663307.0
202607,340420,Waxes of poly(oxyethylene) (polyethylene glycol),2901416.0
202607,340490,Other artificial waxes and prepared waxes,43253749.0
202607,340510,"Polishes, creams and similar preparations for footwear or leather",1340453.0
202607,340520,"Polishes, creams and similar preparations for the maintenance of wooden furniture, floors or other woodwork",617492.0
202607,340530,"Polishes and similar preparations for coachwork, other than metal polishes",764824.0
202607,340540,Scouring pastes and powders and other scouring preparations,1156612.0
202607,340590,"Glass or metal polishes, whether or not in the form of paper, wadding, felt, nonwovens, cellular plastics or cellular rubber, impregnated, coated or covered with such preparations",61527445.0
202607,340600,"Candles, tapers and the like",2410093.0
202607,340700,"Modelling pastes, including those put up for children's amusement; preparations known as “dental wax”or as “dental impression compounds”, put up in sets, in packings for retail sale or in plates, horseshoe shapes, sticks or similar forms; other preparations for use in dentistry, with a basis of plaster (of calcined gypsum or calcium sulphate).",3153709.0
202607,350110,Casein,18695838.0
202607,350190,"Caseinates and other casein derivatives; casein glues (excluding those put up for retail sale as glue and weighing ≤ 1 kg, and organic or inorganic compounds of mercury whether or not chemically defined)",17400624.0
202607,350220,"Milk albumin, including concentrates of two or more whey proteins",71837732.0
202607,350290,"Albumins, albuminates and other albumin derivatives (excluding egg albumin and milk albumin [incl. concentrates of two or more whey proteins containing by weight ＞ 80% whey proteins, calculated on the dry matter], and organic or inorganic compounds of mercury whether or not chemically defined)",2784907.0
202607,350300,"Gelatin (including gelatin in rectangular (including square) sheets, whether or not surfaceworked or coloured) and gelatin derivatives; isinglass; other glues of animal origin, excluding casein glues of heading 35.01.",741366.0
202607,350400,"Peptones and their derivatives; other protein substances and their derivatives, not elsewhere specified or included; hide powder, whether or not chromed.",15385709.0
202607,350510,Dextrins and other modified starches,43588355.0
202607,350520,"Glues based on starches, dextrins or other modified starches",31485.0
202607,350610,"Products suitable for use as glues or adhesives, put up for retail sale as glues or adhesives, not exceeding a net weight of 1 kg",62631022.0
202607,350691,Adhesives based on polymers of headings 39.01 to 39.13 or on rubber,143113055.0
202607,350699,"Glues, prepared, and other prepared adhesives, n.e.s.",15371264.0
202607,350790,"Enzymes and prepared enzymes, n.e.s. (excluding rennet and concentrates thereof)",45138894.0
202607,360100,Propellent powders,1482199.0
202607,360350,Igniters,8184214.0
202607,360410,Fireworks,540530.0
202607,360490,"Signalling flares, rain rockets, fog signals and other pyrotechnic articles (excluding fireworks and cartridge blanks)",162862.0
202607,360610,Liquid or liquefiedgas fuels in containers of a kind used for filling or refilling cigarette or similar lighters and of a capacity not exceeding 300 cm3,22772.0
202607,360690,Ferro-cerium and other pyrophoricalloys and other articles of combustible materials,164440.0
202607,370110,"Photographic plates and film in the flat, sensitised, unexposed, for X-ray (excluding of paper, paperboard and textiles)",2894838.0
202607,370120,Instant print film,7098522.0
202607,370130,"Other plates and film, with any side exceeding 255 mm",26597094.0
202607,370199,"Photographic plates and film in the flat for monochrome photography, sensitised, unexposed, of any material other than paper, paperboard or textiles (excluding X-ray film and photographic plates, film in the flat with any side ＞ 255 mm, and instant print film)",21112807.0
202607,370210,"Photographic film in rolls, unexposed, for X-ray",10589152.0
202607,370231,"Photographic film in rolls, unexposed, for colour photography (polychrome)",32340.0
202607,370232,"Other films with silver halide emulsion, width≤105mm",43394.0
202607,370242,"Other films for non-colour photography (polychrome),width＞610 mm and length＞200m",25218118.0
202607,370243,"Other films,width＞610 mm and length＞200m",168962.0
202607,370244,"Other films,105mm＜width≤610mm",11686416.0
202607,370252,"Other film, for colour photography (polychrome) , of a width not exceeding 16 mm",7207.0
202607,370254,"Other film, for colour photography (polychrome) , of a width exceeding 16 mm but not exceeding 35 mm and of a length not exceeding 30 m, other than for slides",2403357.0
202607,370255,"Other film, for colour photography (polychrome) , of a width exceeding 16 mm but not exceeding 35 mm and of a length exceeding 30 m",1798938.0
202607,370256,"Other film, for colour photography (polychrome) , of a width exceeding 35 mm",26864.0
202607,370296,Other film of a width not exceeding 35 mm and of a length not exceeding 30 m,166859.0
202607,370297,Other film of a width not exceeding 35 mm and of a length exceeding 30 m,10044.0
202607,370298,Other film of a width exceeding 35 mm,36484.0
202607,370310,In rolls of a width exceeding 610 mm,54157.0
202607,370320,"Other, for colour photography (polychrome)",31140.0
202607,370390,"Photographic paper, paperboard and textiles, sensitised, unexposed, for monochrome photography (excluding products in rolls ＞ 610 mm wide)",6515.0
202607,370400,"Photographic plates, film, paper, paperboard and textiles, exposed but not developed",1672.0
202607,370500,"Photographic plates and film, exposed and developed, other than cinematographic film.",2646401.0
202607,370710,Sensitising emulsions,2682951.0
202607,370790,"Preparation of chemicals, incl. unmixed products put up in measured portions or put up for retail sale in a form ready for use (excluding varnishes, glues, adhesives and similar preparations, sensitising emulsions and salts and precious-metal compounds etc. of heading 2843 to 2846)",233957093.0
202607,380110,Artificial graphite,7517111.0
202607,380120,Colloidal or semicolloidal graphite,409744.0
202607,380130,Carbonaceous pastes for electrodes and similar pastes for furnace linings,64303.0
202607,380190,"Preparations based on graphite or other carbon in the form of pastes, blocks, plates or other semi-manufactures (excluding carbonaceous pastes for electrodes and similar pastes for furnace linings)",7739154.0
202607,380210,Activated carbon,13106904.0
202607,380290,"Activated kieselguhr and other activated natural mineral products; animal black, whether or not spent (excluding activated carbon, calcinated diatomite without the addition of sintering agents and activated chemical products)",1712882.0
202607,380300,"Tall oil, whether or not refined.",881047.0
202607,380400,"Residual lyes from the manufacture of wood pulp, whether or not concentrated, desugared or chemically treated, including lignin sulphonates, but excluding tall oil of heading 38.03.",3091779.0
202607,380510,"Gum, wood or sulphate turpentine oils",4233365.0
202607,380590,"Crude dipentene; sulphite turpentine and other crude para-cymene; terpenic oils produced by the distillation or other treatment of coniferous woods (excluding gum turpentine, wood turpentine and sulphate turpentine)",907834.0
202607,380610,Rosin and resin acids,12493778.0
202607,380620,"Salts of rosin, of resin acids or of derivatives of rosin or resin acids, other than salts of rosin adducts",129247.0
202607,380630,Ester gums,1006515.0
202607,380690,"Derivatives of rosin, incl. salts of rosin adducts, and of resin acids, light and heavy resin oils and modified natural resins obtained by heat treatment run gums"" (excluding salts of rosin, of resin acids or salts of derivatives of rosin or resin acids, and ester gums)""",1471927.0
202607,380700,"Wood tar; wood tar oils; wood creosote; wood naphtha; vegetable pitch; brewers' pitch and similar preparations based on rosin, resin acids or on vegetable pitch.",73434.0
202607,380891,Insecticides,5993139.0
202607,380892,Fungicides,19475549.0
202607,380893,"Herbicides, antisprouting products and plantgrowth regulators",1464963.0
202607,380894,Disinfectants,12330783.0
202607,380899,"Articles under heading 38.08,nes",355999.0
202607,380910,"Finishing agents and the like,used in textile, paper,lether and the similar industries,with a basis of amylaceous substances",44175.0
202607,380991,"Other finishing agents and like, of a kind used in the textile or like industries",22376775.0
202607,380992,"Other finishing agents and like, of a kind used in the paper or like industries",4835967.0
202607,380993,"Other finishing agents and like, of a kind used in the leather or like industries",7789484.0
202607,381010,"Pickling preparations for metal surfaces; soldering, brazing or welding powders and pastes consisting of metal and other materials",22414360.0
202607,381090,"Fluxes and other auxiliary preparations for soldering, brazing or welding;preparations of a kind used as cores or coatings for welding electrodes or rods",9789783.0
202607,381119,Anti-knock preparations for motor fuels (excluding those based on lead compounds),943.0
202607,381121,"Additives for lubricating oils,containing petroleum oils or oils obtained from bituminous minerals",75991463.0
202607,381129,Other additives for lubricating oils,11611093.0
202607,381190,"Oxidation inhibitors, gum inhibitors, viscosity improvers, anti-corrosive preparations and other prepared additives for mineral oils, incl. gasoline, or for other liquids used for the same purposes as mineral oils (excluding anti-knock preparations and oil lubricant additives)",5190770.0
202607,381210,Prepared rubber accelerators,4669926.0
202607,381220,Compound plasticisers for rubber or plastics,4615749.0
202607,381231,"Mixtures of oligomers of 2,2,4trimethyl1,2dihydroquinoline (TMQ)",12668.0
202607,381239,"Anti-oxidising preparations and other compound stabilisers for rubber or plastics (excl. mixtures of oligomers of 2,2,4-trimethyl-1,2-dihydroquinoline TMQ"")""",20360953.0
202607,381300,Preparations and charges for fireextinguishers; charged fireextinguishing grenades,782960.0
202607,381400,"Organic composite solvents and thinners, not elsewhere specified or included; prepared paint or varnish removers.",8519245.0
202607,381511,Supported catalysts with nickel or nickel compounds as the active substance,4067572.0
202607,381512,Supported catalysts with precious metal or precious metal compounds as the active substance,233631272.0
202607,381519,"Supported catalysts, n.e.s. (excluding with precious metal, a precious-metal compound, nickel or a nickel compound as the active substance)",48082614.0
202607,381590,"Reaction initiators, reaction accelerators and catalytic preparations, n.e.s. (excluding rubber accelerators and supported catalysts)",22343772.0
202607,381600,"Refractory cements, mortars, concretes and similar compositions, other than products of heading 38.01",2213295.0
202607,381700,"Mixed alkylbenzenes and mixed alkylnaphthalenes, other than those of heading 27.07 or 29.02.",2490046.0
202607,381800,"Chemical elements doped for use in electronics, in the form of discs, wafers or similar forms; chemical compounds doped for use in electronics",192462796.0
202607,381900,"Hydraulic brake fluids and other prepared liquids for hydraulictransmission, not containing or containing less than 70% byweight of petroleum oils or oils obtained from bituminousminerals.",4681429.0
202607,382000,Antifreezing preparations and prepared deicing fluids.,2270007.0
202607,382100,"Prepared culture media for the development or maintenance of microorganisms (including viruses and the like) or of plant, human or animal cells.",31515529.0
202607,382211,"Diagnostic or laboratory reagents on a backing, prepared diagnostic or laboratory reagents, for malaria",585.0
202607,382212,"Diagnostic or laboratory reagents on a backing, prepared diagnostic or laboratory reagents whether or not on a backing, for Zika and other diseases transmitted by mosquitoes of the genus Aedes",12930.0
202607,382213,"Diagnostic or laboratory reagents on a backing, prepared diagnostic or laboratory reagents whether or not on a backing, for blood-grouping",3540077.0
202607,382219,"Other diagnostic or laboratory reagents attached to backing and dispensing reagents, whether or not attached to backing",332334582.0
202607,382290,Certified reference sample,8556039.0
202607,382311,Stearic acid,20435915.0
202607,382312,Oleic acid,7903887.0
202607,382313,Tall oil fatty acids,352692.0
202607,382319,"Fatty acids, industrial, monocarboxylic; acid oils from refining (excluding stearic acid, oleic acid and tall oil fatty acids)",161623218.0
202607,382370,Industrial fatty alcohols,132235382.0
202607,382410,Prepared binders for foundry moulds or cores,182775.0
202607,382430,Nonagglomerated metal carbides mixed together or with metallic binders,5167171.0
202607,382440,"Prepared additives for cements, mortars or concretes",1179072.0
202607,382450,Nonrefractory mortars and concretes,855424.0
202607,382460,Sorbitol other than that of subheading 2905.44,68238.0
202607,382492,Polyglycol esters of methylphosphonic acid,283.0
202607,382499,"Chemical products and preparations of the chemical or allied industries, incl. those consisting of mixtures of natural products, n.e.s.",727155461.0
202607,382600,"Biodiesel and mixtures thereof, not containing or containing less than 70% by weight of petroleum oils or oils obtained from bituminous minerals.",20022130.0
202607,382768,"Other mixtures, not included in the subheadings above, containing substances of subheadings 2903.41 to 2903.48",7049.0
202607,382790,"Mixtures containing halogenated derivatives of methane, ethane or propane ,nes",28872.0
202607,390110,Polyethylene having a specific gravity of less than 0.94,210458650.0
202607,390120,Polyethylene having a specific gravity of 0.94 or more,256369872.0
202607,390130,Ethylenevinyl acetate copolymers,60110158.0
202607,390140,"Ethylenealphaolefin copolymers, having a specific gravity of less than 0.94",251905243.0
202607,390190,"Polymers of ethylene, in primary forms (excluding polyethylene and ethylene-vinyl acetate copolymers)",79352097.0
202607,390210,Polypropylene,190997546.0
202607,390220,Polyisobutylene,11906746.0
202607,390230,Propylene copolymers,91139521.0
202607,390290,"Polymers of propylene or of other olefins, in primary forms (excluding polypropylene, polyisobutylene and propylene copolymers)",60690846.0
202607,390311,"Expansible polystyrene, in primary forms",2014117.0
202607,390319,"Polystyrene, in primary forms (excluding expansible)",36114335.0
202607,390320,Styreneacrylonitrile (SAN) copolymers,13628732.0
202607,390330,Acrylonitrilebutadienestyrene (ABS) copolymers,95691208.0
202607,390390,"Polymers of styrene, in primary forms (excluding polystyrene, styrene-acrylonitrile copolymers SAN"" and acrylonitrile-butadiene-styrene ""ABS"")""",53985402.0
202607,390410,"Poly(vinyl chloride), not mixed with any other substances",15066433.0
202607,390421,Nonplasticised,777677.0
202607,390422,Plasticised,7519242.0
202607,390430,Vinyl chloridevinyl acetate copolymers,3469433.0
202607,390440,Other vinyl chloride copolymers,658138.0
202607,390450,Vinylidene chloride polymers,4406855.0
202607,390461,Polytetrafluoroethylene,10525549.0
202607,390469,"Fluoropolymers of vinyl chloride or of other halogenated olefins, in primary forms (excluding polytetrafluoroethylene)",39151932.0
202607,390490,"Polymers of vinyl chloride or other halogenated olefins, in primary forms (excluding polyvinyl chloride"", copolymers of vinyl chloride, polymers of vinyl chloride and fluoropolymers)""",2862759.0
202607,390512,"Polyvinyl acetate"", in aqueous dispersion""",429873.0
202607,390519,"Polyvinyl acetate"", in primary forms (excluding in aqueous dispersion)""",236998.0
202607,390521,"Vinyl acetate copolymers, in aqueous dispersion",2558875.0
202607,390529,"Vinyl acetate copolymers, in primary forms (excluding in aqueous dispersion)",655118.0
202607,390530,"Poly(vinyl alcohol), whether or not containing unhydrolysed acetate groups",8284662.0
202607,390591,Copolymers,14383942.0
202607,390599,"Polymers of vinyl esters and other vinyl polymers, in primary forms (excluding those of vinyl chloride or other halogenated olefins, polyvinyl acetate"", vinyl acetate copolymers and poly""vinyl alcohol"", whether or not containing unhydrolised acetate groups)""",21662973.0
202607,390610,"Polymethyl methacrylate"", in primary forms""",26345312.0
202607,390690,"Acrylic polymers, in primary forms (excluding polymethyl methacrylate"")""",151898583.0
202607,390710,Polyacetals,49413493.0
202607,390721,"Bis(polyoxyethylene) methylphosphonate, in primary forms",35532.0
202607,390729,"Other polyethers, in primary forms",96188851.0
202607,390730,Epoxide resins,50100724.0
202607,390740,Polycarbonates,147764249.0
202607,390750,Alkyd resins,1272757.0
202607,390761,"Polyethylene terephthalate"", in primary forms, having a viscosity number of 78 ml/g or higher""",6447317.0
202607,390769,"Polyethylene terephthalate"", in primary forms, having a viscosity number of ＜ 78 ml/g""",21118834.0
202607,390770,Poly(lactic acid) in primary forms,11973230.0
202607,390791,Unsaturated polyesters in primary forms,5158115.0
202607,390799,"Saturated polyesters in primary forms (excluding polycarbonates, alkyd resins, polyethylene terephthalate"" and poly""lactic acid"")""",126610873.0
202607,390810,"Polyamide6, 11, 12, 6,6, 6,9, 6,10 or 6,12 ,in primary forms",63796878.0
202607,390890,"Polyamides, in primary forms (excluding polyamides-6, -11, -12, -6,6, -6,9, -6,10 and -6,12)",79784191.0
202607,390910,"Urea resins and thiourea resins, in primary forms",1772584.0
202607,390920,Melamine resins,2468170.0
202607,390931,"Poly(methylene phenyl isocyanate) (crude MDI, polymeric MDI) ,in primary forms",33547733.0
202607,390939,"Amino-resins, in primary forms (excl. urea, thiourea and melamine resins and MDI)",1936079.0
202607,390940,"Phenolic resins,in primary forms",28042828.0
202607,390950,"Polyurethanes,in primary forms",50898687.0
202607,391000,Silicones in primary forms,68675226.0
202607,391110,"Petroleum resins, coumarone, indene or coumaroneindene resins and polyterpenes",7930807.0
202607,391190,"Polysulphides, polysulphones and other polymers and prepolymers produced by chemical synthesis, nes, in primary forms",74155433.0
202607,391211,"Nonplasticised cellulose acetates,in primary forms",14880866.0
202607,391212,"Plasticised cellulose acetates,in primary forms",151876.0
202607,391220,"Cellulose nitrates (including collodions), in primary forms",118514.0
202607,391231,"Carboxymethylcellulose and its salts,in primary forms",5309137.0
202607,391239,"Cellulose ethers, in primary forms (excluding carboxymethylcellulose and its salts)",12047237.0
202607,391290,"Cellulose and chemical derivatives thereof, n.e.s., in primary forms (excluding cellulose acetates, cellulose nitrates and cellulose ethers)",13593260.0
202607,391310,"Alginic acid, its salts and esters,in primary forms",37581.0
202607,391390,"Natural polymers and modified natural polymers, e.g. hardened proteins, chemical derivatives of natural rubber, n.e.s., in primary forms (excluding alginic acid and its salts and esters)",15728681.0
202607,391400,"Ionexchangers based on polymers of headings 39.01 to 39.13, in primary forms",31159100.0
202607,391610,Monofilament of polymers of ethylene,1503137.0
202607,391620,Monofilament of polymers of vinyl chloride,651518.0
202607,391690,Monofilament of other plastics,13913087.0
202607,391710,Artificial guts (sausage casings) of hardened protein or of cellulosic materials,3145193.0
202607,391721,"Rigid tubes, pipes and hoses, of polymers of ethylene",1477583.0
202607,391722,"Rigid tubes, pipes and hoses, of polymers of propylene",1595614.0
202607,391723,"Rigid tubes, pipes and hoses, of polymers of vinyl chloride",1001227.0
202607,391729,"Rigid tubes, pipes and hoses, of other plastics",7278886.0
202607,391731,"Flexible tubes, pipes and hoses, having a minimum burst pressure of 27.6 Mpa",9654370.0
202607,391732,"Other plastic tubes, not reinforced or otherwise combined with other materials,without fittings",28325468.0
202607,391733,"Other plastic tubes, not reinforced or otherwise combined with other materials,with fittings",5121820.0
202607,391739,"Flexible tubes, pipes and hoses, of plastics, reinforced or otherwise combined with other materials (excluding those with a burst pressure of ≥ 27,6 MPa)",11505277.0
202607,391740,"Fittings for tubes, of plastic",27626552.0
202607,391810,"Wall or floor coverings, of polymers of vinyl chloride",3550136.0
202607,391890,"Wall or floor coverings, of other plastics",1943945.0
202607,391910,"Self-adhesive plates, sheets, film, foil, tape, strip and other flat shapes, of plastics, in rolls ≤ 20 cm wide",31399138.0
202607,391990,"Self-adhesive plates, sheets, film, foil, tape, strip and other flat shapes, of plastics, whether or not in rolls ＞ 20 cm wide (excluding floor, wall and ceiling coverings of heading 3918)",214500682.0
202607,392010,"Plates, sheets, film, foil and strip, of non-cellular polymers of ethylene, not reinforced, laminated, supported or similarly combined with other materials, without backing, unworked or merely surface-worked or merely cut into squares or rectangles (excluding self-adhesive products, and floor, wall and ceiling coverings of heading 3918)",81757188.0
202607,392020,"Plates, sheets, film, foil and strip, of non-cellular polymers of ethylene, not reinforced, laminated, supported or similarly combined with other materials, without backing, unworked or merely surface-worked or merely cut into squares or rectangles (excluding self-adhesive products, and floor, wall and ceiling coverings of heading 3918)",38064929.0
202607,392030,"Plates, sheets, foil, film and strip, of non-cellular polymers of styrene, not reinforced, laminated, supported or similarly combined with other materials, without backing, unworked or merely surface-worked or merely cut into squares or rectangles (excluding self-adhesive products, and floor, wall and ceiling coverings of heading 3918)",6233212.0
202607,392043,"Plates, sheets, film, foil and strip, of non-cellular polymers of vinyl chloride, containing by weight ≥ 6% of plasticisers, not reinforced, laminated, supported or similarly combined with other materials, without backing, unworked or merely surface-worked or merely cut into squares or rectangles (excluding self-adhesive products, and floor, wall and ceiling coverings of heading 3918)",5071329.0
202607,392049,"Plates, sheets, film, foil and strip, of non-cellular polymers of vinyl chloride, containing by weight ＜ 6% of plasticisers, not reinforced, laminated, supported or similarly combined with other materials, without backing, unworked or merely surface-worked or merely cut into squares or rectangles (excluding self-adhesive products, and floor, wall and ceiling coverings of heading 3918)",10043565.0
202607,392051,"Plates, sheets, film, foil and strip, of non-cellular polymethyl methacrylate"", not reinforced, laminated, supported or similarly combined with other materials, without backing, unworked or merely surface-worked or merely cut into squares or rectangles (excluding self-adhesive products, and floor, wall and ceiling coverings of heading 3918)""",30873037.0
202607,392059,"Plates, sheets, film, foil and strip, of non-cellular acrylic polymers, not reinforced, laminated, supported or similarly combined with other materials, without backing, unworked or merely surface-worked or merely cut into squares or rectangles (excluding those of polymethyl methacrylate"", self-adhesive products, and floor, wall and ceiling coverings of heading 3918)""",3594826.0
202607,392061,"Plates, sheets, film, foil and strip, of non-cellular polycarbonates, not reinforced, laminated, supported or similarly combined with other materials, without backing, unworked or merely surface-worked or merely cut into squares or rectangles (excluding those of polymethyl methacrylate"", self-adhesive products, and floor, wall and ceiling coverings of heading 3918)""",11436472.0
202607,392062,"Plates, sheets, film, foil and strip, of non-cellular polyethylene terephthalate"", not reinforced, laminated, supported or similarly combined with other materials, without backing, unworked or merely surface-worked or merely cut into squares or rectangles (excluding those of poly""methyl methacrylate"", self-adhesive products, and floor, wall and ceiling coverings of heading 3918)""",148813099.0
202607,392063,"Plates, sheets, film, foil and strip, of non-cellular unsaturated polyesters, not reinforced, laminated, supported or similarly combined with other materials, without backing, unworked or merely surface-worked or merely cut into squares or rectangles (excluding those of polymethyl methacrylate"", self-adhesive products, and floor, wall and ceiling coverings of heading 3918)""",113935.0
202607,392069,"Plates, sheets, film, foil and strip, of non-cellular polyesters, not reinforced, laminated, supported or similarly combined with other materials, not worked or only surface-worked, or only cut to rectangular, incl. square, shapes (excluding polycarbonates, polythylene terephthalate and other unsaturated polyesters, self-adhesive products, and floor, wall and ceiling coverings in heading 3918)",12414816.0
202607,392071,"Plates, sheets, film, foil and strip, of non-cellular regenerated cellulose, not reinforced, laminated, supported or similarly combined with other materials, without backing, unworked or merely surface-worked or merely cut into squares or rectangles (excluding self-adhesive products, and floor, wall and ceiling coverings of heading 3918)",1569910.0
202607,392073,"Plates, sheets, film, foil and strip, of non-cellular cellulose acetates, not reinforced, laminated, supported or similarly combined with other materials, without backing, unworked or merely surface-worked or merely cut into squares or rectangles (excluding self-adhesive products, and floor, wall and ceiling coverings of heading 3918)",37779676.0
202607,392079,"Plates, sheets, film, foil and strip, of non-cellular cellulose derivatives, not reinforced, laminated, supported or similarly combined with other materials, without backing, unworked or merely surface-worked or merely cut into squares or rectangles (excluding products of cellulose acetates, self-adhesive products, floor, wall and ceiling coverings of heading 3918)",1020024.0
202607,392091,"Plates, sheets, film, foil and strip, of non-cellular polyvinyl butyral"", not reinforced, laminated, supported or similarly combined with other materials, without backing, unworked or merely surface-worked or merely cut into squares or rectangles (excluding self-adhesive products, floor, wall and ceiling coverings of heading 3918)""",6698704.0
202607,392092,"Plates, sheets, film, foil and strip, of non-cellular polyamides, not reinforced, laminated, supported or similarly combined with other materials, without backing, unworked or merely surface-worked or merely cut into squares or rectangles (excluding self-adhesive products, floor, wall and ceiling coverings of heading 3918)",6685310.0
202607,392093,"Plates, sheets, film, foil and strip, of non-cellular amino-resins, not reinforced, laminated, supported or similarly combined with other materials, without backing, unworked or merely surface-worked or merely cut into squares or rectangles (excluding self-adhesive products, floor, wall and ceiling coverings of heading 3918)",288270.0
202607,392094,"Plates, sheets, film, foil and strip, of non-cellular phenolic resins, not reinforced, laminated, supported or similarly combined with other materials, without backing, unworked or merely surface-worked or merely cut into squares or rectangles (excluding self-adhesive products, floor, wall and ceiling coverings of heading 3918)",477711.0
202607,392099,"Plates, sheets, film, foil and strip, of non-cellular plastics, n.e.s., not reinforced, laminated, supported or similarly combined with other materials, without backing, unworked or merely surface-worked or merely cut into squares or rectangles (excluding self-adhesive products, floor, wall and ceiling coverings of heading 3918 and sterile surgical or dental adhesion barriers of subheading 3006.10.30)",160116433.0
202607,392111,"Plates, sheets, film, foil and strip, of polymers of styrene",272244.0
202607,392112,"Plates, sheets, film, foil and strip, of polymers of vinyl chloride",6853764.0
202607,392113,"Plates, sheets, film, foil and strip, of polyurethanes",15198820.0
202607,392114,"Plates, sheets, film, foil and strip, of regenerated cellulose",314147.0
202607,392119,"Plates, sheets, film, foil and strip, of other plastics",32057384.0
202607,392190,"Plates, sheets, film, foil and strip, (excluding of cellular plastic; self-adhesive products, floor, wall and ceiling coverings of heading 3918)",45634959.0
202607,392210,"Baths, showerbaths, sinks and washbasins,of plastics",1021795.0
202607,392220,Lavatory seats and covers,289530.0
202607,392290,"Bidets, lavatory pans, flushing cisterns and similar sanitary ware, of plastics (excluding baths, shower-baths, sinks, washbasins, lavatory seats and covers)",1136745.0
202607,392310,"Boxes, cases, crates and similar articles",39420139.0
202607,392321,"Sacks and bags, incl. cones, of polymers of ethylene",9207823.0
202607,392329,"Sacks and bags, incl. cones, of other plastics",4303520.0
202607,392330,"Carboys, bottles, flasks and similar articles, of plastics",5332259.0
202607,392340,"Spools, cops, bobbins and similar supports, of plastics",4042817.0
202607,392350,"Stoppers, lids, caps and other closures, of plastics",13372373.0
202607,392390,"Articles for the conveyance or packaging of goods, of plastics (excluding boxes, cases, crates and similar articles; sacks and bags, incl. cones; carboys, bottles, flasks and similar articles; spools, spindles, bobbins and similar supports; stoppers, lids, caps and other closures)",25977691.0
202607,392410,"Tableware and kitchenware, of plastics",4131127.0
202607,392490,"Household articles and toilet articles, of plastics (excluding tableware, kitchenware, baths, shower-baths, washbasins, bidets, lavatory pans, seats and covers, flushing cisterns and similar sanitary ware)",6755632.0
202607,392510,"Reservoirs, tanks, vats and similar containers, of a capacity exceeding 300 l, of plastics",177321.0
202607,392520,"Doors, windows and their frames and thresholds for doors, of plastics",794856.0
202607,392530,"Shutters, blinds (including Venetian blinds) and similar articles and parts thereof, of plastics",487379.0
202607,392590,"Builderss ware of plastics, nes",1874819.0
202607,392610,"Office or school supplies, of plastics",1191316.0
202607,392620,"Articles of apparel and clothing accessories (including gloves, mittens and mitts), of plastics",2280686.0
202607,392630,"Fittings for furniture, coachwork or the like, of plastics",3149144.0
202607,392640,"Statuettes and other ornamental articles, of plastics",1190036.0
202607,392690,"Articles of plastics and articles of other materials of heading 3901 to 3914, n.e.s (excluding goods of 9619)",315491749.0
202607,400110,"Natural rubber latex, whether or not prevulcanised",15638757.0
202607,400121,Smoked sheets,39467340.0
202607,400122,Technically specified natural rubber (TSNR),304861096.0
202607,400129,"Natural rubber in primary forms or in plates, sheets or strip (excluding smoked sheets, technically specified natural rubber TSNR"" and natural rubber latex, whether or not prevulcanised)""",51492216.0
202607,400211,Latex,17802144.0
202607,400219,"Styrene-butadiene rubber SBR""; carboxylated styrene-butadiene rubber ""XSBR"", in primary forms or in plates, sheets or strip (excluding latex)""",98474008.0
202607,400220,Butadiene rubber (BR),31309227.0
202607,400231,Isobuteneisoprene (butyl) rubber (IIR),33598315.0
202607,400239,"Halo-isobutene-isoprene rubber CIIR"" or ""BIIR"", in primary forms or in plates, sheets or strip""",41125322.0
202607,400241,"Chloroprene latex chlorobutadiene rubber, CR""""",972264.0
202607,400249,"Chloroprene chlorobutadiene rubber, CR"", in primary forms or in plates, sheets or strip (excluding latex)""",6479274.0
202607,400251,"Latex of acrylonitrile-butadiene rubber NBR""""",14457819.0
202607,400259,"Acrylonitrile-butadiene rubber NBR"", in primary forms or in plates, sheets or strip (excluding latex)""",18484704.0
202607,400260,Isoprene rubber (IR),5190742.0
202607,400270,Ethylenepropylenenonconjugated diene rubber (EPDM),50602845.0
202607,400280,Mixtures of any product of heading 40.01 with any product of this heading,531423044.0
202607,400291,Latex,343338.0
202607,400299,"Synthetic rubber and factice derived from oils, in primary forms or in plates, sheets or strip (excluding latex, styrene-butadiene rubber SBR"", carboxylated styrene-butadiene rubber ""XSBR"", butadiene rubber ""BR"", isobutylene isoprene rubber ""IIR"", halo-isobutene-isoprene rubber ""CIIR"" or ""BIIR"", chloroprene rubber ""CR"", acrylonitrile-butadiene rubber ""NBR"", isoprene rubber ""IR"" and non-conjugated ethylene-propylene diene rubber ""EPDM"")""",17516520.0
202607,400300,"Reclaimed rubber in primary forms or in plates, sheets or strip.",6371184.0
202607,400400,"Waste, parings and scrap of rubber (other than hard rubber) and powders and granules obtained therefrom",1816992.0
202607,400510,"Compounded rubber with carbon black or silica, unvulcanized",22237114.0
202607,400520,Solutions of unvulcanized compounded rubber; dispersions other than those of subheading 4005.10,5205626.0
202607,400591,"Compounded rubber, unvulcanised, in the form of plates, sheets or strip",2411549.0
202607,400599,"Other compounded, unvulcanised rubber in primary forms",1739438.0
202607,400610,Camel-back strips for retreading rubber tyres,2024.0
202607,400690,"Rods, bars, tubes, profiles and other forms of unvulcanised rubber, incl. mixed rubber, and articles of unvulcanised rubber, incl. mixed rubber (excluding plates, sheets and strip which, apart from basic surface-working, have not been cut, or have merely been cut into square or rectangular shapes, and 'camel-back' strips)",462102.0
202607,400700,Vulcanised rubber thread and cord.,15892016.0
202607,400811,"Plates, sheets and strip, of cellular rubber",3832055.0
202607,400819,"Rods and profile shapes, of cellular rubber",1460200.0
202607,400821,"Plates, sheets and strip, of non-cellular rubber",8141789.0
202607,400829,"Rods, tubes and profile shapes, of non-cellular rubber",809324.0
202607,400911,"Tubes, pipes and hoses, of vulcanised rubber (excluding hard rubber), not reinforced or otherwise combined with other materials, without fittings",3665117.0
202607,400912,"Tubes, pipes and hoses, of vulcanised rubber (excluding hard rubber), not reinforced or otherwise combined with other materials, with fittings",2227069.0
202607,400921,"Tubes, pipes and hoses, of vulcanised rubber (excluding hard rubber), reinforced or otherwise combined only with metal, without fittings",4215652.0
202607,400922,"Tubes, pipes and hoses, of vulcanised rubber (excluding hard rubber), reinforced or otherwise combined only with metal, with fittings",4658388.0
202607,400931,"Tubes, pipes and hoses, of vulcanised rubber (excluding hard rubber), reinforced or otherwise combined only with textile materials, without fittings",8145104.0
202607,400932,"Tubes, pipes and hoses, of vulcanised rubber (excluding hard rubber), reinforced or otherwise combined only with textile materials, with fittings",4327380.0
202607,400941,"Tubes, pipes and hoses, of vulcanised rubber (excluding hard rubber), reinforced or otherwise combined with materials other than metal or textile materials, without fittings",2758222.0
202607,400942,"Tubes, pipes and hoses, of vulcanised rubber (excluding hard rubber), reinforced or otherwise combined with materials other than metal or textile materials, with fittings",5209254.0
202607,401011,"Conveyor belts or belting, of vulcanised rubber, reinforced only with metal",861569.0
202607,401012,"Conveyor belts or belting, of vulcanised rubber, reinforced only with textile materials",1484642.0
202607,401019,"Conveyor belts or belting, of vulcanised rubber (excluding reinforced only with metal or only with textile materials)",482804.0
202607,401031,"Endless transmission belts of trapezoidal crosssection (Vbelts), Vribbed, of an outside circumference exceeding 60 cm but not exceeding 180 cm",1787274.0
202607,401032,"Endless transmission belts of trapezoidal crosssection (Vbelts), other than Vribbed, of an outside circumference exceeding 60 cm but not exceeding 180 cm",1852127.0
202607,401033,"Endless transmission belts of trapezoidal crosssection (Vbelts), Vribbed, of an outside circumference exceeding 180 cm but not exceeding 240 cm",298383.0
202607,401034,"Endless transmission belts of trapezoidal crosssection (Vbelts), other than Vribbed, of an outside circumference exceeding 180 cm but not exceeding 240 cm",337705.0
202607,401035,"Endless synchronous belts, of an outside circumference exceeding 60 cm but not exceeding 150 cm",1542713.0
202607,401036,"Endless synchronous belts, of an outside circumference exceeding 150 cm but not exceeding 198 cm",485199.0
202607,401039,"Other transmission belts or belting, of valcanized rubber",7727414.0
202607,401110,"New pneumatic tyres, of rubber, of a kind used on motor cars (including station wagons and racing cars)",36153995.0
202607,401120,"New pneumatic tyres, of rubber, of a kind used on buses or lorries",8046745.0
202607,401130,"New pneumatic tyres, of rubber, of a kind used on aircraft",5781725.0
202607,401140,"New pneumatic tyres, of rubber, of a kind used on motorcycles",6180284.0
202607,401150,"New pneumatic tyres, of rubber, of a kind used on bicycles",2076108.0
202607,401170,"New pneumatic tyres, of rubber, of a kind used on agricultural or forestry vehicles and machines",355634.0
202607,401180,"New pneumatic tyres, of rubber, of a kind used on construction, mining or industrial handling vehicles and machines",24453590.0
202607,401190,"Other new pneumatic tyres, of rubber, o",654090.0
202607,401213,"Retreaded pneumatic tyres, of rubber, of a kind used on aircraft",5130327.0
202607,401220,Used pneumatic tyres,5375.0
202607,401290,"Solid or cushion tyres, interchangeable tyre treads and tyre flaps, of rubber",1342124.0
202607,401320,"Inner tubes, of rubber, of a kind used on bicycles",133323.0
202607,401390,"Inner tubes, of rubber (excluding those of a kind used on motor cars, incl. station wagons and racing cars, buses, lorries and bicycles)",83972.0
202607,401410,"Sheath contraceptives, of valcanized rubber",8008565.0
202607,401490,"Hygienic or pharmaceutical articles, incl. teats, of vulcanised rubber (excluding hard rubber), with or without fittings of hard rubber, n.e.s. (excluding sheath contraceptives and articles of apparel and clothing accessories, incl. gloves, for all purposes)",428079.0
202607,401512,"Gloves, mittens and mitts of vulcanised rubber, Of a kind used for medical, surgical, dental or veterinarypurposes",5342587.0
202607,401519,"Gloves, mittens and mitts, of vulcanised rubber (excluding surgical gloves)",11571364.0
202607,401590,"Articles of apparel and clothing accessories, for all purposes, of vulcanised rubber (excluding hard rubber and footwear and headgear and parts thereof, and gloves, mittens and mitts)",326661.0
202607,401610,"Articles of cellular rubber, of valcanized rubber",3639083.0
202607,401691,"Floor coverings and mats, of valcanized rubber",98255.0
202607,401692,"Erasers, of valcanized rubber",67458.0
202607,401693,"Gaskets, washers and other seals,of valcanized rubber",103116529.0
202607,401694,"Boat or dock fenders, whether or not inflatable, of valcanized rubber",146729.0
202607,401695,"Other inflatable articles, of valcanized rubber",4348913.0
202607,401699,"Articles of vulcanised rubber (excluding hard rubber), n.e.s",67718398.0
202607,401700,"Hard rubber (for example, ebonite) in all forms, including waste and scrap; articles of hard rubber",328374.0
202607,410120,"Whole hides and skins, unsplit, of a weight per skin not exceeding 8 kg when simply dried, 10 kg when drysalted, or 16 kg when fresh, wetsalted or otherwise preserved",3480989.0
202607,410150,"Whole hides and skins, of a weight exceeding 16 kg",62366891.0
202607,410190,"Other raw hides and skins of bovine animals, including butts, bends and bellies",70413.0
202607,410210,"Raw skins of sheep or lambs, with wool on, fresh or salted, dried, limed, pickled or otherwise preserved (excluding those of Astrakhan, Caracul, Persian, Broadtail or similar lambs, or of Indian, Chinese, Mongolian or Tibetan lambs and tanned, parchment-dressed or further prepared)",22699761.0
202607,410221,"Raw skins of sheep or lambs, without wool on, pickled, whether or not split",168957.0
202607,410320,"Raw hides and skins of reptiles, fresh or salted, dried, limed, pickled or otherwise preserved (excluding tanned, parchment-dressed or further prepared)",88820.0
202607,410330,"Raw hides and skins of swine, fresh, or salted, dried, limed, pickled or otherwise preserved, whether or not dehaired or split (excluding tanned, parchment-dressed or further prepared)",206467.0
202607,410390,"Raw hides and skins, fresh, or salted, dried, limed, pickled or otherwise preserved, whether or not dehaired, incl. birdskins without feathers or down (excluding tanned, parchment-dressed or further prepared, hides and skins of bovine incl. buffalo"" animals, equine animals, sheep, lambs, reptiles and s""",595443.0
202607,410411,"Full grains, unsplit and grain splits, in the wet state incl. wet-blue"", of hides and skins of bovine ""incl. buffalo"" or equine animals, tanned, without hair on (excluding further prepared)""",21082278.0
202607,410419,"Hides and skins of bovine incl. buffalo"" or equine animals, in the wet state ""incl. wet-blue"", tanned, without hair on, whether or not split (excluding further prepared and full grains, unsplit and grain splits)""",13037085.0
202607,410441,"Full grains leather, unsplit and grain splits leather, in the dry state crust"", of hides and skins of bovine ""incl. buffalo"" or equine animals, without hair on (excluding further prepared)""",16928214.0
202607,410449,"Hides and skins of bovine incl. buffalo"" or equine animals, in the dry state ""crust"", without hair on, whether or not split (excluding further prepared and full grains, unsplit and grain splits)""",410585.0
202607,410510,"Skins of sheep or lambs, in the wet state incl. wet-blue"", tanned, without wool on, whether or not split (excluding further prepared and pre-tanned only)""",722719.0
202607,410530,"Skins of sheep or lambs, in the dry state crust"", without wool on, whether or not split (excluding further prepared and pre-tanned only)""",86442.0
202607,410621,"Hides and skins of goats or kids, in the wet state incl. wet-blue"", tanned, without wool on, whether or not split (excluding further prepared and pre-tanned only)""",1802687.0
202607,410622,"Hides and skins of goats or kids, in the dry state crust"", without wool on, whether or not split (excluding further prepared and pre-tanned only)""",262281.0
202607,410631,"Hides and skins of swine, in the wet state (incl. wet-blue), tanned, without wool on, whether or not split (excluding further prepared and pre-tanned only)",1628158.0
202607,410632,"Hides and skins of swine, in the dry state (crust), without wool on, whether or not split (excluding further prepared and pre-tanned only)",63.0
202607,410640,"Tanned or crust hides and skins of reptiles, whether or not split (excluding further prepared)",931877.0
202607,410691,"Hides and skins of antelopes, deer, elks, elephants and other animals, incl. sea animals, without wool or hair on, and leather of hairless animals, in the wet state incl. wet-blue"", tanned, whether or not split (excluding further prepared and of bovine and equine animals, sheep and lambs, goats and kids, swine and reptiles, and pre-tanned only)""",554733.0
202607,410692,"Hides and skins of antelopes, deer, elks, elephants and other animals, incl. sea animals, without wool or hair on, and leather of hairless animals, in the dry state crust"", whether or not split (excluding further prepared and of bovine and equine animals, sheep and lambs, goats and kids, swine and reptiles, and pre-tanned only)""",121693.0
202607,410711,"Full grains leather incl. parchment-dressed leather"", unsplit, of the whole hides and skins of bovine ""incl. buffalo"" or equine animals, further prepared after tanning or crusting, without hair on (excluding chamois leather, patent leather and patent laminated leather, and metallised leather)""",2126910.0
202607,410712,"Grain splits leather incl. parchment-dressed leather"", of the whole hides and skins of bovine ""incl. buffalo"" or equine animals, further prepared after tanning or crusting, without hair on (excluding chamois leather, patent leather and patent laminated leather, and metallised leather)""",10170757.0
202607,410719,"Leather incl. parchment-dressed leather"" of the whole hides and skins of bovine ""incl. buffalo"" or equine animals, further prepared after tanning or crusting, without hair on (excluding unsplit full grains leather, grain splits leather, chamois leather, patent leather and patent laminated leather, and metallised leather)""",743591.0
202607,410791,"Full grains leather incl. parchment-dressed leather"", unsplit, of the portions, strips or sheets of hides and skins of bovine ""incl. buffalo"" or equine animals, further prepared after tanning or crusting, without hair on (excluding chamois leather, patent leather and patent laminated leather, and metallised leather)""",2404163.0
202607,410792,"Grain splits leather incl. parchment-dressed leather"", of the portions, strips or sheets of hides and skins of bovine ""incl. buffalo"" or equine animals, further prepared after tanning or crusting, without hair on (excluding chamois leather, patent leather and patent laminated leather, and metallised leather)""",17534555.0
202607,410799,"Leather incl. parchment-dressed leather"" of the portions, strips or sheets of hides and skins of bovine ""incl. buffalo"" or equine animals, further prepared after tanning or crusting, without hair on (excluding unsplit full grains leather, grain splits leather, chamois leather, patent leather and patent laminated leather, and metallised leather)""",4476531.0
202607,411200,"Leather further prepared after tanning or crusting, including parchmentdressed leather, of sheep or lamb, without wool on, whether or not split, other than leather of heading 41.14",3443288.0
202607,411310,"Leather further prepared after tanning or crusting incl. parchment-dressed leather"", of goats or kids, without wool or hair on, whether or not split (excluding chamois leather, patent leather and patent laminated leather, and metallised leather)""",1922023.0
202607,411320,"Leather further prepared after tanning or crusting incl. parchment-dressed leather"", of pigs, without hair on, whether or not split (excluding chamois leather, patent leather and patent laminated leather, and metallised leather)""",248232.0
202607,411330,"Leather further prepared after tanning or crusting incl. parchment-dressed leather"", of reptiles,, whether or not split (excluding chamois leather, patent leather and patent laminated leather, and metallised leather)""",341675.0
202607,411390,"Leather further prepared after tanning or crusting incl. parchment-dressed leather"", of antelopes, deer, elks, elephants and other animals, incl. sea animals, without wool or hair on, and leather of hairless animals, whether or not split (excluding leather of bovine and equine animals, sheep and lambs, goats or kids, swine and reptiles, and chamois leather, patent leather, patent laminated leather and metallised leather)""",182737.0
202607,411410,Chamois (including combination chamois) leather,114155.0
202607,411420,Patent leather and patent laminated leather; metallised leather,2464590.0
202607,411510,"Composition leather with a basis of leather or leather fibre, inslabs, sheets or strip, whether or not in rolls",1349604.0
202607,420100,"Saddlery and harness for any animal, incl. traces, leads, knee pads, muzzles, saddle cloths, saddlebags, dog coats and the like, of any material",1556367.0
202607,420211,"Trunks, suitcases, vanity cases, executive-cases, briefcases, school satchels and similar containers, with outer surface of leather, composition leather or patent leather",2197573.0
202607,420212,"Trunks, suitcases, vanity cases, executive-cases, briefcases, school satchels and similar containers, with outer surface of plastics or textile materials",11956639.0
202607,420219,"Trunks, suitcases, vanity cases, executive-cases, briefcases, school satchels and similar containers (excluding with outer surface of leather, composition leather, patent leather",1071119.0
202607,420221,"Handbags, whether or not with shoulder straps, incl. those without handles, with outer surface of leather, composition leather or patent leather",195948202.0
202607,420222,"Handbags, whether or not with shoulder straps, incl. those without handles, with outer surface of plastic sheeting or textile materials",208716057.0
202607,420229,"Handbags, whether or not with shoulder strap, incl. those without handle, with outer surface of vulcanised fibre or paperboard, or wholly or mainly covered with such materials or with paper",131106.0
202607,420231,"Wallets, purses, key-pouches, cigarette-cases, tobacco-pouches and similar articles carried in the pocket or handbag, with outer surface of leather, composition leather or patent leather",10914070.0
202607,420232,"Wallets, purses, key-pouches, cigarette-cases, tobacco-pouches and similar articles carried in the pocket or handbag, with outer surface of plastic sheeting or textile materials",6612445.0
202607,420239,"Wallets, purses, key-cases, cigarette-cases, tobacco-pouches and similar articles of a kind normally carried in the pocket or handbag, with outer surface of vulcanised fibre or paperboard, or wholly or mainly covered with such materials or with paper, incl. spectacle cases of moulded plastic material",113254.0
202607,420291,"Travelling-bags, insulated food or beverage bags, toilet bags, rucksacks, shopping-bags, map-cases, tool bags, sports bags, jewellery boxes, cutlery cases, binocular cases, camera cases, musical instrument cases, gun cases, holsters and similar containers, with outer surface of leather, composition leather or patent leather (excluding trunks, briefcases, school satchels and similar containers, handbags and articles normally carried in the pocket or handbag)",9043111.0
202607,420292,"Travelling-bags, insulated food or beverage bags, toilet bags, rucksacks, shopping-bags, map-cases, tool bags, sports bags, jewellery boxes, cutlery cases, binocular cases, camera cases, musical instrument cases, gun cases, holsters and similar containers, with outer surface of plastic sheeting or textile materials (excluding trunks, briefcases, school satchels and similar containers, handbags and articles carried in the pocket or handbag)",45020534.0
202607,420299,"Travelling-bags, shopping or tool bags, jewellery boxes, cutlery cases and similar, with outer surface of vulcanised fibre or paperboard; cases for binoculars, cameras, musical instruments, guns, holsters and similar containers with outer surface of materials (not leather, plastic sheeting or textile materials) (excluding trunks, briefcases, school satchels and similar; handbags; articles normally carried in pocket or handbag)",1512875.0
202607,420310,Articles of apparel,13764851.0
202607,420321,"Gloves of lather or of composition leather, specially designed for use in sports",878782.0
202607,420329,"Gloves, mittens and mitts, of leather or composition leather (excluding special sports gloves)",387296.0
202607,420330,"Belts and bandoliers,of lather or composition leather",14948936.0
202607,420340,"Other clothing accessories,of leather or of composition leather",181980.0
202607,420500,Other articles of leather or of composition leather,6774299.0
202607,420600,"Articles of gut (other than silkworm gut), of goldbeater's skin, of bladders or of tendons.",23075.0
202607,430160,"Raw furskins of fox, with or without heads, tails or paws",7710089.0
202607,430180,"Other furskins, whole, with or without head, tail or paws",296467.0
202607,430211,"Tanned or dressed furskins of mink, whole, with or without heads, tails or paws, not assembled",73585124.0
202607,430219,"Other tanned or dressed furskins, whole, with or without heads, tails or paws, not assembled",25646887.0
202607,430220,"Heads, tails, paws and other pieces or cuttings, not assembled",185847.0
202607,430230,"Whole skins and pieces or cuttings thereof, assembled",183399.0
202607,430310,Articles of apparel and clothing accessories,7430975.0
202607,430390,"Articles of furskin (excluding articles of apparel, clothing accessories and goods of chapter 95, e.g. toys, games and sports equipment)",1558703.0
202607,430400,Artificial fur and articles thereof,148224.0
202607,440112,"Fuel wood, in logs, billets, twigs, faggots or similar forms, non-coniferous",62771.0
202607,440121,Coniferous wood in chips or particles (excluding those of a kind used principally for dying or tanning purposes),12320315.0
202607,440122,"Wood in chips or particles (excluding those of a kind used principally for dying or tanning purposes, and coniferous wood)",291406155.0
202607,440210,"Bamboo charcoal, incl. shell or nut charcoal, whether or not agglomerated",125.0
202607,440220,"Shell or nut charcoal, whether or not agglomerated",14123200.0
202607,440290,"Other wood charcoal, whether or not agglomerated",3223540.0
202607,440311,"Wood in the rough, treated with paint, stains, creosote or other preservatives, coniferous",1040685.0
202607,440321,"Wood of pine (Pinus spp.) in the rough, of which the smallest cross-sectionaldimension is 15 cm or more",205958029.0
202607,440322,"Wood in the rough, of pine (Pinus spp.), of which the smallestcross-sectional dimension ＜15 cm",2132634.0
202607,440323,"Wood of fir (Abies spp.) and spruce (Picea spp.), of which the smallestcross-sectional dimension is 15 cm or more",19037430.0
202607,440324,"Wood in the rough, of fir (Abies spp.) and spruce (Picea spp.), of which the smallestcross-sectional dimension ＜15 cm",223456.0
202607,440325,"Other coniferous wood in the rough, of which the smallest cross-sectional dimension is 15 cm ormore",46806994.0
202607,440326,"Other coniferous wood in the rough,of which the smallestcross-sectional dimension ＜15 cm",2911252.0
202607,440342,Teak wood in the rough,863300.0
202607,440349,Tropical wood specified in the Subheading Note 1 to this chapter in the rough,48642220.0
202607,440391,Wood in the rough of oak (Quercus spp.),70372159.0
202607,440393,"Wood of beech (Fagus spp.) in the rough, of which the smallest cross-sectionaldimension is 15 cm or more",11192572.0
202607,440395,"wood of birch (Betula spp.)  in the rough, of which the smallest cross-sectionaldimension is 15 cm or more",3394445.0
202607,440396,"Wood in the rough of birch (Betula spp.), of which the smallest cross-sectionaldimension  ＜15 cm",41085.0
202607,440397,Wood in the rough of poplar and aspen (Populus spp.),1258355.0
202607,440398,Wood in the rough of eucalyptus (Eucalyptus spp.),6030431.0
202607,440399,Other non-coniferous wood in the rough,35741729.0
202607,440420,Nonconiferous,460560.0
202607,440500,Wood wool; wood flour.,144798.0
202607,440692,"Railway or tramway sleepers cross-ties"" of wood, impregnated, non-coniferous""",22712.0
202607,440711,"Pine (Pinus spp.) sawn or chipped lengthwise, sliced or peeled, whether or not planed, sanded or end-jointed, of a thickness＞6 mm",130834710.0
202607,440712,"Fir (Abies spp.)and spruce Picea spp."" sawn or chipped lengthwise, sliced or peeled, whether or not planed, sanded or end-jointed, of a thickness ＞6mm""",111750681.0
202607,440713,"Wood of S-P-F (spruce (Picea spp.), pine (Pinus spp.) and fir (Abiesspp.),sawn lenghwise, thick＞6mm",4357064.0
202607,440714,"Wood of Hem-fir (Western hemlock (Tsuga heterophylla) and fir (Abiesspp.)),sawn lenghwise, thick＞6mm",7629109.0
202607,440719,"Coniferous wood sawn or chipped lengthwise, sliced or peeled, whether or not planed, sanded or end-jointed, of a thickness of＞6mm (excl. pine Pinus spp."", fir ""Abies spp."" and spruce ""Picea spp."")""",24293213.0
202607,440721,"Mahogany Swietenia spp."", sawn or chipped lengthwise, sliced or peeled, whether or not planed, sanded or end-jointed, of a thickness of ＞ 6 mm""",25926.0
202607,440722,"Virola, Imbuia and Balsa, sawn or chipped lengthwise, sliced or peeled, whether or not planed, sanded or end-jointed, of a thickness of ＞ 6 mm",7620819.0
202607,440723,"Teak wood, sawn lengthwise,thick＞6mm",4159110.0
202607,440725,"Dark Red Meranti, Light Red Meranti and Meranti Bakau, sawn or chipped lengthwise, sliced or peeled, whether or not planed, sanded or end-jointed, of a thickness of ＞ 6 mm",250886.0
202607,440727,"Sapelli, sawn or chipped lengthwise, sliced or peeled, whether or not planed, sanded or end-jointed, of a thickness of ＞ 6 mm",2479466.0
202607,440729,Other Tropical wood,144642719.0
202607,440791,"Oak (Quercus spp.)Tropical wood specified in Subheading Note 2 to this chapter, sawn or chipped lengthwise, sliced or peeled, whether or not planed, sanded or end-jointed, of a thickness of ＞ 6 mm",38535009.0
202607,440792,"Beech (Fagus spp.)Tropical wood specified in Subheading Note 2 to this chapter, sawn or chipped lengthwise, sliced or peeled, whether or not planed, sanded or end-jointed, of a thickness of ＞ 6 mm",21216109.0
202607,440793,"Maple (Acer spp.)Tropical wood specified in Subheading Note 2 to this chapter, sawn or chipped lengthwise, sliced or peeled, whether or not planed, sanded or end-jointed, of a thickness of ＞ 6 mm",5597916.0
202607,440794,"Cherry (Prunus spp.)Tropical wood specified in Subheading Note 2 to this chapter, sawn or chipped lengthwise, sliced or peeled, whether or not planed, sanded or end-jointed, of a thickness of ＞ 6 mm",7598233.0
202607,440795,"Aash (Fraxinus spp.)Tropical wood specified in Subheading Note 2 to this chapter, sawn or chipped lengthwise, sliced or peeled, whether or not planed, sanded or end-jointed, of a thickness of ＞ 6 mm",19769274.0
202607,440796,"Birch (Betula spp.)Tropical wood specified in Subheading Note 2 to this chapter, sawn or chipped lengthwise, sliced or peeled, whether or not planed, sanded or end-jointed, of a thickness of ＞ 6 mm",14872340.0
202607,440797,"Poplar and aspen (Populus spp.)Tropical wood specified in Subheading Note 2 to this chapter, sawn or chipped lengthwise, sliced or peeled, whether or not planed, sanded or end-jointed, of a thickness of ＞ 6 mm",569210.0
202607,440799,"Wood, sawn or chipped lengthwise, sliced or peeled, whether or not planed, sanded or end-jointed, of a thickness of ＞ 6 mm",48577977.0
202607,440810,"Sheets for veneering, incl. those obtained by slicing laminated wood, for coniferous plywood or for other similar laminated coniferous wood and other coniferous wood, sawn lengthwise, sliced or peeled, whether or not planed, sanded, spliced or end-jointed, of a thickness of ≤ 6 mm",1382022.0
202607,440839,"Sheets for veneering, incl. those obtained by slicing laminated wood, for plywood or for other similar laminated wood and other wood, sawn lengthwise, sliced or peeled, whether or not planed, sanded, spliced or end-jointed, of a thickness of ≤ 6 mm, of tropical wood specified in Subheading Note 1 to this chapter (excluding dark red meranti, light red meranti and meranti bakau)",4473917.0
202607,440890,"Sheets for veneering, incl. those obtained by slicing laminated wood, for plywood or for other similar laminated wood and other wood, sawn lengthwise, sliced or peeled, whether or not planed, sanded, spliced or end-jointed, of a thickness of ≤ 6 mm (excluding tropical wood specified in Subheading Note 2 to this chapter and coniferous wood)",22304794.0
202607,440910,"Coniferous wood, incl. strips and friezes for parquet flooring, not assembled, continuously shaped tongued, grooved, rebated, chamfered, V-jointed beaded, moulded, rounded or the like"" along any of its edges, ends or faces, whether or not planed, sanded or end-jointed""",46728.0
202607,440921,"Bamboo, incl. strips and friezes for parquet flooring, not assembled, continuously shaped tongued, grooved, rebated, chamfered, V-jointed beaded, moulded, rounded or the like"" along any of its edges, ends or faces, whether or not planed, sanded or end-jointed""",127.0
202607,440922,"Tropical wood, incl. strips and friezes for parquet flooring, not assembled, continuously shaped tongued, grooved, rebated, chamfered, V-jointed beaded, moulded, rounded or the like"" along any of its edges, ends or faces, whether or not planed, sanded or end-jointed""",4838398.0
202607,440929,"Wood, incl. strips and friezes for parquet flooring, not assembled, continuously shaped tongued, grooved, rebated, chamfered, V-jointed beaded, moulded, rounded or the like"" along any of its edges, ends or faces, whether or not planed, sanded or end-jointed (excluding coniferous wood and bamboo)""",4986801.0
202607,441011,"Particle board of wood, whether or not agglomerated with resins or other organic binding substances (excluding oriented strand board and waferboard, fibreboard and cellular wood panels)",15267131.0
202607,441012,"Oriented strand board OSB"", of wood""",1173593.0
202607,441019,"Waferboard and similar board, of wood, whether or not agglomerated with resins or other organic binding substances (excluding particle board, oriented strand board, fibreboard and cellular wood panels)",2858154.0
202607,441112,Medium density fibreboard (MDF) of a thickness not exceeding 5 mm,1298684.0
202607,441113,Medium density fibreboard (MDF) of a thickness exceeding 5 mm but not exceeding 9 mm,507117.0
202607,441114,Medium density fibreboard (MDF) of a thickness exceeding 9 mm,2349441.0
202607,441192,"Other ligneous materials,of a density exceeding 0.8 g/cm3",420627.0
202607,441193,"Other ligneous materials,of a density exceeding 0.5 g/cm3 but not exceeding 0.8 g/cm3",36.0
202607,441194,"Other ligneous materials,of a density not exceeding 0.5 g/cm3",11978.0
202607,441210,"Plywood, veneered panel and similar laminated wood, of bamboo",19399.0
202607,441231,"Other plywood, consisting solely of sheets of wood (other than bamboo), each ply not exceeding 6 mm thickness With at least one outer ply of tropical wood",319198.0
202607,441233,"Other plywood consisting soley of sheets of wood, with at least one outer ply of nonconiferous wood of the species alder (Alnus spp.), ash (Fraxinus spp.), beech (Fagus spp.), birch (Betula spp.), cherry (Prunus spp.), chestnut (Castanea spp.), elm (Ulmus spp.), eucalyptus(Eucalyptus spp.), hickory (Carya spp.), horse chestnut (Aesculus spp.), lime (Tilia spp.), maple (Acer spp.), oak (Quercus spp.), plane tree (Platanus spp.), poplar and aspen (Populus spp.), robinia (Robinia spp.), tulipwood (Liriodendron spp.) or walnut (Juglans spp.)",15452534.0
202607,441234,"Other plywood, with at least one outer ply of nonconiferous wood not specified under subheading 4412.33",24470.0
202607,441239,"Other plywood, with both outer plies of coniferous wood",96352.0
202607,441251,"Blockboard, laminboard and battenboard,with at least one outer ply of tropical wood",47883.0
202607,441252,"Other blockboard, laminboard and battenboard, with at least one outer ply of non-coniferous wood",246987.0
202607,441291,"Other plywood, veneered panels and similar laminated wood, with at least one outer ply of tropical wood",25186.0
202607,441292,"Other plywood, veneered panels and similar laminated wood, with at least one outer ply of other non-coniferous wood",1024492.0
202607,441299,"Other plywood, veneered panels and similar laminated wood, with both outer plies of coniferous wood",20268.0
202607,441300,"Densified wood, in blocks, plates, strips or profile shapes",7200078.0
202607,441410,"Frames for paintings, photographs, mirrors or similar objects, of tropical wood",10464.0
202607,441490,"Frames for paintings, photographs, mirrors or similar objects, of non-tropical wood",115151.0
202607,441510,"Wood cases, boxes, crates, drums and similar packings; cabledrums",1218419.0
202607,441520,"Wood pallets, box pallets and other load boards; pallet collars",683479.0
202607,441600,"Wood casks, barrels, vats, tubs and other coopers' products and parts thereof, of wood, including staves",3655572.0
202607,441700,"Tools, tool bodies, tool handles, broom or brush bodies and handles, of wood; boot or shoe lasts and trees, of wood",192305.0
202607,441819,"Windows, French windows and their frames, of non-tropical wood",1149.0
202607,441821,"Doors and their frames and thresholds, of tropical wood",2066.0
202607,441829,"Doors and their frames and thresholds, of non-tropical wood",745831.0
202607,441830,Posts and beams other than products of subheadings 4418.81 to4418.89,2635.0
202607,441850,Shingles and shakes,173007.0
202607,441873,Flooring panels of bamboo or with at least the top layer (wear layer) of bamboo,82.0
202607,441874,"Flooring panels for mosaic floors, assembled, of wood other than bamboo",35729.0
202607,441875,"Flooring panels, multilayer, assembled, of wood other than bamboo (excl. for mosaic floors)",1581923.0
202607,441879,"Flooring panels, assembled, of wood (excluding multilayer panels and flooring panels for mosaic floors)",40462.0
202607,441881,"Glue-laminated timber (glulam), of wood",152629.0
202607,441882,"Cross-laminated timber (CLT or X-lam), of wood",86.0
202607,441891,"Other builders' joinery and carpentry, of bamboo",65.0
202607,441899,"Builders’ joinery and carpentry of wood, nes",465352.0
202607,441911,"Bread boards, chopping boards and similar boards, of bamboo",232.0
202607,441912,Chopsticks of bamboo,6658.0
202607,441919,"Tableware and kitchenware, of bamboo (excl. chopsticks, bread boards, chopping boards and similar boards)",26317.0
202607,441920,"Tableware and kitchenware, of tropical wood",406070.0
202607,441990,"Tableware and kitchenware, of other wood",1513420.0
202607,442011,"Statuettes and other ornaments, of tropical wood",83176.0
202607,442019,"Statuettes and other ornaments, of non-tropical wood",537032.0
202607,442090,"Wood marquetry and inlaid wood; caskets and cases for jewellery or cutlery, and similar articles, of wood; wooden articles of furniture (excluding statuettes and other ornaments; furniture, lighting fixtures and parts thereof)",1034910.0
202607,442110,Clothes hangers of wood,196090.0
202607,442191,"Articles of bamboo, nes",10879.0
202607,442199,"Articles of wood, nes",33957581.0
202607,450110,"Natural cork, raw or simply prepared",700079.0
202607,450190,"Cork waste; crushed, powdered or ground cork",104434.0
202607,450200,"Natural cork, debacked or roughly squared, or in square or rectangular blocks, plates, sheets or strip, incl. sharp-edged blanks for corks or stoppers",24539.0
202607,450310,Corks and stoppers,229378.0
202607,450390,Other articles of natural cork.,123974.0
202607,450410,"Tiles of any shape, blocks, plates, sheets and strip, solid cylinders, incl. discs, of agglomerated cork",1611991.0
202607,450490,"Other agglomerated cork, with or without a binding substance, and articles of agglomerated cork",106524.0
202607,460121,"Mats, matting and screens of bamboo plaiting materials, flat-woven or bound together in parallel",5504.0
202607,460122,"Mats, matting and screens, of rattan plaiting materials, flat-woven or bound together in parallel",42702.0
202607,460129,"Mats, matting and screens, of vegetable plaiting materials, flat-woven or bound together in parallel (excluding of bamboo and rattan)",249.0
202607,460192,"Plaits and similar products, of bamboo plaiting materials, whether or not assembled into strips; plaiting materials, plaits and similar products of bamboo, flat-woven or bound together in parallel (excluding mats, matting and screens; wallcoverings of heading 4814; parts of footware or headgear)",1179.0
202607,460193,"Plaits and similar products, of rattan plaiting materials, whether or not assembled into strips; plaiting materials, plaits and similar products of rattan, flat-woven or bound together in parallel (excluding mats, matting and screens; wallcoverings of heading 4814; parts of footware or headgear)",3447.0
202607,460194,"Plaits and similar products of vegetable plaiting materials, whether or not assembled into strips; plaiting materials, plaits and similar products of vegetable plaiting materials, flat-woven or bound together in parallel (excluding of bamboo and rattan; mats, matting and screens; wallcoverings of heading 4814; parts of footware or headgear)",144477.0
202607,460199,"Plaiting materials, plaits and similar products of non-vegetable plaiting materials, flat-woven or bound together in parallel (excluding wallcoverings of heading 4814; parts of footware or headgear)",102223.0
202607,460211,"Basketwork, wickerwork and other articles, made directly to shape from bamboo plaiting materials or made up from goods of bamboo plaiting materials of heading 4601, and articles of loofah",202149.0
202607,460212,"Basketwork, wickerwork and other articles, made directly to shape from rattan plaiting materials or made up from goods of rattan plaiting materials of heading 4601, and articles of loofah",741801.0
202607,460219,"Basketwork, wickerwork and other articles, made directly to shape from vegetable plaiting materials or made up from goods of vegetable plaiting materials of heading 4601, and articles of loofah",585553.0
202607,460290,"Basketwork, wickerwork and other articles, made directly to shape from non-vegetable plaiting materials or made up from goods of non-vegetable plaiting materials of heading 4601",634751.0
202607,470100,Mechanical wood pulp,661602.0
202607,470200,"Chemical wood pulp, dissolving grades",345510975.0
202607,470311,"Unbleached coniferous chemical wood pulp, soda or sulphate",47532267.0
202607,470319,"Unbleached non-coniferous chemical wood pulp, soda or sulphate",163196.0
202607,470321,"Semi-bleached or bleached coniferous chemical wood pulp, soda or sulphate",428747384.0
202607,470329,"Semi-bleached or bleached non-coniferous chemical wood pulp, soda or sulphate",672058929.0
202607,470411,"Unbleached coniferous chemical wood pulp, sulphite",391432.0
202607,470421,"Semi-bleached or bleached coniferous chemical wood pulp, sulphite",2266057.0
202607,470429,"Semi-bleached or bleached non-coniferous chemical wood pulp, sulphite",85469.0
202607,470500,Wood pulp obtained by a combination of mechanical and chemical pulping processes.,42709376.0
202607,470610,Cotton linters pulp,1653131.0
202607,470620,Pulps of fibres derived from recovered (waste and scrap) paper or paperboard,98291597.0
202607,470630,Pulps of fibrous cellulosic bamboo material,22331.0
202607,470692,Chemical pulp of fibrous cellulosic material,2918177.0
202607,470693,Plup obtained by a combination of mechanical and chemical processes,61040.0
202607,470710,Unbleached kraft paper or paperboard or corrugated paper or paperboard,4926949.0
202607,470720,"Other paper or paperboard made mainly of bleached chemical pulp, not coloured in the mass",1510262.0
202607,470730,"Paper or paperboard made mainly of mechanical pulp (for example, newspapers, journals and similar printed matter)",402948.0
202607,480100,"Newsprint, in rolls or sheets",10079897.0
202607,480210,Handmade paper and paperboard,95585.0
202607,480220,"Paper and paperboard of a kind used as a base for photosensitive, heatsensitive or electrosensitive paper or paperboard",221065.0
202607,480240,Wallpaper base,10562.0
202607,480254,"Other paper and paperboard, not containing fibres obtained by a mechanical or chemi-mechanical process or of which not more than 10% by weight of the total fibre content consists of such fibres, weighing less than 40 g/m2",1749089.0
202607,480255,"Other uncoated paper, weighing 40 g/m2 or more but not more than 150 g/m2, in rolls",6790221.0
202607,480256,"Uncoated paper and paperboard, of a kind used for writing, printing or other graphic purposes, and non-perforated punchcards and punch-tape paper, in rolls or in square or rectangular sheets, of any size, not containing fibres obtained by a mechanical or chemi-mechanical process or of which ≤ 10% by weight of the total fibre content consists of such fibres, weighing ＜ 40 g/m2, n.e.s.",705601.0
202607,480257,"Uncoated paper and paperboard, of a kind used for writing, printing or other graphic purposes, and non-perforated punchcards and punch-tape paper, in rolls of any size, not containing fibres obtained by a mechanical or chemi-mechanical process or of which ≤ 10% by weight of the total fibre content consists of such fibres, and weighing 40 g to 150 g/m2, n.e.s.",969593.0
202607,480258,"Uncoated paper and paperboard, of a kind used for writing, printing or other graphic purposes, and non-perforated punchcards and punch-tape paper, in rolls or in square or rectangular sheets, of any size, not containing fibres obtained by a mechanical or chemi-mechanical process or of which ≤ 10% by weight of the total fibre content consists of such fibres, weighing ＞ 150 g/m2, n.e.s.",3586326.0
202607,480261,"Uncoated paper and paperboard, of a kind used for writing, printing or other graphic purposes, and non-perforated punchcards and punch-tape paper, in rolls of any size, of which ＞ 10% by weight of the total fibre content consists of fibres obtained by a mechanical or chemi-mechanical process, n.e.s.",8122714.0
202607,480262,"Uncoated paper in sheets, with one side not exceeding 435 mm and the other side not exceeding 297 mm in the unfolded state",3426323.0
202607,480269,"Uncoated paper and paperboard, of a kind used for writing, printing or other graphic purposes, and non-perforated punchcards and punch-tape paper, in square or rectangular sheets with one side ＞ 435 mm or with one side ≤ 435 mm and the other side ＞ 297 mm in the unfolded state, of which ＞ 10% by weight of the total fibre content consists of fibres obtained by a mechanical or chemi-mechanical process, n.e.s.",613066.0
202607,480300,"Toilet or facial tissue stock, towel or napkin stock and similar paper of a kind used for household or sanitary purposes, cellulose wadding and webs of cellulose fibres, whether or not creped, crinkled, embossed, perforated, surfacecoloured, surfacedecorated or printed, in rolls or sheets.",4240180.0
202607,480411,"Unbleached kraftliner, uncoated",34838968.0
202607,480419,"Kraftliner, uncoated",323598.0
202607,480421,"Unbleached sack kraft paper, uncoated",18077135.0
202607,480429,"Sack kraft paper, uncoated",2749895.0
202607,480431,"Unbleached kraft paper and paperboard, uncoated,weighing ≤ 150 g/m2",6903505.0
202607,480439,"Kraft paper and paperboard, uncoated,weighing ≤ 150 g/m2",4961186.0
202607,480441,"Unbleached kraft paper and paperboard, uncoated, weighing ＞ 150 g to ＜ 225 g/m2",499608.0
202607,480442,Bleached uniformly throughout the mass and of which more than 95% by weight of the total fibre content consists of wood fibres obtained by a chemical process,238007.0
202607,480449,"Kraft paper and paperboard, uncoated,weighing ＞ 150 g to ＜ 225 g/m2",711343.0
202607,480451,"Unbleached kraft paper and paperboard, uncoated",2088328.0
202607,480452,Bleached uniformly throughout the mass and of which more than 95% by weight of the total fibre content consists of wood obtained by a chemical process,339812.0
202607,480459,"Kraft paper and paperboard, uncoated,weighing ≥ 225 g/m2",52141.0
202607,480511,Semichemical fluting paper,2709115.0
202607,480519,Other fluting paper,46043879.0
202607,480524,"Testliner (recycled liner board), weighing 150 g/m2 or less",38119994.0
202607,480525,"Testliner (recycled liner board), weighing more than 150 g/m2",59992004.0
202607,480530,Sulphite wrapping paper,255.0
202607,480540,Filter paper and paperboard,2654535.0
202607,480550,Felt paper and paperboard,580061.0
202607,480591,"Paper and paperboard, uncoated, weighing 150 g/m2 or less",12838840.0
202607,480592,"Paper and paperboard, uncoated, weighing more than 150 g/m2 but less than 225 g/m2",421364.0
202607,480593,"Paper and paperboard, uncoated, weighing 225 g/m2 or more",15943951.0
202607,480610,Vegetable parchment,66122.0
202607,480620,Greaseproof papers,754824.0
202607,480630,Tracing papers,7211.0
202607,480640,Glassine and other glazed transparent or translucent papers,3551884.0
202607,480700,"Composite paper and paperboard (made by sticking flat layers of paper or paperboard together with an adhesive), not surfacecoated or impregnated, whether or not internally reinforced, in rolls or sheets",2702204.0
202607,480810,"Corrugated paper and paperboard, whether or not perforated",185302.0
202607,480840,"Kraft paper, creped or crinkled, whether or not embossed or perforated",2099591.0
202607,480890,"Paper and paperboard, creped, crinkled, embossed or perforated",1075138.0
202607,480920,"Selfcopy paper,in rolls or sheets",19045.0
202607,480990,"Carbon paper and other copying or transfer papers,in rolls or sheets",424231.0
202607,481013,"Paper and paperboard of a kind used for writing, printing or other graphic purposes, not containing fibres obtained by a mechanical or chemi-mechanical process or of which not more than 10% by weight of the total fibre content consists of such fibres, in rolls",11321387.0
202607,481014,"Paper for writing, in sheets with one side not exceeding 435 mm and the other side not exceeding 297 mm in the unfolded state",51744.0
202607,481019,"Paper and paperboard of a kind used for writing, printing or other graphic purposes, not containing fibres obtained by a mechanical or chemi-mechanical process or of which not more than 10% by weight of the total fibre content consists of such fibres, Other",3535991.0
202607,481022,"Lightweight coated paper, Paper and paperboard of a kind used for writing, printing or other graphic purposes, of which more than 10% by weight of the total fibre content consists of fibres obtained by a mechanical or chemi-mechanical process",314916.0
202607,481029,"Paper and paperboard of a kind used for writing, printing or other graphic purposes, of which more than 10% by weight of the total fibre content consists of fibres obtained by a mechanical or chemi-mechanical process,Other",1507870.0
202607,481031,"Kraft paper and paperboard, bleached uniformly throughout the mass and containing ＞ 95% chemically processed wood fibres by weight in relation to the total fibre content, coated on one or both sides with kaolin or other inorganic substances, in rolls or in square or rectangular sheets, of any size, weighing ≤ 150 g/m2 (excluding that for writing, printing or other graphic purposes)",1427203.0
202607,481032,"Kraft paper and paperboard, bleached uniformly throughout the mass and containing ＞ 95% chemically processed wood fibres by weight in relation to the total fibre content, coated on one or both sides with kaolin or other inorganic substances, in rolls or in square or rectangular sheets, of any size, weighing ＞ 150 g/m2 (excluding that for writing, printing or other graphic purposes)",8347863.0
202607,481039,"Kraft paper and paperboard, coated on one or both sides with kaolin or other inorganic substances, in rolls or in square or rectangular sheets, of any size (excluding that for writing, printing or other graphic purposes; paper and paperboard bleached uniformly in the mass and containing ＞ 95% chemically processed wood fibres by weight in relation to the total fibre content)",8793621.0
202607,481092,"Multi-ply paper and paperboard, coated on one or both sides with kaolin or other inorganic substances, in rolls or in square or rectangular sheets, of any size (excluding that for writing, printing or other graphic purposes, kraft paper and paperboard)",31696893.0
202607,481099,"Paper and paperboard, coated on one or both sides with kaolin China clay"" or other inorganic substances, with or without a binder, and with no other coating, whether or not surface-coloured, surface-decorated or printed, in rolls or in square or rectangular sheets, of any size (excluding that for writing, printing or other graphic purposes, kraft paper and paperboard, multi-ply paper and paperboard, and with no other coating)""",682435.0
202607,481110,"Tarred, bituminised or asphalted paper and paperboard",1193.0
202607,481141,"Self-adhesive paper and paperboard, surface-coloured, surface-decorated or printed, in rolls or in square or rectangular sheets, of any size",6130374.0
202607,481149,"Gummed or adhesive paper and paperboard, surface-coloured, surface-decorated or printed, in rolls or in square or rectangular sheets, of any size",183052.0
202607,481151,"Paper and paperboard, coated or impregnated or covered with plastics,bleached, weighing more than 150 g/m2",7249855.0
202607,481159,"Paper and paperboard, surface-coloured, surface-decorated or printed, coated, impregnated or covered with artificial resins or plastics, in rolls or in square or rectangular sheets, of any size, bleached and weighing ＞ 150 g/m2",11481809.0
202607,481160,"Paper and paperboard, coated, impregnated or covered with wax, paraffin wax, stearin, oil or glycerol",979138.0
202607,481190,"Other paper, paperboard, cellulose wadding and webs of cellulose fibres",10478898.0
202607,481200,"Filter blocks, slabs and plates, of paper pulp.",306632.0
202607,481320,Cigarette paper in rolls of a width of ≤ 5 cm,2784847.0
202607,481390,"Cigarette paper, whether or not cut to size (excluding in the form of booklets or tubes, and rolls of a width of ≤ 5 cm)",1415013.0
202607,481420,"Wallpaper and similar wall coverings, consisting of paper coated or covered, on the face side, with a grained, embossed, coloured,designprinted or otherwise decorated layer of plastics",960131.0
202607,481490,"Wallpaper and similar wallcoverings of paper, and window transparencies of paper,other",317281.0
202607,481620,Selfcopy paper,22576.0
202607,481690,Copying or transfer papers;stencils and offset plates of paper,340385.0
202607,481710,Envelopes,163387.0
202607,481720,"Letter cards, plain postcards and correspondence cards",19622.0
202607,481730,"Boxes, pouches, wallets and writing compendiums, of paper or paperboard, containing an assortment of paper stationery",29254.0
202607,481810,Toilet paper,798096.0
202607,481820,"Handkerchiefs, cleansing or facial tissues and towels",126214.0
202607,481830,Tablecloths and serviettes,234386.0
202607,481850,Articles of apparel and clothing accessories,700.0
202607,481890,"Paper, cellulose wadding or webs of cellulose fibres, of a kind used for household or sanitary purposes, in rolls of a width ≤ 36 cm, or cut to size or shape; articles of paper pulp, paper, cellulose wadding or webs of cellulose fibres for household, sanitary or hospital use, other",620513.0
202607,481910,"Cartons, boxes and cases, of corrugated paper or paperboard",2075858.0
202607,481920,"Folding cartons, boxes and cases, of noncorrugated paper or paperboard",2961192.0
202607,481930,"Sacks and bags, having a base of a width of 40 cm or more",374184.0
202607,481940,"Other sacks and bags, including cones",1845690.0
202607,481950,"Other packing containers, including record sleeves",837664.0
202607,481960,"Box files, letter trays, storage boxes and similar articles, of a kind used in offices, shops or the like",20015.0
202607,482010,"Registers, account books, note books, order books, receipt books, letter pads, memorandum pads, diaries and similar articles",1460683.0
202607,482020,Exercise books,20728.0
202607,482030,"Paper binders (other than book covers), folders and file covers",69149.0
202607,482040,Manifold business forms and interleaved carbon sets,11773.0
202607,482050,Paper albums for samples or for collections,68518.0
202607,482090,"Blotting pads and similar articles of stationery, of paper and paperboard, and book covers of paper or paperboard,ofher",126428.0
202607,482110,"Paper or paperboard labels of all kinds, printed",6994839.0
202607,482190,"Paper or paperboard labels of all kinds, non-printed",1569930.0
202607,482210,"Bobbins, spools, cops and similar supports of paper pulp, paper or paperboard, whether or not perforated or hardened, for winding textile yarn",5654.0
202607,482290,"Bobbins, spools, cops and similar supports of paper pulp, paper or paperboard, whether or not perforated or hardened (excluding those for winding textile yarn)",331491.0
202607,482320,Filter paper and paperboard,1545904.0
202607,482340,"Paper in rolls, sheets and dials, printed for selfrecording apparatus",67405.0
202607,482361,"Trays, dishes, plates, cups and the like, of bamboo paper or bamboo paperboard",1268.0
202607,482369,"Trays, dishes, plates, cups and the like, of paper or paperboard (excluding of bamboo paper or bamboo paperboard)",198987.0
202607,482370,Moulded or pressed articles of paper pulp,354307.0
202607,482390,"Paper, paperboard, cellulose wadding and webs of cellulose fibres, in strips or rolls of a width ≤ 36 cm, in rectangular or square sheets, of which no side ＞ 36 cm in the unfolded state, or cut to shape other than rectangular or square, and ar",14413285.0
202607,490110,"Printed books, brochures and similar printed matter, in single sheets, whether or not folded",416470.0
202607,490191,"Dictionaries and encyclopaedias, and serial instalments thereof",17807.0
202607,490199,"Printed books, brochures and similar printed matter",20663065.0
202607,490210,Appearing at least four times a week,226366.0
202607,490290,"Newspapers, journals and periodicals, whether or not illustrated or containing advertising material (excluding those appearing at least four times a week)",4947315.0
202607,490300,"Children's picture, drawing or colouring books.",134290.0
202607,490400,"Music, printed or in manuscript, whether or not bound or illustrated",81449.0
202607,490520,"Maps and hydrographic or similar charts of all kinds,printed and in book form",16459.0
202607,490590,"Other maps and hydrographic or similar charts ,topographical plans and globes",10688.0
202607,490600,"Plans and drawings for architectural, engineering, industrial, commercial, topographical or similar purposes, being originals drawn by hand; handwritten texts; photographic reproductions on sensitised paper and carbon copies of the foregoing",21859.0
202607,490700,"Unused postage, revenue or similar stamps of current or new issue in the country in which they have, or will have, a recognised face value; stamp-impressed paper; banknotes; cheque forms; stock, share or bond certificates and similar documents of title",68930940.0
202607,490810,"Transfers (decalcomanias), vitrifiable",31676.0
202607,490890,"Transfers decalcomanias"" (excluding vitrifiable)""",11580656.0
202607,490900,"Printed or illustrated postcards; printed cards bearing personal greetings, messages or announcements, whether or not illustrated, with or without envelopes or trimmings.",172378.0
202607,491000,"Calendars of any kind, printed, including calendar blocks.",41475.0
202607,491110,"Trade advertising material, commercial catalogues and the like",2415944.0
202607,491191,"Pictures, designs and photographs",30777593.0
202607,491199,"Printed matter, n.e.s.",16469249.0
202607,500200,Raw silk (not thrown).,1931940.0
202607,500300,"Silk waste (including cocoons unsuitable for reeling, yarn waste and garnetted stock).",3722641.0
202607,500400,Silk yarn (other than yarn spun from silk waste) not put up for retail sale.,128753.0
202607,500500,"Yarn spun from silk waste, not put up for retail sale.",138217.0
202607,500600,"Silk yarn and yarn spun from silk waste, put up for retail sale;silkworm gut.",25070.0
202607,500710,Fabrics of noil silk,2226.0
202607,500720,"Other fabrics, containing 85% or more by weight of silk or of silk waste other than noil silk",777605.0
202607,500790,"Woven fabrics containing predominantly, but ＜ 85% silk or silk waste by weight",207035.0
202607,510111,"Greasy shorn wool, incl. fleece-washed wool, neither carded nor combed",245052750.0
202607,510121,"Shorn wool, degreased, non-carbonised, neither carded nor combed",7577986.0
202607,510129,"Degreased wool, non-carbonised, neither carded nor combed (excluding shorn wool)",2066450.0
202607,510130,"Carbonised wool, neither carded nor combed",535412.0
202607,510219,"Fine animal hair, neither carded nor combed (excluding wool and hair of Kashmir cashmere"" goats)""",513348.0
202607,510220,"Coarse animal hair, neither carded nor combed",1041356.0
202607,510400,Garnetted stock of wool or of fine or coarse animal hair.,558644.0
202607,510529,"Wool, combed (excluding that in fragments open tops"")""",2861311.0
202607,510539,"Other fine animal hair, carded or combed",39194764.0
202607,510610,"Yarn of carded wool, containing 85% or more by weight of woolm, not put up for retail sale.",1292342.0
202607,510620,"Yarn of carded wool, containing less than 85% by weight of wool, not put up for retail sale.",1138564.0
202607,510710,Yarn of combed wool containing 85% or more by weight of wool,6569763.0
202607,510720,Yarn of combed wool containing less than 85% by weight of wool,1251501.0
202607,510810,Carded yarn of fine animal hair,2641407.0
202607,510820,Combed yarn of fine animal hair,1256395.0
202607,510910,"Yarn containing ≥ 85% wool or fine animal hair by weight, put up for retail sale",123027.0
202607,510990,"Yarn containing predominantly, but ＜ 85% wool or fine animal hair by weight, put up for retail sale",137791.0
202607,511000,"Yarn of coarse animal hair or of horsehair (including gimped horsehair yarn), whether or not put up for retail sale.",202.0
202607,511111,Woven fabrics containing ≥ 85% carded wool or carded fine animal hair by weight and weighing ≤ 300 g/m2,1725658.0
202607,511119,Woven fabrics containing ≥ 85% carded wool or carded fine animal hair by weight and weighing ＞ 300 g/m2 (excluding fabrics for technical uses specificed in heading 5911),4289495.0
202607,511120,"Other, mixed mainly or solely with manmade filaments",751416.0
202607,511130,"Other, mixed mainly or solely with manmade staple fibres",2581314.0
202607,511190,"Woven fabrics containing predominantly, but ＜ 85% carded wool or carded fine animal hair by weight (excluding those mixed principally or solely with synthetic or artificial filaments or staple fibres)",779515.0
202607,511211,Woven fabrics containing ≥ 85% combed wool or combed fine animal hair by weight and weighing ≤ 200 g/m2 (excluding fabrics for technical uses of heading 5911),9875638.0
202607,511219,Woven fabrics containing ≥ 85% combed wool or combed fine animal hair by weight and weighing ＞ 200 g/m2,9746474.0
202607,511220,"Other, mixed mainly or solely with manmade filaments",603004.0
202607,511230,"Other, mixed mainly or solely with manmade staple fibres",1592644.0
202607,511290,"Other,woven fabrics containing predominantly, but ＜ 85% combed wool or combed fine animal hair by weight",1475622.0
202607,511300,Woven fabrics of coarse animal hair or of horsehair.,31479.0
202607,520100,"Cotton, not carded or combed.",169185156.0
202607,520300,"Cotton, carded or combed.",26142.0
202607,520411,"Sewing thread, containing 85% or more by weight of cotton",17812.0
202607,520419,"Sewing thread, containing predominantly, but ＜ 85% cotton by weight (excluding that put up for retail sale)",3617.0
202607,520420,"Cotton sewing thread, put up for retail sale",104.0
202607,520511,Measuring 714.29 decitex or more (not exceeding 14 metric number),71426035.0
202607,520512,"Single yarn of uncombed fibres,measuring less than 714.29 decitex but not less than232.56 decitex (exceeding 14 metric number but not exceeding 43 metric number)",160302000.0
202607,520513,"Single yarn of uncombed fibres, measuring less than 232.56 decitex but not less than 192.31 decitex (exceeding 43 metric number but not exceeding 52 metric number)",8973397.0
202607,520514,"Single yarn of uncombed fibres, measuring less than 192.31 decitex but not less than 125 decitex (exceeding 52 metric number but not exceeding 80 metric number)",37987477.0
202607,520515,"Single yarn of uncombed fibres, measuring less than 125 decitex (exceeding 80 metric number)",2286.0
202607,520521,"Single yarn of combed fibres, measuring 714.29 decitex or more (not exceeding 14 metric number)",779165.0
202607,520522,"Single yarn of combed fibres, measuring less than 714.29 decitex but not less than 232.56 decitex (exceeding 14 metric number but not exceeding 43 metric number)",20601331.0
202607,520523,"Single yarn of combed fibres, measuring less than 232.56 decitex but not less than 192.31 decitex (exceeding 43 metric number but not exceeding 52 metric number)",17857668.0
202607,520524,"Single yarn of combed fibres, measuring less than 192.31 decitex but not less than 125 decitex (exceeding 52 metric number but not exceeding 80 metric number)",34750914.0
202607,520526,"Single yarn of combed fibres, measuring less than 125 decitex but not less than 106.38 decitex (exceeding 80 metric number but not exceeding 94 metric number)",1940378.0
202607,520527,"Single yarn of combed fibres, measuring less than 106.38 decitex but not less than 83.33 decitex (exceeding 94 metric number but not exceeding 120 metric number)",1189382.0
202607,520528,"Single yarn of combed fibres, measuring less than 83.33 decitex (exceeding 120 metric number)",1950925.0
202607,520531,"Multiple yarn of uncombed fibres, measuring per single yarn 714.29 decitex or more (not exceeding 14 metric number per single yarn)",630.0
202607,520532,"Multiple yarn of uncombed fibres, measuring per single yarn less than 714.29 decitex but not less than 232.56 decitex (exceeding 14 metric number but not exceeding 43 metric number per single yarn)",868013.0
202607,520533,"Multiple yarn of uncombed fibres, measuring per single yarn less than 232.56 decitex but not less than 192.31 decitex (exceeding 43 metric number but not exceeding 52 metric number per single yarn)",227.0
202607,520534,"Multiple yarn of uncombed fibres, measuring per single yarn less than 192.31 decitex but not less than 125 decitex (exceeding 52 metric number but not exceeding 80 metric number per single yarn)",800484.0
202607,520541,"Multiple yarn of combed fibres, measuring per single yarn 714.29 decitex or more (not exceeding 14 metric number per single yarn)",117043.0
202607,520542,"Multiple yarn of combed fibres, measuring per single yarn less than 714.29 decitex but not less than 232.56 decitex (exceeding 14 metric number but not exceeding 43 metric number per single yarn)",1435412.0
202607,520543,"Multiple yarn of combed fibres, measuring per single yarn less than 232.56 decitex but not less than 192.31 decitex (exceeding 43 metric number but not exceeding 52 metric number per single yarn)",74609.0
202607,520544,"Multiple yarn of combed fibres, measuring per single yarn less than 192.31 decitex but not less than 125 decitex (exceeding 52 metric number but not exceeding 80 metric number per single yarn)",1403398.0
202607,520546,"Multiple yarn of combed fibres, measuring per single yarn less than 125 decitex but not less than 106.38 decitex (exceeding 80 metric number but not exceeding 94 metric number per single yarn)",79316.0
202607,520547,"Multiple yarn of combed fibres, measuring per single yarn less than 106.38 decitex but not less than 83.33 decitex (exceeding 94 metric number but not exceeding 120 metric number per single yarn)",631734.0
202607,520548,"Multiple yarn of combed fibres, measuring per single yarn less than 83.33 decitex (exceeding 120 metric number per single yarn)",330424.0
202607,520611,"Single yarn of uncombed fibres, measuring 714.29 decitex or more (not exceeding 14 metric number)",947049.0
202607,520612,"Single yarn of uncombed fibres, measuring less than 714.29 decitex but not less than 232.56 decitex (exceeding 14 metric number but not exceeding 43 metric number)",13351363.0
202607,520613,"Single yarn of uncombed fibres, measuring less than 232.56 decitex but not less than 192.31 decitex (exceeding 43 metric number but not exceeding 52 metric number)",4052941.0
202607,520614,"Single yarn of uncombed fibres, measuring less than 192.31 decitex but not less than 125 decitex(exceeding 52 metric number but not exceeding 80 metric number)",1802045.0
202607,520615,"Single yarn of uncombed fibres, measuring less than 125 decitex (exceeding 80 metric number)",12512.0
202607,520621,"Single yarn of combed fibres, measuring 714.29 decitex or more (not exceeding 14 metric number)",72804.0
202607,520622,"Single yarn of combed fibres, measuring less than 714.29 decitex but not less than 232.56 decitex (exceeding 14 metric number but not exceeding 43 metric number)",2175298.0
202607,520623,"Single yarn of combed fibres, measuring less than 232.56 decitex but not less than 192.31 decitex (exceeding 43 metric number but not exceeding 52 metric number)",7381130.0
202607,520624,"Single yarn of combed fibres, measuring less than 192.31 decitex but not less than 125 decitex (exceeding 52 metric number but not exceeding 80 metric number)",3987362.0
202607,520625,"Single yarn of combed fibres, measuring less than 125 decitex (exceeding 80 metric number)",65561.0
202607,520631,"Single yarn of combed fibres, measuring per single yarn 714.29 decitex or more (not exceeding 14 metric number per single yarn)",7131.0
202607,520632,"Multiple yarn of uncombed fibres, measuring per single yarn less than 714.29 decitex but not less than 232.56 decitex (exceeding 14 metric number but not exceeding 43 metric number per single yarn)",74299.0
202607,520633,"Multiple yarn of uncombed fibres, measuring per single yarn less than 232.56 decitex but not less than 192.31 decitex (exceeding 43 metric number but not exceeding 52 metric number per single yarn)",8390.0
202607,520635,"Multiple yarn of uncombed fibres, measuring per single yarn less than 125 decitex (exceeding 80 metric number per single yarn)",1865.0
202607,520641,"Multiple yarn of combed fibres, measuring per single yarn 714.29 decitex or more (not exceeding 14 metric number per single yarn)",158969.0
202607,520642,"Multiple yarn of combed fibres, measuring per single yarn less than 714.29 decitex but not less than 232.56 decitex (exceeding 14 metric number but not exceeding 43 metric number per single yarn)",332835.0
202607,520643,"Multiple yarn of combed fibres, measuring per single yarn less than 232.56 decitex but not lessthan 192.31 decitex (exceeding 43 metric number but notexceeding 52 metric number per single yarn)",55444.0
202607,520644,"Multiple yarn of combed fibres, measuring per single yarn less than 192.31 decitex but not less than 125 decitex (exceeding 52 metric number but not exceeding 80 metric number per single yarn)",86140.0
202607,520645,"Multiple yarn of combed fibres, measuring per single yarn less than 125 decitex (exceeding 80 metric number per single yarn)",6880.0
202607,520710,Cotton yarn containing 85% or more by weight of cotton,11234.0
202607,520790,"Cotton yarn containing predominantly, but ＜ 85% cotton by weight, put up for retail sale (excluding sewing thread)",24973.0
202607,520811,"Plain weave, weighing not more than 100 g/m2, unbleached",3087820.0
202607,520812,"Woven fabrics of cotton, plain weave, weighing more than 100 g/m2, unbleached",1777933.0
202607,520813,"Woven fabrics of cotton, containing ≥ 85% cotton by weight and weighing ≤ 200 g/m2, in three-thread or four-thread twill, incl. cross twill, unbleached, unbleached",22911.0
202607,520819,"Woven fabrics of cotton, containing ≥ 85% cotton by weight and weighing ≤ 200 g/m2, unbleached (excluding those in three-thread or four-thread twill, incl. cross twill, and plain woven fabrics), unbleached",429555.0
202607,520821,"Plain weave, weighing not more than 100 g/m2,bleached",42304.0
202607,520822,"Woven fabrics of cotton, plain weave, weighing more than 100 g/m2,bleached",453012.0
202607,520823,"Woven fabrics of cotton, 3thread or 4thread twill, including cross twill,bleached",244995.0
202607,520829,"Other woven fabrics of cotton, p,bleached",169399.0
202607,520831,"Woven fabrics of cotton, plain weave, weighing not more than 100 g/m2, dyed",142832.0
202607,520832,"Woven fabrics of cotton, plain weave, weighing more than 100 g/m2, dyed",1226075.0
202607,520833,"3thread or 4thread twill, including cross twill, dyed",498620.0
202607,520839,"Other fabrics of cotton, dyed",172095.0
202607,520841,"Plain woven fabrics of cotton, containing ≥ 85% cotton by weight and weighing ≤ 100 g/m2, made from yarn of different colours",92379.0
202607,520842,"Plain woven fabrics of cotton, containing ≥ 85% cotton by weight and weighing ＞ 100 g to 200 g/m2, made from yarn of different colours",921051.0
202607,520843,"Woven fabrics of cotton, containing ≥ 85% cotton by weight and weighing ≤ 200 g/m2, in three-thread or four-thread twill, incl. cross twill, made from yarn of different colours",215805.0
202607,520849,"Woven fabrics of cotton, containing ≥ 85% cotton by weight and weighing ≤ 200 g/m2, made from yarn of different colours (excluding those in three-thread or four-thread twill, incl. cross twill, and plain woven fabrics)",158918.0
202607,520851,"Plain woven fabrics of cotton, containing ≥ 85% cotton by weight and weighing ≤ 100 g/m2, printed",371876.0
202607,520852,"Plain woven fabrics of cotton, containing ≥ 85% cotton by weight and weighing ＞ 100 g to 200 g/m2, printed",402286.0
202607,520859,"Woven fabrics of cotton, containing ≥ 85% cotton by weight and weighing ≤ 200 g/m2, printed",171956.0
202607,520911,"Plain woven fabrics of cotton, containing ≥ 85% cotton by weight and weighing ＞ 200 g/m2, unbleached",590686.0
202607,520912,"Woven fabrics of cotton, containing ≥ 85% cotton by weight and weighing ＞ 200 g/m2, in three-thread or four-thread twill, incl. cross twill, unbleached",691561.0
202607,520919,"Woven fabrics of cotton, containing ≥ 85% cotton by weight and weighing ＞ 200 g/m2, unbleached (excluding those in three-thread or four-thread twill, incl. cross twill, and plain woven fabrics)",3310.0
202607,520921,"Plain woven fabrics of cotton, containing ≥ 85% cotton by weight and weighing ＞ 200 g/m2, bleached",24217.0
202607,520922,"Woven fabrics of cotton, containing ≥ 85% cotton by weight and weighing ＞ 200 g/m2, in three-thread or four-thread twill, incl. cross twill, bleached",114629.0
202607,520929,"Woven fabrics of cotton, containing ≥ 85% cotton by weight and weighing ＞ 200 g/m2, bleached (excluding those in three-thread or four-thread twill, incl. cross twill, and plain woven fabrics)",154567.0
202607,520931,"Plain woven fabrics of cotton, containing ≥ 85% cotton by weight and weighing ＞ 200 g/m2, dyed",909414.0
202607,520932,"Woven fabrics of cotton, containing ≥ 85% cotton by weight and weighing ＞ 200 g/m2, in three-thread or four-thread twill, incl. cross twill, dyed",1408812.0
202607,520939,"Woven fabrics of cotton, containing ≥ 85% cotton by weight and weighing ＞ 200 g/m2, dyed (excluding those in three-thread or four-thread twill, incl. cross twill, and plain woven fabrics)",736411.0
202607,520941,"Plain woven fabrics of cotton, containing ≥ 85% cotton by weight and weighing ＞ 200 g/m2, made of yarn of different colours",176196.0
202607,520942,"Denim, containing ≥ 85% cotton by weight and weighing ＞ 200 g/m2, made of yarn of different colours",5059682.0
202607,520943,"Woven fabrics of cotton, containing ≥ 85% cotton by weight and weighing ＞ 200 g/m2, in three-thread or four-thread twill, incl. cross twill, made of yarn of different colours",463461.0
202607,520949,"Woven fabrics of cotton, containing ≥ 85% cotton by weight and weighing ＞ 200 g/m2, made of yarn of different colours (excluding those in three-thread or four-thread twill, incl. cross twill, and plain woven fabrics)",150322.0
202607,520951,"Plain woven fabrics of cotton, containing ≥ 85% cotton by weight and weighing ＞ 200 g/m2, printed",45402.0
202607,520952,"Woven fabrics of cotton, containing ≥ 85% cotton by weight and weighing ＞ 200 g/m2, in three-thread or four-thread twill, incl. cross twill, printed",24225.0
202607,520959,"Woven fabrics of cotton, containing ≥ 85% cotton by weight and weighing ＞ 200 g/m2, printed (excluding those in three-thread or four-thread twill, incl. cross twill, and plain woven fabrics)",3916.0
202607,521011,"Woven fabrics of cotton, containing predominantly, but ＜ 85% cotton by weight, mixed principally or solely with man-made fibres and weighing ≤ 200 g/m2",10554.0
202607,521019,"Woven fabrics of cotton, containing predominantly, but ＜ 85% cotton by weight, mixed principally or solely with man-made fibres and weighing ≤ 200 g/m2, unbleached (excluding plain woven fabrics)",53720.0
202607,521021,"Plain woven fabrics of cotton, containing predominantly, but ＜ 85% cotton by weight, mixed principally or solely with man-made fibres and weighing ≤ 200 g/m2, bleached",128634.0
202607,521029,"Woven fabrics of cotton, containing predominantly, but ＜ 85% cotton by weight, mixed principally or solely with man-made fibres and weighing ≤ 200 g/m2, bleached (excluding plain woven fabrics)",13046.0
202607,521031,"Plain woven fabrics of cotton, containing predominantly, but ＜ 85% cotton by weight, mixed principally or solely with man-made fibres and weighing ≤ 200 g/m2, dyed",713552.0
202607,521032,"Woven fabrics of cotton, containing predominantly, but ＜ 85% cotton by weight, mixed principally or solely with man-made fibres and weighing ≤ 200 g/m2, in three-thread or four-thread twill, incl. cross twill, dyed",230046.0
202607,521039,"Woven fabrics of cotton, containing predominantly, but ＜ 85% cotton by weight, mixed principally or solely with man-made fibres and weighing ≤ 200 g/m2, dyed (excluding those in three-thread or four-thread twill, incl. cross twill, and plain woven fabrics)",110730.0
202607,521041,"Plain woven fabrics of cotton, containing predominantly, but ＜ 85% cotton by weight, mixed principally or solely with man-made fibres and weighing ≤ 200 g/m2, made of yarn of different colours",93250.0
202607,521049,"Woven fabrics of cotton, containing predominantly, but ＜ 85% cotton by weight, mixed principally or solely with man-made fibres and weighing ≤ 200 g/m2, made from yarn of different colours (excluding plain woven fabrics)",98468.0
202607,521051,"Plain woven fabrics of cotton, containing predominantly, but ＜ 85% cotton by weight, mixed principally or solely with man-made fibres and weighing ≤ 200 g/m2, printed",43353.0
202607,521059,"Woven fabrics of cotton, containing predominantly, but ＜ 85% cotton by weight, mixed principally or solely with man-made fibres and weighing ≤ 200 g/m2, printed (excluding plain woven fabrics)",53163.0
202607,521111,"Plain woven fabrics of cotton, containing predominantly, but ＜ 85% cotton by weight, mixed principally or solely with man-made fibres and weighing ＞ 200 g/m2, unbleached",21814.0
202607,521112,"Woven fabrics of cotton, containing predominantly, but ＜ 85% cotton by weight, mixed principally or solely with man-made fibres and weighing ＞ 200 g/m2, in three-thread or four-thread twill, incl. cross twill, unbleached",41987.0
202607,521119,"Woven fabrics of cotton, containing predominantly, but ＜ 85% cotton by weight, mixed principally or solely with man-made fibres and weighing ＞ 200 g/m2, unbleached (excluding those in three-thread or four-thread twill, incl. cross twill, and plain woven fabrics)",125752.0
202607,521120,"Woven fabrics of cotton, containing predominantly, but ＜ 85% cotton by weight, mixed principally or solely with man-made fibres and weighing ＞ 200 g/m2, bleached",1607081.0
202607,521131,"Plain woven fabrics of cotton, containing predominantly, but ＜ 85% cotton by weight, mixed principally or solely with man-made fibres and weighing ＞ 200 g/m2, dyed",243169.0
202607,521132,"Woven fabrics of cotton, containing predominantly, but ＜ 85% cotton by weight, mixed principally or solely with man-made fibres and weighing ＞ 200 g/m2, in three-thread or four-thread twill, incl. cross twill, dyed",295508.0
202607,521139,"Woven fabrics of cotton, containing predominantly, but ＜ 85% cotton by weight, mixed principally or solely with man-made fibres and weighing ＞ 200 g/m2, dyed (excluding those in three-thread or four-thread twill, incl. cross twill, and plain woven fabrics)",179082.0
202607,521141,"Plain woven fabrics of cotton, containing predominantly, but ＜ 85% cotton by weight, mixed principally or solely with man-made fibres and weighing ＞ 200 g/m2, made of yarn of different colours",566172.0
202607,521142,"Denim, containing predominantly, but ＜ 85% cotton by weight, mixed principally or solely with man-made fibres and weighing ＞ 200 g/m2, made of yarn of different colours",2894637.0
202607,521143,"Woven fabrics of cotton, containing predominantly, but ＜ 85% cotton by weight, mixed principally or solely with man-made fibres and weighing ＞ 200 g/m2, in three-thread or four-thread twill, incl. cross twill, made of yarn of different colours",56629.0
202607,521149,"Woven fabrics of cotton, containing predominantly, but ＜ 85% cotton by weight, mixed principally or solely with man-made fibres and weighing ＞ 200 g/m2, made of yarn of different colours (excluding those in three-thread or four-thread twill, incl. cross twill, and plain woven fabrics)",96126.0
202607,521151,"Plain woven fabrics of cotton, containing predominantly, but ＜ 85% cotton by weight, mixed principally or solely with man-made fibres and weighing ＞ 200 g/m2, printed",370.0
202607,521152,"Woven fabrics of cotton, containing predominantly, but ＜ 85% cotton by weight, mixed principally or solely with man-made fibres and weighing ＞ 200 g/m2, in three-thread or four-thread twill, incl. cross twill, printed",116.0
202607,521159,"Woven fabrics of cotton, containing predominantly, but ＜ 85% cotton by weight, mixed principally or solely with man-made fibres and weighing ＞ 200 g/m2, printed (excluding those in three-thread or four-thread twill, incl. cross twill, and plain woven fabrics)",44931.0
202607,521211,"Woven fabrics of cotton, containing predominantly, but ＜ 85% cotton by weight, other than those mixed principally or solely with man-made fibres, weighing ≤ 200 g/m2, unbleached",1215.0
202607,521212,"Woven fabrics of cotton, containing predominantly, but ＜ 85% cotton by weight, other than those mixed principally or solely with man-made fibres, weighing ≤ 200 g/m2, bleached",21161.0
202607,521213,"Woven fabrics of cotton, containing predominantly, but ＜ 85% cotton by weight, other than those mixed principally or solely with man-made fibres, weighing ≤ 200 g/m2, dyed",66319.0
202607,521214,"Woven fabrics of cotton, containing predominantly, but ＜ 85% cotton by weight, other than those mixed principally or solely with man-made fibres, weighing ≤ 200 g/m2, made of yarn of different colours",143476.0
202607,521215,"Woven fabrics of cotton, containing predominantly, but ＜ 85% cotton by weight, other than those mixed principally or solely with man-made fibres, weighing ≤ 200 g/m2, printed",1776.0
202607,521221,"Woven fabrics of cotton, containing predominantly, but ＜ 85% cotton by weight, other than those mixed principally or solely with man-made fibres, weighing ＞ 200 g/m2, unbleached",13043.0
202607,521222,"Woven fabrics of cotton, containing predominantly, but ＜ 85% cotton by weight, other than those mixed principally or solely with man-made fibres, weighing ＞ 200 g/m2, bleached",16060.0
202607,521223,"Woven fabrics of cotton, containing predominantly, but ＜ 85% cotton by weight, other than those mixed principally or solely with man-made fibres, weighing ＞ 200 g/m2, dyed",119743.0
202607,521224,"Woven fabrics of cotton, containing predominantly, but ＜ 85% cotton by weight, other than those mixed principally or solely with man-made fibres, weighing ＞ 200 g/m2, made of yarn of different colours",439382.0
202607,521225,"Woven fabrics of cotton, containing predominantly, but ＜ 85% cotton by weight, other than those mixed principally or solely with man-made fibres, weighing ＞ 200 g/m2, printed",7971.0
202607,530110,"Flax, raw or retted",40074.0
202607,530121,"Flax, broken or scutched",127389239.0
202607,530129,"Flax, hackled or otherwise processed, but not spun (excluding broken, scutched and retted flax)",1463390.0
202607,530130,Flax tow and waste,26551009.0
202607,530210,"True hemp, raw or retted",606141.0
202607,530290,"True hemp Cannabis sativa L."", processed but not spun; tow and waste of hemp, incl. yarn waste and garnetted stock (excluding retted hemp)""",1280654.0
202607,530310,"Jute and other textile bast fibres, raw or retted",186.0
202607,530390,"Jute and other textile bast fibres, processed but not spun; tow and waste of such fibres, incl. yarn waste and garnetted stock (excluding retted fibres of this kind, flax, true hemp and ramie)",794210.0
202607,530500,"Coconut, abaca Manila hemp or Musa textilis Nee"", ramie, agave and other vegetable textile fibres, n.e.s., raw or processed, but not spun; tow, noils and waste of such fibres, incl. yarn waste and garnetted stock""",14394122.0
202607,530610,Single flax yarn,196604.0
202607,530620,"Multiple folded"" or cabled flax yarn""",168701.0
202607,530710,Single yarn of jute or of other textile bast fibres of heading 5303,5791057.0
202607,530720,"Multiple folded"" or cabled yarn of jute or of other textile bast fibres of heading 5303""",1167886.0
202607,530820,Hemp yarn,7057.0
202607,530890,Yarn of vegetable textile fibres,158908.0
202607,530911,"Woven fabrics of flax, containing ≥ 85% flax by weight, unbleached or bleached",509464.0
202607,530919,"Woven fabrics of flax, containing ≥ 85% flax by weight, dyed, made of yarn of different colours, or printed",1045629.0
202607,530921,"Woven fabrics of flax, containing predominantly, but ＜ 85% flax by weight, unbleached or bleached",147651.0
202607,530929,"Woven fabrics of flax, containing predominantly, but ＜ 85% flax by weight, dyed, made of yarn of different colours, or printed",1153706.0
202607,531010,"Woven fabrics of jute or of other textile bast fibres of heading 5303, unbleached",610225.0
202607,531090,"Woven fabrics of jute or of other textile bast fibres of heading 5303, bleached, dyed, made of yarn of different colours, or printed",228.0
202607,531100,Woven fabrics of other vegetable textile fibres; woven fabrics of paper yarn.,101930.0
202607,540110,"Sewing thread of synthetic filaments, whether or not put up for retail sale",1701438.0
202607,540120,"Sewing thread of artificial filaments, whether or not put up for retail sale",6691.0
202607,540211,High-tenacity filament yarn of aramids (excluding sewing thread and yarn put up for retail sale),5837309.0
202607,540219,"High-tenacity filament yarn of nylon or other polyamides (excluding sewing thread, yarn put up for retail sale and high-tenacity filament yarn of aramids)",8239397.0
202607,540220,"High tenacity yarn of polyesters, whether or not textured",3182167.0
202607,540231,"Textured filament yarn of nylon or other polyamides, with a linear density of ≤ 50 tex per single yarn (excluding sewing thread and yarn put up for retail sale)",2678285.0
202607,540232,"Textured filament yarn of nylon or other polyamides, with a linear density of ＞ 50 tex per single yarn (excluding sewing thread and yarn put up for retail sale)",1972486.0
202607,540233,Textured filament yarn of polyester (excluding that put up for retail sale),3552304.0
202607,540234,Textured synthetic filament yarn of polypropylene (excluding sewing thread and yarn put up for retail sale),970.0
202607,540239,"Textured synthetic filament yarn (excluding sewing thread, yarn put up for retail sale and textured filament yarn of polypropylene, polyester, nylon or other polyamides)",18882.0
202607,540244,"Synthetic filament elastomeric yarn, single, untwisted or with a twist of ≤ 50 turns per metre",16449801.0
202607,540245,"Filament yarn of nylon or other polyamides, incl. monofilament of ＜ 67 decitex, single, untwisted or with a twist of ≤ 50 turns per metre (excluding sewing thread, yarn put up for retail sale, elastomeric yarn, high-tenacity yarn and textured yarn)",3931259.0
202607,540246,"Other, of polyesters, partially oriented",634072.0
202607,540247,"Other, Filament yarn of polyester, incl. monofilament of ＜ 67 decitex, single, untwisted or with a twist of ≤ 50 turns per metre",2965295.0
202607,540248,"Other, of polypropylene",100325.0
202607,540249,"Other,Filament yarn of polypropylene, incl. monofilament of ＜ 67 decitex, single, untwisted or with a twist of ≤ 50 turns per metre",4534892.0
202607,540251,"Filament yarn of nylon or other polyamides, incl. monofilament of ＜ 67 decitex, single, with a twist of ＞ 50 turns per metre",127426.0
202607,540252,"Filament yarn of polyester, incl. monofilament of ＜ 67 decitex, single, with a twist of ＞ 50 turns per metre",656112.0
202607,540259,"Synthetic filament yarn, incl. synthetic monofilament of ＜ 67 decitex, single, with a twist of ＞ 50 turns per metre",199453.0
202607,540261,"Multiple folded"" or cabled filament yarn of nylon or other polyamides, incl. monofilament of ＜ 67 decitex""",783684.0
202607,540262,"Multiple folded"" or cabled filament yarn of polyester, incl. monofilament of ＜ 67 decitex""",713086.0
202607,540263,"Multiple folded"" or cabled filament yarn of polypropylene, incl. monofilament of ＜ 67 decitex""",58167.0
202607,540269,"Multiple folded"" or cabled synthetic filament yarn, incl. synthetic monofilament of ＜ 67 decitex""",810537.0
202607,540310,High tenacity yarn of viscose rayon,7585.0
202607,540331,"Yarn of viscose rayon filament, incl. monofilament of ＜ 67 decitex, single, untwisted or with a twist of ≤ 120 turns per metre",12633.0
202607,540332,"Yarn of viscose rayon filament, incl. monofilament of ＜ 67 decitex, single, with a twist of ＞ 120 turns per metre",9024.0
202607,540333,"Filament yarn of cellulose acetate, incl. monofilament of ＜ 67 decitex, single",8021874.0
202607,540339,"Artificial filament yarn, incl. artificial monofilament of ＜ 67 decitex, single",4932928.0
202607,540341,"Multiple folded"" or cabled filament yarn of viscose rayon, incl. monofilament of ＜ 67 decitex""",55225.0
202607,540342,"Multiple folded"" or cabled filament yarn of cellulose acetate, incl. monofilament of ＜ 67 decitex""",388175.0
202607,540349,"Multiple folded"" or cabled artificial filament yarn, incl. artificial monofilament of ＜ 67 decitex""",4550.0
202607,540411,Elastomeric monofilament of ≥ 67 decitex and with a cross sectional dimension of ≤ 1 mm,1028520.0
202607,540412,Polypropylene monofilament of ≥ 67 decitex and with a cross sectional dimension of ≤ 1 mm (excluding elastomers),114771.0
202607,540419,Synthetic monofilament of ≥ 67 decitex and with a cross sectional dimension of ≤ 1 mm (excluding of elastomers and polypropylene),8824365.0
202607,540490,"Strip and the like, e.g. artificial straw, of synthetic textile material, with an apparent width of ≤ 5 mm",204351.0
202607,540500,"Artificial monofilament of 67 decitex or more and of which no crosssectional dimension exceeds 1 mm; strip and the like (for example, artificial straw) of artificial textile materials of an apparent width not exceeding 5 mm.",1629561.0
202607,540600,"Manmade filament yarn (other than sewing thread), put up for retail sale.",96315.0
202607,540710,Woven fabrics obtained from high tenacity yarn of nylon or other polyamides or of polyesters,1564426.0
202607,540720,Woven fabrics obtained from strip or the like,311431.0
202607,540730,Fabrics specified in Note 9 to Section XI,129603.0
202607,540741,"Woven fabrics of yarn containing ≥ 85% by weight of filaments of nylon or other polyamides, incl. monofilament of ≥ 67 decitex and a maximum diameter of ≤ 1 mm, unbleached or bleached",2181871.0
202607,540742,"Woven fabrics of filament yarn containing ≥ 85% nylon or other polyamides by weight, incl. monofilament of ≥ 67 decitex and a maximum diameter of ≤ 1 mm, dyed",12239834.0
202607,540743,"Woven fabrics of yarn containing ≥ 85% by weight of filaments of nylon or other polyamides by weight, incl. monofilament of ≥ 67 decitex and a maximum diameter of ≤ 1 mm, made of yarn of different colours",234624.0
202607,540744,"Woven fabrics of yarn containing ≥ 85% by weight of filaments of nylon or other polyamides by weight, incl. monofilament of ≥ 67 decitex and a maximum diameter of ≤ 1 mm, printed",43128.0
202607,540751,"Woven fabrics of yarn containing ≥ 85% by weight of textured polyester filaments, incl. monofilament of ≥ 67 decitex and a maximum diameter of ≤ 1 mm, unbleached or bleached",1765037.0
202607,540752,"Woven fabrics of yarn containing ≥ 85% by weight of textured polyester filaments, incl. monofilament of ≥ 67 decitex and a maximum diameter of ≤ 1 mm, dyed",7602413.0
202607,540753,"Woven fabrics of yarn containing ≥ 85% by weight of textured polyester filaments, incl. monofilament of ≥ 67 decitex and a maximum diameter of ≤ 1 mm, made of yarn of different colours",1978635.0
202607,540754,"Woven fabrics of yarn containing ≥ 85% by weight of textured polyester filaments, incl. monofilament of ≥ 67 decitex and a maximum diameter of ≤ 1 mm, printed",1449219.0
202607,540761,"Woven fabrics, containing 85% or more by weight of nontextured polyester filaments",10522651.0
202607,540769,"Woven fabrics of yarn containing ≥ 85% by weight of mixtures of textured and non-textured polyester filaments, incl. monofilament of ≥ 67 decitex and a maximum diameter of ≤ 1 mm",1584178.0
202607,540771,"Woven fabrics of yarn containing ≥ 85% synthetic filament by weight, incl. monofilament of ≥ 67 decitex and a maximum diameter of ≤ 1 mm, untreated or not further treated than bleached",71020.0
202607,540772,"Woven fabrics of yarn containing ≥ 85% synthetic filament by weight, incl. monofilament of ≥ 67 decitex and a maximum diameter of ≤ 1 mm, dyed",2523395.0
202607,540773,"Woven fabrics of yarn containing ≥ 85% synthetic filament by weight, incl. monofilament of ≥ 67 decitex and a maximum diameter of ≤ 1 mm, made of yarn of different colours",679682.0
202607,540774,"Woven fabrics of yarn containing ≥ 85% synthetic filament by weight, incl. monofilament of ≥ 67 decitex and a maximum diameter of ≤ 1 mm, printed",123072.0
202607,540781,"Woven fabrics of yarn containing predominantly, but ＜ 85% synthetic filament by weight, incl. monofilament of ≥ 67 decitex and a maximum diameter of ≤ 1 mm, mixed principally or solely with cotton, unbleached or bleached",397922.0
202607,540782,"Woven fabrics of yarn containing predominantly, but ＜ 85% synthetic filament by weight, incl. monofilament of ≥ 67 decitex and a maximum diameter of ≤ 1 mm, mixed principally or solely with cotton, dyed",1217643.0
202607,540783,"Woven fabrics of yarn containing predominantly, but ＜ 85% synthetic filament by weight, incl. monofilament of ≥ 67 decitex and a maximum diameter of ≤ 1 mm, mixed principally or solely with cotton, made of yarn of different colours",298001.0
202607,540784,"Woven fabrics of yarn containing predominantly, but ＜ 85% synthetic filament by weight, incl. monofilament of ≥ 67 decitex and a maximum diameter of ≤ 1 mm, mixed principally or solely with cotton, printed",23980.0
202607,540791,"Woven fabrics of yarn containing predominantly, but ＜ 85% synthetic filament by weight, incl. monofilament of ≥ 67 decitex and a maximum diameter of ≤ 1 mm, unbleached or bleached, other than those mixed principally or solely with cotton",14687.0
202607,540792,"Woven fabrics of yarn containing predominantly, but ＜ 85% synthetic filament by weight, incl. monofilament of ≥ 67 decitex and a maximum diameter of ≤ 1 mm, dyed, other than those mixed principally or solely with cotton",1882950.0
202607,540793,"Woven fabrics of yarn containing predominantly, but ＜ 85% synthetic filament by weight, incl. monofilament of ≥ 67 decitex and a maximum diameter of ≤ 1 mm, made of yarn of different colours, other than those mixed principally or solely with cotton",1104755.0
202607,540794,"Woven fabrics of yarn containing predominantly, but ＜ 85% synthetic filament by weight, incl. monofilament of ≥ 67 decitex and a maximum diameter of ≤ 1 mm, printed, other than those mixed principally or solely with cotton",14447.0
202607,540810,"Woven fabrics of high-tenacity viscose yarn, incl. monofilament of ≥ 67 decitex and a maximum diameter of ≤ 1 mm",25690.0
202607,540821,"Woven fabrics of yarn containing ≥ 85% artificial filament by weight, incl. monofilament of ≥ 67 decitex and a maximum diameter of ≤ 1 mm, unbleached or bleached",704.0
202607,540822,"Woven fabrics of yarn containing ≥ 85% artificial filament by weight, incl. monofilament of ≥ 67 decitex and a maximum diameter of ≤ 1 mm, dyed",1652434.0
202607,540823,"Woven fabrics of yarn containing ≥ 85% artificial filament by weight, incl. monofilament of ≥ 67 decitex and a maximum diameter of ≤ 1 mm, made of yarn of different colours",230177.0
202607,540824,"Woven fabrics of yarn containing ≥ 85% artificial filament by weight, incl. monofilament of ≥ 67 decitex and a maximum diameter of ≤ 1 mm, printed",25876.0
202607,540831,"Woven fabrics of yarn containing predominantly, but ＜ 85% artificial filament by weight, incl. monofilament of ≥ 67 decitex and a maximum diameter of ≤ 1 mm, unbleached or bleached",55847.0
202607,540832,"Woven fabrics of yarn containing predominantly, but ＜ 85% artificial filament by weight, incl. monofilament of ≥ 67 decitex and a maximum diameter of ≤ 1 mm, dyed",1965023.0
202607,540833,"Woven fabrics of yarn containing predominantly, but ＜ 85% artificial filament by weight, incl. monofilament of ≥ 67 decitex and a maximum diameter of ≤ 1 mm, made of yarn of different colours",180886.0
202607,540834,"Woven fabrics of yarn containing predominantly, but ＜ 85% artificial filament by weight, incl. monofilament of ≥ 67 decitex and a maximum diameter of ≤ 1 mm, printed",10259.0
202607,550119,Synthetic filament tow of nylon or other polyamides,87411.0
202607,550120,Synthetic filament tow of polyesters,454667.0
202607,550130,Acrylic or modacrylic,4429103.0
202607,550190,"Synthetic filament tow, other",57287.0
202607,550290,"Artificial filament tow,other",55872.0
202607,550311,"Staple fibres of aramids, not carded, combed or otherwise processed for spinning",4075504.0
202607,550319,"Staple fibres of nylon or other polyamides, not carded, combed or otherwise processed for spinning (excluding those of aramids)",4234295.0
202607,550320,"Staple fibres of polyesters, not carded, combed or otherwise processed for spinning",5961581.0
202607,550330,"Acrylic or modacrylic staple fibres, not carded, combed or otherwise processed for spinning",8903321.0
202607,550340,"Staple fibres of polypropylene, not carded, combed or otherwise processed for spinning",212453.0
202607,550390,"Synthetic staple fibres, not carded, combed or otherwise processed for spinning (excluding those of polypropylene, acrylic, modacrylic, polyesters, nylon or other polyamides)",4662267.0
202607,550410,"Staple fibres of viscose rayon, not carded, combed or otherwise processed for spinning",24689277.0
202607,550490,"Artificial staple fibres, not carded, combed or otherwise processed for spinning (excluding those of viscose rayon)",26433890.0
202607,550610,"Staple fibres of nylon or other polyamides, carded, combed or otherwise processed for spinning",96605.0
202607,550620,"Staple fibres of polyesters, carded, combed or otherwise processed for spinning",338488.0
202607,550630,"Acrylic or modacrylic staple fibres, carded, combed or otherwise processed for spinning",60960.0
202607,550690,"Synthetic staple fibres carded, combed or otherwise processed for spinning (excluding acrylic, modacrylic, polyester, nylon or other polyamides)",20833.0
202607,550700,"Artificial staple fibres, carded, combed or otherwise processed for spinning.",235641.0
202607,550810,"Sewing thread of synthetic staple fibres, whether or not put up for retail sale",92989.0
202607,550820,"Sewing thread of artificial staple fibres, whether or not put up for retail sale",3465.0
202607,550911,Single yarn containing ≥ 85% nylon or other polyamide staple fibres by weight (excluding sewing thread and yarn put up for retail sale),23109.0
202607,550912,"Multiple folded"" or cabled yarn containing ≥ 85% nylon or other polyamide staple fibres by weight (excluding sewing thread and yarn put up for retail sale)""",129775.0
202607,550921,Single yarn containing ≥ 85% polyester staple fibres by weight (excluding sewing thread and yarn put up for retail sale),351372.0
202607,550922,"Multiple folded"" or cabled yarn containing ≥ 85% polyester staple fibres by weight (excluding sewing thread and yarn put up for retail sale)""",15229.0
202607,550931,Single yarn containing ≥ 85% acrylic or modacrylic staple fibres by weight (excluding sewing thread and yarn put up for retail sale),790021.0
202607,550932,"Multiple folded"" or cabled yarn containing ≥ 85% acrylic or modacrylic staple fibres by weight (excluding sewing thread and yarn put up for retail sale)""",352164.0
202607,550941,"Single yarn containing ≥ 85% synthetic staple fibres by weight (excluding sewing thread, yarn put up for retail sale and yarn of acrylic, modacrylic, polyester, nylon or other polyamide staple fibres)",94693.0
202607,550942,"Multiple folded"" or cabled yarn containing ≥ 85% synthetic staple fibres by weight (excluding sewing thread, yarn put up for retail sale and yarn of acrylic, modacrylic, polyester, nylon or other polyamide staple fibres)""",97600.0
202607,550951,"Yarn containing predominantly, but ＜ 85% polyester staple fibres by weight, mixed principally or solely with artificial staple fibres (excluding sewing thread and yarn put up for retail sale)",114030.0
202607,550952,"Yarn containing ＞ 50% to ＜ 85% polyester staple fibres by weight, mixed principally or solely with wool or fine animal hair (excluding sewing thread and yarn put up for retail sale)",18587.0
202607,550953,"Yarn containing predominantly, but ＜ 85% polyester staple fibres by weight, mixed principally or solely with cotton (excluding sewing thread and yarn put up for retail sale)",3290683.0
202607,550959,"Yarn containing predominantly, but ＜ 85% polyester staple fibres by weight, other than that mixed principally or solely with cotton, wool, fine animal hair or artificial staple fibres (excluding sewing thread and yarn put up for retail sale)",103777.0
202607,550961,"Yarn containing predominantly, but ＜ 85% acrylic or modacrylic staple fibres by weight, mixed principally or solely with wool or fine animal hair (excluding sewing thread and yarn put up for retail sale)",883065.0
202607,550962,"Yarn containing predominantly, but ＜ 85% acrylic or modacrylic staple fibres by weight, mixed principally or solely with cotton (excluding sewing thread and yarn put up for retail sale)",202029.0
202607,550969,"Yarn containing predominantly, but ＜ 85% acrylic or modacrylic staple fibres by weight, other than that mixed principally or solely with cotton, wool or fine animal hair (excluding sewing thread and yarn put up for retail sale)",1846384.0
202607,550991,"Yarn containing predominantly, but ＜ 85% synthetic staple fibres by weight, mixed principally or solely with wool or fine animal hair (excluding sewing thread, yarn put up for retail sale and yarn of polyester, acrylic or modacrylic staple fibres)",483840.0
202607,550992,"Yarn containing predominantly, but ＜ 85% synthetic staple fibres by weight, mixed principally or solely with cotton (excluding sewing thread, yarn put up for retail sale and yarn of polyester, acrylic or modacrylic staple fibres)",389738.0
202607,550999,"Yarn containing predominantly, but ＜ 85% synthetic staple fibres by weight, other than that mixed principally or solely with cotton, wool or fine animal hair (excluding sewing thread, yarn put up for retail sale and yarn of polyester, acrylic or modacrylic staple fibres)",404162.0
202607,551011,"Single yarn, containing ≥ 85% artificial staple fibres by weight (excluding sewing thread and yarn put up for retail sale)",79817.0
202607,551012,"Multiple folded"" or cabled yarn containing ≥ 85% artificial staple fibres by weight (excluding sewing thread and yarn put up for retail sale)""",711410.0
202607,551020,"Yarn containing predominantly, but ＜ 85% artificial staple fibres by weight, mixed principally or solely with wool or fine animal hair (excluding sewing thread and yarn put up for retail sale)",68089.0
202607,551030,"Yarn containing predominantly, but ＜ 85% artificial staple fibres by weight, mixed principally or solely with cotton (excluding sewing thread and yarn put up for retail sale)",495180.0
202607,551090,"Yarn containing predominantly, but ＜ 85% artificial staple fibres by weight, other than that mixed principally or solely with cotton, wool or fine animal hair (excluding sewing thread and yarn put up for retail sale)",636965.0
202607,551110,"Yarn containing ≥ 85% synthetic staple fibres by weight, put up for retail sale (excluding sewing thread)",4143.0
202607,551130,"Yarn of artificial staple fibres, put up for retail sale (excluding sewing thread)",1094.0
202607,551211,"Woven fabrics containing ≥ 85% polyester staple fibres by weight, unbleached or bleached",569045.0
202607,551219,"Woven fabrics containing ≥ 85% polyester staple fibres by weight, dyed, made of yarn of different colours, or printed",5974060.0
202607,551221,"Woven fabrics containing ≥ 85% acrylic or modacrylic staple fibres by weight, unbleached or bleached",18721.0
202607,551229,"Woven fabrics containing ≥ 85% acrylic or modacrylic staple fibres by weight, dyed, made of yarn of different colours or printed",2946866.0
202607,551291,"Woven fabrics containing ≥ 85% synthetic staple fibres by weight, unbleached or bleached (excluding those of acrylic, modacrylic or polyester staple fibres)",344295.0
202607,551299,"Woven fabrics containing ≥ 85% synthetic staple fibres by weight, dyed, made of yarn of different colours or printed (excluding those of acrylic, modacrylic or polyester staple fibres)",541456.0
202607,551311,"Plain woven fabrics containing predominantly, but ＜ 85% polyester staple fibres by weight, mixed principally or solely with cotton and weighing ≤ 170 g/m2, unbleached or bleached",432814.0
202607,551312,"Woven fabrics containing predominantly, but ＜ 85% polyester staple fibres by weight, mixed principally or solely with cotton and weighing ≤ 170 g/m2, in 3thread or 4thread twill, incl. cross twill, unbleached or bleached",2163.0
202607,551313,"Woven fabrics containing predominantly, but ＜ 85% polyester staple fibres by weight, mixed principally or solely with cotton and weighing ≤ 170 g/m2, unbleached or bleached (excluding those in three-thread or four-thread twill, incl. cross twill, and plain woven fabrics)",100531.0
202607,551319,"Woven fabrics containing predominantly, but ＜ 85% synthetic staple fibres by weight, mixed principally or solely with cotton and weighing ≤ 170 g/m2, unbleached or bleached (excluding those of polyester staple fibres)",63019.0
202607,551321,"Plain woven fabrics containing predominantly, but ＜ 85% polyester staple fibres by weight, mixed principally or solely with cotton and weighing ≤ 170 g/m2, dyed",387839.0
202607,551323,"Woven fabrics containing predominantly, but ＜ 85% polyester staple fibres by weight, mixed principally or solely with cotton and weighing ≤ 170 g/m2, dyed (excluding plain woven fabrics)",366257.0
202607,551329,"Woven fabrics containing predominantly, but ＜ 85% synthetic staple fibres by weight, mixed principally or solely with cotton and weighing ≤ 170 g/m2, dyed (excluding those of polyester staple fibres)",8406.0
202607,551331,"Plain woven fabrics containing predominantly, but ＜ 85% polyester staple fibres by weight, mixed principally or solely with cotton and weighing ≤ 170 g/m2, made of yarn of different colours",8316.0
202607,551339,"Woven fabrics containing predominantly, but ＜ 85% synthetic staple fibres by weight, mixed principally or solely with cotton and weighing ≤ 170 g/m2, made of yarn of different colours (excluding plain woven fabrics of polyester staple fibres)",15894.0
202607,551341,"Plain woven fabrics containing predominantly, but ＜ 85% polyester staple fibres by weight, mixed principally or solely with cotton and weighing ≤ 170 g/m2, printed",111553.0
202607,551411,"Plain woven fabrics containing predominantly, but ＜ 85% polyester staple fibres by weight, mixed principally or solely with cotton and weighing ＞ 170 g/m2, unbleached or bleached",396254.0
202607,551412,"Woven fabrics containing predominantly, but ＜ 85% polyester staple fibres by weight, mixed principally or solely with cotton and weighing ＞ 170g/m2, in 3thread or 4thread twill, including cross twill, of polyester staple fibres",280035.0
202607,551419,"Woven fabrics containing predominantly, but ＜ 85% synthetic staple fibres by weight, mixed principally or solely with cotton and weighing ＞ 170 g/m2, unbleached or bleached (excluding those of plain woven polyester staple fibres and polyester staple fibres in three-thread or four-thread twill, incl. cross twill)",6287.0
202607,551421,"Plain woven fabrics containing predominantly, but ＜ 85% polyester staple fibres by weight, mixed principally or solely with cotton and weighing ＞ 170 g/m2, dyed",256358.0
202607,551422,"Woven fabrics containing predominantly, but ＜ 85% polyester staple fibres by weight, mixed principally or solely with cotton and weighing ＞ 170 g/m2, in 3thread or 4thread twill, incl. cross twill, dyed",353534.0
202607,551423,"Woven fabrics containing predominantly, but ＜ 85% polyester staple fibres by weight, mixed principally or solely with cotton and weighing ＞ 170 g/m2, dyed (excluding those in three-thread or four-thread twill, incl. cross twill, and plain woven fabrics)",138152.0
202607,551429,"Woven fabrics containing predominantly, but ＜ 85% synthetic staple fibres by weight, mixed principally or solely with cotton and weighing ＞ 170 g/m2, dyed (excluding those of polyester staple fibres)",14125.0
202607,551430,"Woven fabrics containing predominantly, but ＜ 85% synthetic staple fibres by weight, mixed principally or solely with cotton and weighing ＞ 170 g/m2, made of yarn of different colours",450857.0
202607,551441,"Plain woven fabrics containing predominantly, but ＜ 85% polyester staple fibres by weight, mixed principally or solely with cotton and weighing ＞ 170g/m2, printed",953.0
202607,551449,"Woven fabrics containing predominantly, but ＜ 85% synthetic staple fibres by weight, mixed principally or solely with cotton and weighing ＞ 170 g/m2, printed (excluding those of polyester staple fibres)",88.0
202607,551511,"Woven fabrics containing predominantly, but ＜ 85% polyester staple fibres by weight, mixed principally or solely with viscose staple fibres",800887.0
202607,551512,"Woven fabrics containing predominantly, but ＜ 85% polyester staple fibres by weight, mixed principally or solely with man-made filament",407945.0
202607,551513,"Woven fabrics containing predominantly, but ＜ 85% polyester staple fibres by weight, mixed principally or solely with cotton or fine animal hair",1906595.0
202607,551519,"Woven fabrics containing predominantly, but ＜ 85% polyester staple fibres by weight, other than those mixed principally or solely with wool or fine animal hair, man-made filament, viscose staple fibres or cotton",386050.0
202607,551521,"Woven fabrics containing predominantly, but ＜ 85% acrylic or modacrylic staple fibres by weight, mixed principally or solely with man-made filament",51414.0
202607,551522,"Woven fabrics containing predominantly, but ＜ 85% acrylic or modacrylic staple fibres by weight, mixed principally or solely with carded wool or carded fine animal hair",98071.0
202607,551529,"Woven fabrics containing predominantly, but ＜ 85% acrylic or modacrylic staple fibres by weight, other than those mixed principally or solely with wool, fine animal hair, man-made filaments or cotton",273178.0
202607,551591,"Woven fabrics containing predominantly, but ＜ 85% synthetic staple fibres, mixed principally or solely with man-made filament (excluding those of acrylic, modacrylic or polyester staple fibres)",36477.0
202607,551599,"Woven fabrics containing predominantly, but ＜ 85% synthetic staple fibres, other than those mixed principally or solely with man-made filament or cotton (excluding those of acrylic, modacrylic or polyester staple fibres)",326108.0
202607,551611,"Woven fabrics containing ≥ 85% artificial staple fibres by weight, unbleached or bleached",157109.0
202607,551612,"Woven fabrics containing ≥ 85% artificial staple fibres by weight,Dyed",488597.0
202607,551613,"Woven fabrics containing ≥ 85% artificial staple fibres by weight, made of yarn of different colours",61424.0
202607,551614,"Woven fabrics containing ≥ 85% artificial staple fibres by weight, Printed",117000.0
202607,551622,"Woven fabrics containing predominantly, but ＜ 85% artificial staple fibres, mixed principally or solely with man-made filament, dyed",322141.0
202607,551623,"Woven fabrics containing predominantly, but ＜ 85% artificial staple fibres, mixed principally or solely with man-made filament, made of yarn of different colours",157538.0
202607,551624,"Woven fabrics containing predominantly, but ＜ 85% artificial staple fibres by weight, mixed principally or solely with man-made filament, printed",7670.0
202607,551631,"Woven fabrics containing predominantly, but ＜ 85% artificial staple fibres by weight, mixed principally or solely with wool or fine animal hair, unbleached or bleached",417.0
202607,551632,"Woven fabrics containing predominantly, but ＜ 85% artificial staple fibres by weight, mixed principally or solely with wool or fine animal hair, dyed",59949.0
202607,551633,"Woven fabrics containing predominantly, but ＜ 85% artificial staple fibres by weight, mixed principally or solely with wool or fine animal hair, made of yarn of different colours",49255.0
202607,551642,"Woven fabrics containing predominantly, but ＜ 85% artificial staple fibres by weight, mixed principally or solely with cotton, dyed",146984.0
202607,551643,"Woven fabrics containing predominantly, but ＜ 85% artificial staple fibres by weight, mixed principally or solely with cotton, made of yarn of different colours",147727.0
202607,551644,"Woven fabrics containing predominantly, but ＜ 85% artificial staple fibres by weight, mixed principally or solely with cotton, printed",4944.0
202607,551691,"Woven fabrics containing predominantly, but ＜ 85% artificial staple fibres by weight, other than those mixed principally or solely with cotton, wool, fine animal hair or man-made filament, unbleached or bleached",4055.0
202607,551692,"Woven fabrics containing predominantly, but ＜ 85% artificial staple fibres by weight, other than those mixed principally or solely with cotton, wool, fine animal hair or man-made filament, dyed",154215.0
202607,551693,"Woven fabrics containing predominantly, but ＜ 85% artificial staple fibres by weight, other than those mixed principally or solely with cotton, wool, fine animal hair or man-made filament, made of yarn of different colours",168247.0
202607,551694,"Woven fabrics containing predominantly, but ＜ 85% artificial staple fibres by weight, other than those mixed principally or solely with cotton, wool, fine animal hair or man-made filament, printed",758.0
202607,560121,Wadding of cotton and articles thereof,1120581.0
202607,560122,Wadding of man-made fibres and articles thereof,1834342.0
202607,560129,Wadding of textile materials and articles thereof,153332.0
202607,560130,Textile flock and dust and mill neps,3049451.0
202607,560210,Needleloom felt and stitchbonded fibre fabrics,1253618.0
202607,560221,"Felt, not impregnated, coated, covered or laminated, of wool or fine animal hair",325142.0
202607,560229,"Felt, not impregnated, coated, covered or laminated",156841.0
202607,560290,"Felt, impregnated, coated, covered or laminated",1092782.0
202607,560311,"Nonwovens, whether or not impregnated, coated, covered or laminated, n.e.s., of synthetic or man-made filaments, weighing ≤ 25 g/m2",815724.0
202607,560312,"Nonwovens, whether or not impregnated, coated, covered or laminated, n.e.s., of man-made filaments, weighing ＞ 25 g/m2 but ≤ 70 g/m2",11947033.0
202607,560313,"Nonwovens, whether or not impregnated, coated, covered or laminated, n.e.s., of man-made filaments, weighing ＞ 70 g/m2 but ≤ 150 g/m2",11096765.0
202607,560314,"Nonwovens, whether or not impregnated, coated, covered or laminated, n.e.s., of man-made filaments, weighing ＞ 150 g",5777896.0
202607,560391,"Nonwovens, whether or not impregnated, coated, covered or laminated, n.e.s., weighing ≤ 25 g/m2 (excluding of man-made filaments)",946942.0
202607,560392,"Nonwovens, whether or not impregnated, coated, covered or laminated, n.e.s., weighing ＞ 25 g/m2 but ≤ 70 g/m2 (excluding of man-made filaments)",15383118.0
202607,560393,"Nonwovens, whether or not impregnated, coated, covered or laminated, n.e.s., weighing ＞ 70 g/m2 but ≤ 150 g/m2 (excluding of man-made filaments)",12245300.0
202607,560394,"Nonwovens, whether or not impregnated, coated, covered or laminated, n.e.s., weighing ＞ than 150 g/m2 (excluding of man-made filaments)",14313304.0
202607,560410,Textile-covered rubber thread and cord,294195.0
202607,560490,"High tenacity yarn of polyesters, nylon, other polyamides or viscose, impregnated or coated with rubber or plastics",912138.0
202607,560500,"Metallised yarn, whether or not gimped, being textile yarn, or strip or the like of heading 5404 or 5405, of textile fibres, combined with metal in the form of thread, strip or powder or covered with metal",542431.0
202607,560600,"Gimped yarn, gimped strip and the like of heading 5404 or 5405; chenille yarn, incl. flock chenille yarn, and loop wale-yarn",690318.0
202607,560721,"Binder or baler twine, of sisal or other textile fibres of the genus Agave",53001.0
202607,560729,"Twine, cordage, ropes and cables, of sisal or other textile fibres of the genus Agave, whether or not plaited or braided and whether or not impregnated, coated, covered or sheathed with rubber or plastics (excluding binder or baler twine)",156618.0
202607,560741,"Binder or baler twine, of polyethylene or polypropylene",18909.0
202607,560749,"Twine, cordage, ropes and cables of polyethylene or polypropylene, whether or not plaited or braided and whether or not impregnated, coated, covered or sheathed with rubber or plastics (excluding binder or baler twine)",2127452.0
202607,560750,"Twine, cordage, ropes and cables, of synthetic fibres, whether or not plaited or braided and whether or not impregnated, coated, covered or sheathed with rubber or plastics (excluding polyethylene and polypropylene)",11773677.0
202607,560790,"Twine, cordage, ropes and cables, whether or not plaited or braided and whether or not impregnated, coated, covered or sheathed with rubber or plastics (excluding that of synthetic fibres and of sisal or other textile fibres of the genus Agave)",322202.0
202607,560811,Made-up knotted fishing nets of man-made textile materials (excluding landing nets),249365.0
202607,560819,"Knotted netting of twine, cordage, ropes or cables, by the piece or metre; made-up nets, of man-made textile materials (excluding made-up fishing nets, hairnets, nets for sporting purposes, incl. landing nets, butterfly nets and the like)",671290.0
202607,560890,"Knotted netting of twine, cordage, ropes or cables, by the piece or metre; made-up fishing nets and other made-up nets, of vegetable textile materials (excluding hairnets, nets for sporting purposes, incl. landing nets, butterfly nets and the like)",40073.0
202607,560900,"Articles of yarn, strip or the like of heading 54.04 or 54.05, twine, cordage, rope or cables, not elsewhere specified or included.",1167726.0
202607,570110,"Carpets and other textile floor coverings, of wool or fine animal hair, knotted, whether or not made up",425078.0
202607,570190,"Carpets and other textile floor coverings, of textile materials, knotted, whether or not made up (excluding those of wool or fine animal hair)",179663.0
202607,570210,"Kelem, Schumacks, Karamanie and similar hand-woven rugs, whether or not made up",134813.0
202607,570220,"Floor coverings of coconut fibres coir"", woven, whether or not made up""",82289.0
202607,570231,"Carpets and other floor coverings, of wool or fine animal hair, woven, not tufted or flocked, of pile construction, not made up (excluding Kelem, Schumacks, Karamanie and similar hand-woven rugs)",171450.0
202607,570232,"Carpets and other floor coverings, of man-made textile materials, woven, not tufted or flocked, of pile construction, not made up (excluding Kelem, Schumacks, Karamanie and similar hand-woven rugs)",176630.0
202607,570241,"Carpets and other floor coverings, of wool or fine animal hair, woven, not tufted or flocked, of pile construction, made up (excluding Kelem, Schumacks, Karamanie and similar hand-woven rugs)",381385.0
202607,570242,"Carpets and other floor coverings, of man-made textile materials, woven, not tufted or flocked, of pile construction, made up (excluding Kelem, Schumacks, Karamanie and similar hand-woven rugs)",1383356.0
202607,570249,"Carpets and other floor coverings, of vegetable textile materials or coarse animal hair, woven, not tufted or flocked, of pile construction, made up (excluding Kelem, Schumacks, Karamanie and similar hand-woven rugs, and floor coverings of coconut fibres coir"")""",47512.0
202607,570250,"Carpets and other textile floor coverings, woven, not tufted or flocked, not of pile construction, not made up (excluding Kelem, Schumacks, Karamanie and similar hand-woven rugs, and floor coverings of coconut fibres coir"")""",12357.0
202607,570291,"Carpets and other floor coverings, of wool or fine animal hair, woven, not tufted or flocked, not of pile construction, made up (excluding Kelem, Schumacks, Karamanie and similar hand-woven rugs)",201736.0
202607,570292,"Carpets and other floor coverings, of man-made textile materials, woven, not tufted or flocked, not of pile construction, made up (excluding Kelem, Schumacks, Karamanie and similar hand-woven rugs)",118413.0
202607,570299,"Carpets and other floor coverings, of vegetable textile materials or coarse animal hair, woven, not tufted or flocked, not of pile construction, made up (excluding Kelem, Schumacks, Karamanie and similar hand-woven rugs, and floor coverings of coconut fibres coir"")""",695622.0
202607,570310,"Carpets and other floor coverings, of wool or fine animal hair, tufted needle punched"", whether or not made up""",712045.0
202607,570329,"Carpets and other floor coverings,tufted, of nylon or other polyamides",1300923.0
202607,570331,"Turf,tufted, of other man-made textile materials",223019.0
202607,570339,"Carpets and other floor coverings,tufted, of other man-made textile materials",1583700.0
202607,570390,"Carpets and other floor coverings,tufted, of other textile materials",151223.0
202607,570420,"Floor tiles, of felt, not tufted or flocked, with an area of ＞ 0,3 m2 but ≤ 1 m2",1.0
202607,570490,"Carpets and other floor coverings, of felt, not tufted or flocked, whether or not made up (excluding floor tiles with an area of ≤ 0,3 m2)",15088.0
202607,570500,"Other carpets and other textile floor coverings, whether or not made up.",549074.0
202607,580110,"Woven pile fabrics and chenille fabrics, of wool or fine animal hair (excluding terry towelling and similar woven terry fabrics, tufted textile fabrics and narrow woven fabrics of heading 5806)",156482.0
202607,580121,"Uncut weft pile fabrics, of cotton (excluding terry towelling and similar woven terry fabrics, tufted textile fabrics and narrow woven fabrics of heading 5806)",9414.0
202607,580122,"Cut corduroy, of cotton (excluding terry towelling and similar woven terry fabrics, tufted textile fabrics and narrow woven fabrics of heading 5806)",548096.0
202607,580123,"Cut weft pile fabrics, of cotton (excluding terry towelling and similar woven terry fabrics, tufted textile fabrics and narrow woven fabrics of heading 5806)",407735.0
202607,580126,"Chenille fabrics, of cotton (excluding terry towelling and similar woven terry fabrics, tufted textile fabrics and narrow woven fabrics of heading 5806)",15689.0
202607,580127,"Warp pile fabrics, of cotton (excluding terry towelling and similar woven terry fabrics, tufted textile fabrics and narrow woven fabrics of heading 5806)",110839.0
202607,580131,"Uncut weft pile fabrics, of man-made fibres (excluding terry towelling and similar woven terry fabrics, tufted textile fabrics and narrow woven fabrics of heading 5806)",70111.0
202607,580132,"Cut corduroy, of man-made fibres (excluding terry towelling and similar woven terry fabrics, tufted textile fabrics and narrow woven fabrics of heading 5806)",133704.0
202607,580133,"Cut weft pile fabrics, of man-made fibres (excluding terry towelling and similar woven terry fabrics, tufted textile fabrics and narrow woven fabrics of heading 5806)",207729.0
202607,580136,"Chenille fabrics, of man-made fibres (excluding terry towelling and similar woven terry fabrics, tufted textile fabrics and narrow woven fabrics of heading 5806)",467981.0
202607,580137,"Warp pile fabrics, of man-made fibres (excluding terry towelling and similar woven terry fabrics, tufted textile fabrics and narrow woven fabrics of heading 5806)",1318446.0
202607,580190,"Woven pile fabrics and chenille fabrics (excluding those of man-made fibres, wool or fine animal hair, terry towelling and similar woven terry fabrics, tufted textile fabrics and narrow woven fabrics of heading 5806)",10876.0
202607,580210,"Terry towelling and similar woven terry fabrics, of cotton",22477.0
202607,580220,"Terry towelling and similar woven terry fabrics, of other textile materials",150303.0
202607,580230,Tufted textile fabrics,495554.0
202607,580300,"Gauze, other than narrow fabrics of heading 58.06",156446.0
202607,580410,Tulles and other net fabrics,3053592.0
202607,580421,"Mechanically made lace of man-made fibres in the piece, in strips or in motifs (excluding fabrics of heading 6002 to 6006)",1022648.0
202607,580429,"Mechanically made lace in the piece, in strips or in motifs (excluding that of man-made fibres and fabrics of heading 6002 to 6006)",274623.0
202607,580430,Handmade lace,982.0
202607,580500,"Hand-woven tapestries of the type Gobelin, Flanders, Aubusson, Beauvais and the like, and needle-worked tapestries, e.g. petit point, cross-stitch, whether or not made up (excluding Kelem, Schumacks, Karamanie and the like, and tapestries ＞ 100 years old)",33533.0
202607,580610,Woven pile fabrics (including terry towelling and similar terry fabrics) and chenille fabrics,702410.0
202607,580620,"Other woven fabrics, containing by weight 5% or more of elastomeric yarn or rubber thread",1864186.0
202607,580631,"Narrow woven fabrics of cotton, with a width of ≤ 30 cm, n.e.s.",374349.0
202607,580632,"Narrow woven fabrics of man-made fibres, with a width of ≤ 30 cm, n.e.s.",4901396.0
202607,580639,"Narrow woven fabrics of textile materials other than cotton or man-made fibres, with a width of ≤ 30 cm, n.e.s.",40118.0
202607,580640,Fabrics consisting of warp without weft assembled by means of an adhesive (bolducs),19944.0
202607,580710,"Labels, badges and similar articles, of textile materials, in the piece, in strips or cut to shape or size, woven, not embroidered",3083232.0
202607,580790,"Labels, badges and similar articles, of textile materials, in the piece, in strips or cut to shape or size, not embroidered (excluding woven)",156706.0
202607,580810,Braids in the piece,314169.0
202607,580890,"Ornamental trimmings of textile materials, in the piece, not embroidered, other than knitted or crocheted; tassels, pompons and similar articles of textile materials (excluding braids in the piece)",108840.0
202607,580900,"Woven fabrics of metal thread and woven fabrics of metallised yarn of heading 5605, of a kind used in apparel, as furnishing fabrics or for similar purposes, n.e.s.",288849.0
202607,581010,Embroidery without visible ground,141479.0
202607,581091,"Embroidery of cotton on a textile fabric ground, in the piece, in strips or in motifs (excluding embroidery without visible ground)",37109.0
202607,581092,"Embroidery of man-made fibres on a textile fabric base, in the piece, in strips or in motifs (excluding embroidery without visible ground)",674186.0
202607,581099,"Embroidery of materials other than cotton or man-made fibres, on a textile fabric base, in the piece, in strips or in motifs (excluding embroidery without visible ground)",105476.0
202607,581100,"Quilted textile products in the piece, composed of one or more layers of textile materials assembled with padding by stitching or otherwise (excluding embroidery of heading 5810 and quilted fabrics for bedding and furnishings)",1035249.0
202607,590110,"Textile fabrics coated with gum or amylaceous substances, of a kind used for the outer covers of books or the like",54286.0
202607,590190,Tracing cloth; prepared painting canvas; buckram and similar stiffened textile fabrics of a kind used for hat foundations (excluding plastic-coated textile fabrics),509727.0
202607,590210,"Tyre cord fabric of high-tenacity yarn of nylon or other polyamides, whether or not dipped or impregnated with rubber or plastic",11384440.0
202607,590220,"Tyre cord fabric of high-tenacity polyester yarn, whether or not dipped or impregnated with rubber or plastic",626360.0
202607,590290,"Tyre cord fabric of high-tenacity viscose rayon yarn, whether or not dipped in rubber or plastic",4159781.0
202607,590310,"Textile fabrics impregnated, coated, covered or laminated with polyvinyl chloride"" (excluding wallcoverings of textile materials impregnated or covered with poly""vinyl chloride""; floor coverings consisting of a textile backing and a top layer or covering of poly""vinyl chloride"")""",6982771.0
202607,590320,"Textile fabrics impregnated, coated, covered or laminated with polyurethane (excluding wallcoverings of textile materials impregnated or covered with polyurethane; floor coverings consisting of a textile backing and a top layer or covering of polyurethane)",19071841.0
202607,590390,"Textile fabrics impregnated, coated, covered or laminated with plastics other than polyvinyl chloride"" or polyurethane (excluding tyre cord fabric of high-tenacity yarn of nylon or other polyamides, polyesters or viscose rayon; wallcoverings of textile materials impregnated or covered with plastic; floor coverings consisting of a textile backing and a top layer or covering of plastics)""",19699800.0
202607,590410,"Linoleum, whether or not cut to shap",78804.0
202607,590490,"Floor coverings consisting of a coating or covering applied on a textile backing, whether or not cut to shape (excluding linoleum)",7368.0
202607,590500,Textile wall coverings.,269088.0
202607,590610,Adhesive tape of a width not exceeding 20 cm,1602030.0
202607,590691,"Knitted or crocheted textile fabrics, rubberised, n.e.s.",400769.0
202607,590699,"Rubberised textile fabrics (excluding knitted or crocheted textile fabrics, adhesive tape of a width of ≤ 20 cm, and tyre cord fabric of high-tenacity yarn of nylon or other polyamides, polyesters or viscose rayon)",4621822.0
202607,590700,"Impregnated, coated or covered textile fabrics; painted canvas being theatrical scenery, studio backcloths or the like, n.e.s.",1902195.0
202607,590800,"Textile wicks, woven, plaited or knitted, for lamps, stoves, lighters, candles or the like; incandescent gas mantles and tubular knitted gas-mantle fabric for incandescent gas mantles, whether or not impregnated",289713.0
202607,590900,"Textile hosepiping and similar textile tubing, whether or not impregnated or coated, with or without lining, armour or accessories of other materials",411861.0
202607,591000,"Transmission or conveyor belts or belting, of textile material, whether or not impregnated, coated, covered or laminated with plastics, or reinforced with metal or other material.",1722283.0
202607,591110,"Textile fabrics, felt and felt-lined woven fabrics, coated, covered or laminated with rubber, leather or other material, of a kind used for card clothing, and similar fabrics of a kind used for other technical purposes, incl. narrow fabrics made of velvet impregnated with rubber, for covering weaving spindles weaving beams""""",2361123.0
202607,591120,"Bolting cloth, whether or not made up",3987852.0
202607,591131,"Textile fabrics and felts, endless or fitted with linking devices, of a kind used in papermaking or similar machines, e.g. for paper pulp or asbestos-cement, weighing ＜ 650 g/m2",810061.0
202607,591132,"Textile fabrics and felts, endless or fitted with linking devices, of a kind used in papermaking or similar machines, e.g. for paper pulp or asbestos-cement, weighing ≥ 650 g/m2",2695451.0
202607,591140,"Filtering or straining cloth of a kind used in oil-presses or for similar technical purposes, incl. that of human hair",2220790.0
202607,591190,"Textile products and articles, for technical purposes, specified in Note 7 to chapter 59, n.e.s.",19305711.0
202607,600110,"Long pile fabrics, knitted or crocheted",529328.0
202607,600121,"Looped pile fabrics of cotton, knitted or crocheted",303225.0
202607,600122,"Looped pile fabrics of man-made fibres, knitted or crocheted",785750.0
202607,600129,"Looped pile fabrics, knitted or crocheted (excluding of cotton or man-made fibres)",8946.0
202607,600191,"Pile fabrics of cotton, knitted or crocheted (excluding long pile"" fabrics)""",80937.0
202607,600192,"Pile fabrics of man-made fibres, knitted or crocheted (excluding long pile"" fabrics)""",2964135.0
202607,600199,"Pile fabrics, knitted or crocheted (excluding cotton or man-made fibres and long pile"" fabrics)""",78935.0
202607,600240,"Knitted or crocheted fabrics, of a width of ≤ 30 cm, containing ≥ 5% by weight elastomeric yarn",180610.0
202607,600290,"Knitted or crocheted fabrics, of a width of ≤ 30 cm, containing ≥ 5% by weight elastomeric yarn and rubber thread or rubber thread only",286036.0
202607,600310,"Knitted or crocheted fabrics of wool or fine animal hair, of a width of ≤ 30 cm",697.0
202607,600320,"Knitted or crocheted fabrics of cotton, of a width of ≤ 30 cm",2382.0
202607,600330,"Knitted or crocheted fabrics of synthetic fibres, of a width of ≤ 30 cm",261633.0
202607,600390,Knitted or crocheted fabrics of a width of ≤ 30 cm,1796.0
202607,600410,"Knitted or crocheted fabrics, of a width of ＞ 30 cm, containing ≥ 5% by weight elastomeric yarn",10136467.0
202607,600490,"Knitted or crocheted fabrics, of a width of ＞ 30 cm, containing ≥ 5% by weight elastomeric yarn and rubber thread or rubber thread only",144250.0
202607,600521,"Unbleached or bleached cotton warp knit fabrics incl. those made on galloon knitting machines"", of a width of ＞ 30 cm""",4461.0
202607,600522,"Dyed cotton warp knit fabrics incl. those made on galloon knitting machines"", of a width of ＞ 30 cm""",14427.0
202607,600536,"Unbleached or bleached warp knit fabrics of synthetic fibres incl. those made on galloon knitting machines"", of a width of ＞ 30 cm""",1412556.0
202607,600537,"Dyed warp knit fabrics of synthetic fibres incl. those made on galloon knitting machines"", of a width of ＞ 30 cm""",4609520.0
202607,600538,"Warp knit fabrics of synthetic fibres, of yarns of different colours incl. those made on galloon knitting machines"", of a width of ＞ 30 cm""",155821.0
202607,600539,"Printed warp knit fabrics of synthetic fibres incl. those made on galloon knitting machines"", of a width of ＞ 30 cm""",214423.0
202607,600541,"Unbleached or bleached warp knit fabrics of artificial fibres incl. those made on galloon knitting machines"", of a width of ＞ 30 cm""",9290.0
202607,600542,"Dyed warp knit fabrics of artificial fibres incl. those made on galloon knitting machines"", of a width of ＞ 30 cm""",18580.0
202607,600543,"Warp knit fabrics of artificial fibres, of yarns of different colours incl. those made on galloon knitting machines"", of a width of ＞ 30 cm""",15410.0
202607,600544,"Printed warp knit fabrics of artificial fibres incl. those made on galloon knitting machines"", of a width of ＞ 30 cm""",893.0
202607,600590,"Warp knit fabrics incl. those made on galloon knitting machines"", of a width of ＞ 30 cm""",4557.0
202607,600610,"Fabrics, knitted or crocheted, of a width of ＞ 30 cm, of wool or fine animal hair",2385507.0
202607,600621,"Unbleached or bleached cotton fabrics, knitted or crocheted, of a width of ＞ 30 cm",592410.0
202607,600622,"Dyed cotton fabrics, knitted or crocheted, of a width of ＞ 30 cm",2137493.0
202607,600623,"Cotton fabrics, knitted or crocheted, of yarns of different colours, of a width of ＞ 30 cm",212586.0
202607,600624,"Printed cotton fabrics, knitted or crocheted, of a width of ＞ 30 cm",172604.0
202607,600631,"Unbleached or bleached fabrics, knitted or crocheted, of synthetic fibres, of a width of ＞ 30 cm",584044.0
202607,600632,"Dyed fabrics, knitted or crocheted, of synthetic fibres, of a width of ＞ 30 cm",13052587.0
202607,600633,"Fabrics, knitted or crocheted, of synthetic fibres, of yarns of different colours, of a width of ＞ 30 cm",1789930.0
202607,600634,"Printed fabrics, knitted or crocheted, of synthetic fibres, of a width of ＞ 30 cm",361418.0
202607,600641,"Unbleached or bleached fabrics, knitted or crocheted, of artificial fibres, of a width of ＞ 30 cm",23855.0
202607,600642,"Dyed fabrics, knitted or crocheted, of artificial fibres, of a width of ＞ 30 cm",368309.0
202607,600643,"Fabrics, knitted or crocheted, of artificial fibres, of yarns of different colours, of a width of ＞ 30 cm",47177.0
202607,600644,"Printed fabrics, knitted or crocheted, of artificial fibres, of a width of ＞ 30 cm",2573.0
202607,600690,"Fabrics, knitted or crocheted, of a width of ＞ 30 cm",116415.0
202607,610120,"Overcoats, car coats, capes, cloaks, anoraks, incl. ski jackets, windcheaters, wind-jackets and similar articles of cotton, for men or boys, knitted or crocheted",1078279.0
202607,610130,"Overcoats, car coats, capes, cloaks, anoraks, incl. ski jackets, windcheaters, wind-jackets and similar articles of man-made fibres, for men or boys, knitted or crocheted",4251005.0
202607,610190,"Overcoats, car coats, capes, cloaks, anoraks, incl. ski jackets, windcheaters, wind-jackets and similar articles of textile materials, for men or boys, knitted or crocheted",3491569.0
202607,610210,"Women's or girls' overcoats, car coats, capes, cloaks, anoraks, incl. ski jackets, windcheaters, wind-jackets and similar articles, of wool or fine animal hair, knitted or crocheted",4857361.0
202607,610220,"Women's or girls' overcoats, car coats, capes, cloaks, anoraks, incl. ski jackets, windcheaters, wind-jackets and similar articles of cotton, knitted or crocheted",2502864.0
202607,610230,"Women's or girls' overcoats, car coats, capes, cloaks, anoraks, incl. ski jackets, windcheaters, wind-jackets and similar articles of man-made fibres, knitted or crocheted",3311228.0
202607,610290,"Women's or girls' overcoats, car coats, capes, cloaks, anoraks, incl. ski jackets, windcheaters, wind-jackets and similar articles, of textile materials, knitted or crocheted",210651.0
202607,610310,"Men's or boys' suits of textile materials, knitted or crocheted",8960.0
202607,610322,"Men's or boys' ensembles of cotton, knitted or crocheted",31155.0
202607,610323,"Men's or boys' ensembles of synthetic fibres, knitted or crocheted",309393.0
202607,610331,"Men's or boys' jackets and blazers of wool or fine animal hair, knitted or crocheted",1436801.0
202607,610332,"Men's or boys' jackets and blazers of cotton, knitted or crocheted",367288.0
202607,610333,"Men's or boys' jackets and blazers of synthetic fibres, knitted or crocheted",264866.0
202607,610339,Men's or boys' jackets and blazers of textile materials,123251.0
202607,610341,"Men's or boys' trousers, bib and brace overalls, breeches and shorts of wool or fine animal hair, knitted or crocheted",1011431.0
202607,610342,"Men's or boys' trousers, bib and brace overalls, breeches and shorts of cotton, knitted or crocheted",6505191.0
202607,610343,"Men's or boys' trousers, bib and brace overalls, breeches and shorts of synthetic fibres, knitted or crocheted",9294119.0
202607,610349,"Men's or boys' trousers, bib and brace overalls, breeches and shorts of textile materials, knitted or crocheted",757566.0
202607,610413,"Women's or girls' suits of synthetic fibres, knitted or crocheted",1577.0
202607,610419,"Women's or girls' suits of textile materials, knitted or crocheted",2042.0
202607,610422,"Women's or girls' ensembles of cotton, knitted or crocheted",21229.0
202607,610423,"Women's or girls' ensembles of synthetic fibres, knitted or crocheted",20803.0
202607,610429,Women's or girls' ensembles of textile materials,53388.0
202607,610431,"Women's or girls' jackets and blazers of wool or fine animal hair, knitted or crocheted",3160627.0
202607,610432,"Women's or girls' jackets and blazers of cotton, knitted or crocheted",564658.0
202607,610433,"Women's or girls' jackets and blazers of synthetic fibres, knitted or crocheted",699011.0
202607,610439,"Women's or girls' jackets and blazers of textile materials, knitted or crocheted",1466262.0
202607,610441,"Women's or girls' dresses of wool or fine animal hair, knitted or crocheted",867280.0
202607,610442,"Women's or girls' dresses of cotton, knitted or crocheted",1955936.0
202607,610443,"Women's or girls' dresses of synthetic fibres, knitted or crocheted",2143705.0
202607,610444,"Women's or girls' dresses of artificial fibres, knitted or crocheted",1505290.0
202607,610449,"Women's or girls' dresses of textile materials, knitted or crocheted",1134752.0
202607,610451,"Women's or girls' skirts and divided skirts of wool or fine animal hair, knitted or crocheted",707761.0
202607,610452,"Women's or girls' skirts and divided skirts of cotton, knitted or crocheted",644622.0
202607,610453,"Women's or girls' skirts and divided skirts of synthetic fibres, knitted or crocheted",1689678.0
202607,610459,"Women's or girls' skirts and divided skirts of textile materials, knitted or crocheted",653080.0
202607,610461,"Women's or girls' trousers, bib and brace overalls, breeches and shorts of wool or fine animal hair, knitted or crocheted",1527157.0
202607,610462,"Women's or girls' trousers, bib and brace overalls, breeches and shorts of cotton, knitted or crocheted",5507038.0
202607,610463,"Women's or girls' trousers, bib and brace overalls, breeches and shorts of synthetic fibres, knitted or crocheted",14764329.0
202607,610469,"Women's or girls' trousers, bib and brace overalls, breeches and shorts of textile materials, knitted or crocheted",1370113.0
202607,610510,"Men's or boys' shirts of cotton, knitted or crocheted (excluding nightshirts, T-shirts, singlets and other vests)",14205454.0
202607,610520,"Men's or boys' shirts of man-made fibres, knitted or crocheted (excluding nightshirts, T-shirts, singlets and other vests)",3066083.0
202607,610590,"Men's or boys' shirts of textile materials, knitted or crocheted (excluding of cotton or man-made fibres, nightshirts, T-shirts, singlets and other vests)",793671.0
202607,610610,"Women's or girls' blouses, shirts and shirt-blouses of cotton, knitted or crocheted (excluding T-shirts and vests)",3359583.0
202607,610620,"Women's or girls' blouses, shirts and shirt-blouses of man-made fibres, knitted or crocheted (excluding T-shirts and vests)",1537997.0
202607,610690,"Women's or girls' blouses, shirts and shirt-blouses of textile materials, knitted or crocheted (excluding of cotton or man-made fibres, T-shirts and vests)",909895.0
202607,610711,"Men's or boys' underpants and briefs of cotton, knitted or crocheted",1858169.0
202607,610712,"Men's or boys' underpants and briefs of man-made fibres, knitted or crocheted",1636411.0
202607,610719,"Men's or boys' underpants and briefs of other textile materials, knitted or crocheted (excluding of cotton or man-made fibres)",5771.0
202607,610721,"Men's or boys' nightshirts and pyjamas of cotton, knitted or crocheted (excluding vests and singlets)",188140.0
202607,610722,"Men's or boys' nightshirts and pyjamas of man-made fibres, knitted or crocheted (excluding vests and singlets)",44268.0
202607,610729,"Men's or boys' nightshirts and pyjamas of textile materials, knitted or crocheted (excluding of cotton or man-made fibres, and vests and singlets)",20663.0
202607,610791,"Men's or boys' bathrobes, dressing gowns and similar articles of cotton, knitted or crocheted",62848.0
202607,610799,"Men's or boys' bathrobes, dressing gowns and similar articles of textile materials, knitted or crocheted (excluding of cotton)",33259.0
202607,610811,"Women's or girls' slips and petticoats of man-made fibres, knitted or crocheted (excluding T-shirts and vests)",10264.0
202607,610819,"Women's or girls' slips and petticoats of textile materials, knitted or crocheted (excluding man-made fibres, T-shirts and vests)",29.0
202607,610821,"Women's or girls' briefs and panties of cotton, knitted or crocheted",1286975.0
202607,610822,"Women's or girls' briefs and panties of man-made fibres, knitted or crocheted",2497215.0
202607,610829,"Women's or girls' briefs and panties of textile materials, knitted or crocheted (excluding cotton or man-made fibres)",919.0
202607,610831,"Women's or girls' nightdresses and pyjamas of cotton, knitted or crocheted (excluding T-shirts, vests and négligés)",214211.0
202607,610832,"Women's or girls' nightdresses and pyjamas of man-made fibres, knitted or crocheted (excluding T-shirts, vests and négligés)",365160.0
202607,610839,"Women's or girls' nightdresses and pyjamas of textile materials, knitted or crocheted (excluding of cotton and man-made fibres, T-shirts, vests and négligés)",9919.0
202607,610891,"Women's or girls' négligés, bathrobes, dressing gowns, housejackets and similar articles of cotton, knitted or crocheted (excluding vests, slips, petticoats, briefs and panties, nightdresses, pyjamas, brassiéres, girdles, corsets and similar articles)",59252.0
202607,610892,"Women's or girls' négligés, bathrobes, dressing gowns, housejackets and similar articles of man-made fibres, knitted or crocheted (excluding vests, slips, petticoats, briefs and panties, nightdresses, pyjamas, brassiéres, girdles, corsets and similar articles)",227999.0
202607,610899,"Women's or girls' négligés, bathrobes, dressing gowns, housejackets and similar articles of textile materials, knitted or crocheted (excluding of cotton or man-made fibres, vests, slips, petticoats, briefs and panties, nightdresses, pyjamas, brassiéres, girdles, corsets and similar articles)",14842.0
202607,610910,"T-shirts, singlets and other vests of cotton, knitted or crocheted",51500505.0
202607,610990,"T-shirts, singlets and other vests of textile materials, knitted or crocheted (excluding cotton)",21944770.0
202607,611011,"Jerseys, pullovers, cardigans, waistcoats and similar articles, of hair of Kashmir cashmere"" goats, knitted or crocheted (excluding quilted articles)""",22768102.0
202607,611012,"Jerseys, pullovers, cardigans, waistcoats and similar articles, of fine animal hair, knitted or crocheted (excluding from hair of Kashmir cashmere"" goats and quilted articles)""",16932234.0
202607,611019,"Jerseys, pullovers, cardigans, waistcoats and similar articles, of cotton, knitted or crocheted (excluding wadded waistcoats)",2575179.0
202607,611020,"Jerseys, pullovers, cardigans, waistcoats and similar articles, of man-made fibres, knitted or crocheted (excluding wadded waistcoats)",45394608.0
202607,611030,"Jerseys, pullovers, cardigans, waistcoats and similar articles, of textile materials, knitted or crocheted (excluding of wool, fine animal hair, cotton or man-made fibres, and wadded waistcoats)",37798804.0
202607,611090,"bies' garments and clothing accessories, knitted or crocheted (excluding hats)",2097577.0
202607,611120,"Babies' garments and clothing accessories of cotton, knitted or crocheted (excluding hats)",3122380.0
202607,611130,"Babies' garments and clothing accessories of synthetic fibres, knitted or crocheted (excluding hats)",2003366.0
202607,611190,"Babies' garments and clothing accessories of textile materials, knitted or crocheted (excluding of cotton or synthetic fibres, and hats)",354557.0
202607,611211,"Track-suits of cotton, knitted or crocheted",25936.0
202607,611212,"Track-suits of synthetic fibres, knitted or crocheted",204392.0
202607,611219,"Track-suits of textile materials, knitted or crocheted (excluding cotton or synthetic fibres)",50755.0
202607,611231,"Men's or boys' swimwear of synthetic fibres, knitted or crocheted",241746.0
202607,611241,"Women's or girls' swimwear of synthetic fibres, knitted or crocheted",953444.0
202607,611249,"Women's or girls' swimwear of textile materials, knitted or crocheted (excluding synthetic fibres)",321.0
202607,611300,"Garments, knitted or crocheted, rubberised or impregnated, coated or covered with plastics or other materials (excluding babies' garments and clothing accessories)",442151.0
202607,611420,"Other garments of cotton, knitted or crocheted",569680.0
202607,611430,"Other garments of man-made fibres, knitted or crocheted",1855210.0
202607,611490,"Other garments of other textile materials, knitted or crocheted",86747.0
202607,611510,"Graduated compression hosiery [e.g., stockings for varicose veins], of textile materials, knitted or crocheted (excluding hosiery for babies)",767916.0
202607,611521,"Pantyhose and tights of synthetic fibres, knitted or crocheted, measuring per single yarn ＜ 67 decitex (excluding graduated compression hosiery)",53354.0
202607,611522,"Pantyhose and tights of synthetic fibres, knitted or crocheted, measuring per single yarn ≥ 67 decitex (excluding graduated compression hosiery)",48487.0
202607,611529,"Pantyhose and tights of textile materials, knitted or crocheted (excluding graduated compression hosiery, those of synthetic fibres and hosiery for babies)",333089.0
202607,611530,"Women's full-length or knee-length hosiery, knitted or crocheted, measuring per single yarn ＜ 67 decitex (excluding graduated compression hosiery, pantyhose and tights)",183670.0
202607,611594,"Full-length or knee-length stockings, socks and other hosiery, incl. footwear without applied soles, of wool or fine animal hair, knitted or crocheted (excluding graduated compression hosiery, pantyhose and tights, women's full-length or knee-length stockings, measuring per single yarn ＜ 67 decitex, and hosiery for babies)",273250.0
202607,611595,"Full-length or knee-length stockings, socks and other hosiery, incl. footwear without applied soles, of cotton, knitted or crocheted (excluding graduated compression hosiery, pantyhose and tights, women's full-length or knee-length stockings, measuring per single yarn ＜ 67 decitex, and hosiery for babies)",4178552.0
202607,611596,"Full-length or knee-length stockings, socks and other hosiery, incl. footwear without applied soles, of synthetic fibres, knitted or crocheted (excluding graduated compression hosiery, pantyhose and tights, women's full-length or knee-length stockings, measuring per single yarn ＜ 67 decitex, and hosiery for babies)",1216241.0
202607,611599,"Full-length or knee-length stockings, socks and other hosiery, incl. footwear without applied soles, of textile materials, knitted or crocheted (excluding of wool, fine animal hair, cotton or synthetic fibres, graduated compression hosiery, pantyhose and tights, women's full-length or knee-length stockings, measuring per single yarn ＜ 67 decitex, and hosiery for babies)",69426.0
202607,611610,"Impregnated, coated, covered or laminated with plastics or rubber",1266389.0
202607,611691,"Gloves, mittens and mitts, of wool or fine animal hair, knitted or crocheted (excluding for babies)",95296.0
202607,611692,"Gloves, mittens and mitts, of cotton, knitted or crocheted (excluding impregnated, coated or covered with plastics or rubber, and for babies)",39571.0
202607,611693,"Gloves, mittens and mitts, of synthetic fibres, knitted or crocheted (excluding impregnated, coated or covered with plastics or rubber, and for babies)",2179470.0
202607,611699,"Gloves, mittens and mitts, of textile materials, knitted or crocheted (excluding of wool, fine animal hair, cotton or synthetic fibres, impregnated, coated or covered with plastics or rubber, and for babies)",30000.0
202607,611710,"Shawls, scarves, mufflers, mantillas, veils and the like, knitted or crocheted",4112684.0
202607,611780,"Ties, bow ties, cravats and other made-up clothing accessories, knitted or crocheted, n.e.s. (excluding shawls, scarves, mufflers, mantillas, veils and the like)",713839.0
202607,611790,"Parts of garments or clothing accessories, knitted or crocheted, n.e.s.",1213607.0
202607,620120,"Men’s or boys’ overcoats, car-coats, capes, cloaks, anoraks (including ski-jackets), wind-cheaters, windjackets and similar artic,of wool or fine animal hair",6874044.0
202607,620130,"Men’s or boys’ overcoats, car-coats, capes, cloaks, anoraks (including ski-jackets), wind-cheaters, windjackets and similar artic,of cotton",10074586.0
202607,620140,"Men’s or boys’ overcoats, car-coats, capes, cloaks, anoraks (including ski-jackets), wind-cheaters, windjackets and similar artic,of man-made fibres",104543765.0
202607,620190,"Men's or boys' overcoats, raincoats, car coats, capes, cloaks and similar articles, of  other textile materials",455873.0
202607,620220,"Women’s or girls’ overcoats, car-coats, capes, cloaks, anoraks (including ski-jackets), wind-cheaters, wind jackets and similar articles, of wool or fine animal hair",21864673.0
202607,620230,"Women’s or girls’ overcoats, car-coats, capes, cloaks, anoraks (including ski-jackets), wind-cheaters, wind jackets and similar articles, of cotton",11483734.0
202607,620240,"Women’s or girls’ overcoats, car-coats, capes, cloaks, anoraks (including ski-jackets), wind-cheaters, wind jackets and similar articles,of man-made fibres",110834511.0
202607,620290,"Women’s or girls’ overcoats, car-coats, capes, cloaks, anoraks (including ski-jackets), wind-cheaters, wind jackets and similar articles, of other textile materials",738428.0
202607,620311,"Men's or boys' suits of wool or fine animal hair (excluding knitted or crocheted, tracksuits, ski suits and swimwear)",1814856.0
202607,620312,"Men's or boys' suits of synthetic fibres (excluding knitted or crocheted, tracksuits, ski suits and swimwear)",161862.0
202607,620319,"Men's or boys' suits of textile materials (excluding of wool, fine animal hair or synthetic fibres, knitted or crocheted, tracksuits, ski suits and swimwear)",100932.0
202607,620322,"Men's or boys' ensembles of cotton (excluding knitted or crocheted, ski ensembles and swimwear)",103377.0
202607,620323,"Men's or boys' ensembles of synthetic fibres (excluding knitted or crocheted, ski ensembles and swimwear)",126164.0
202607,620331,"Men's or boys' jackets and blazers of wool or fine animal hair (excluding knitted or crocheted, and wind-jackets and similar articles)",5079380.0
202607,620332,"Men's or boys' jackets and blazers of cotton (excluding knitted or crocheted, and wind-jackets and similar articles)",4232135.0
202607,620333,"Men's or boys' jackets and blazers of synthetic fibres (excluding knitted or crocheted, and wind-jackets and similar articles)",1694326.0
202607,620339,"Men's or boys' jackets and blazers of textile materials (excluding of wool, fine animal hair, cotton or synthetic fibres, knitted or crocheted, and wind-jackets and similar articles)",1364426.0
202607,620341,"Men's or boys' trousers, bib and brace overalls, breeches and shorts, of wool or fine animal hair (excluding knitted or crocheted, underpants and swimwear)",4056016.0
202607,620342,"Men's or boys' trousers, bib and brace overalls, breeches and shorts, of cotton (excluding knitted or crocheted, underpants and swimwear)",22672874.0
202607,620343,"Men's or boys' trousers, bib and brace overalls, breeches and shorts of synthetic fibres (excluding knitted or crocheted, underpants and swimwear)",22327978.0
202607,620349,"Men's or boys' trousers, bib and brace overalls, breeches and shorts of textile materials (excluding of wool, fine animal hair, cotton or synthetic fibres, knitted or crocheted, underpants and swimwear)",1644060.0
202607,620411,"Women's or girls' suits of wool or fine animal hair (excluding knitted or crocheted, ski overalls and swimwear)",8053.0
202607,620412,"Women's or girls' suits of cotton (excluding knitted or crocheted, ski overalls and swimwear)",5420.0
202607,620413,"Women's or girls' suits of synthetic fibres (excluding knitted or crocheted, ski overalls and swimwear)",3547.0
202607,620419,"Women's or girls' suits of textile materials (excluding of wool, fine animal hair, cotton or synthetic fibres, knitted or crocheted, ski overalls and swimwear)",26420.0
202607,620421,"Women's or girls' ensembles of wool or fine animal hair (excluding knitted or crocheted, ski overalls and swimwear)",808.0
202607,620422,"Women's or girls' ensembles of cotton (excluding knitted or crocheted, ski overalls and swimwear)",27309.0
202607,620423,"Women's or girls' ensembles of synthetic fibres (excluding knitted or crocheted, ski overalls and swimwear)",149096.0
202607,620429,"Women's or girls' ensembles of textile materials (excluding of wool, fine animal hair, cotton or synthetic fibres, knitted or crocheted, ski overalls and swimwear)",11446.0
202607,620431,"Women's or girls' jackets and blazers of wool or fine animal hair (excluding knitted or crocheted, wind-jackets and similar articles)",6943802.0
202607,620432,"Women's or girls' jackets and blazers of cotton (excluding knitted or crocheted, wind-jackets and similar articles)",5852953.0
202607,620433,"Women's or girls' jackets and blazers of synthetic fibres (excluding knitted or crocheted, wind-jackets and similar articles)",2705430.0
202607,620439,"Women's or girls' jackets and blazers of textile materials (excluding of wool, fine animal hair, cotton or synthetic fibres, knitted or crocheted, wind-jackets and similar articles)",3685216.0
202607,620441,Women's or girls' dresses of wool or fine animal hair (excluding knitted or crocheted and petticoats),2255016.0
202607,620442,Women's or girls' dresses of cotton (excluding knitted or crocheted and petticoats),8235300.0
202607,620443,Women's or girls' dresses of synthetic fibres (excluding knitted or crocheted and petticoats),3412634.0
202607,620444,Women's or girls' dresses of artificial fibres (excluding knitted or crocheted and petticoats),2327148.0
202607,620449,"Women's or girls' dresses of textile materials (excluding of wool, fine animal hair, cotton or man-made fibres, knitted or crocheted and petticoats)",3511867.0
202607,620451,Women's or girls' skirts and divided skirts of wool or fine animal hair (excluding knitted or crocheted and petticoats),2711979.0
202607,620452,Women's or girls' skirts and divided skirts of cotton (excluding knitted or crocheted and petticoats),4280523.0
202607,620453,Women's or girls' skirts and divided skirts of synthetic fibres (excluding knitted or crocheted and petticoats),4838272.0
202607,620459,"Women's or girls' skirts and divided skirts of textile materials (excluding of wool, fine animal hair, cotton or synthetic fibres, knitted or crocheted and petticoats)",2806838.0
202607,620461,"Women's or girls' trousers, bib and brace overalls, breeches and shorts of wool or fine animal hair (excluding knitted or crocheted, panties and swimwear)",3404236.0
202607,620462,"Women's or girls' trousers, bib and brace overalls, breeches and shorts of cotton (excluding knitted or crocheted, panties and swimwear)",21993541.0
202607,620463,"Women's or girls' trousers, bib and brace overalls, breeches and shorts of synthetic fibres (excluding knitted or crocheted, panties and swimwear)",12830101.0
202607,620469,"Women's or girls' trousers, bib and brace overalls, breeches and shorts of textile materials (excluding of wool, fine animal hair, cotton or synthetic fibres, knitted or crocheted, panties and swimwear)",3898539.0
202607,620520,"Men's or boys' shirts of cotton (excluding knitted or crocheted, nightshirts, singlets and other vests)",13732801.0
202607,620530,"Men's or boys' shirts of man-made fibres (excluding knitted or crocheted, nightshirts, singlets and other vests)",1957500.0
202607,620590,"Men's or boys' shirts of textile materials (excluding of cotton or man-made fibres, knitted or crocheted, nightshirts, singlets and other vests)",2797719.0
202607,620610,"Women's or girls' blouses, shirts and shirt-blouses of silk or silk waste (excluding knitted or crocheted and vests)",2827004.0
202607,620620,"Women's or girls' blouses, shirts and shirt-blouses of wool or fine animal hair (excluding knitted or crocheted and vests)",397128.0
202607,620630,"Women's or girls' blouses, shirts and shirt-blouses of cotton (excluding knitted or crocheted and vests)",9146276.0
202607,620640,"Women's or girls' blouses, shirts and shirt-blouses of man-made fibres (excluding knitted or crocheted and vests)",2944139.0
202607,620690,"Women's or girls' blouses, shirts and shirt-blouses of textile materials (excluding of silk, silk waste, wool, fine animal hair, cotton or man-made fibres, knitted or crocheted and vests)",1054009.0
202607,620711,Men's or boys' underpants and briefs of cotton,66923.0
202607,620719,Men's or boys' underpants and briefs of textile materials (excluding cotton and knitted or crocheted),6284.0
202607,620721,"Men's or boys' nightshirts and pyjamas of cotton (excluding knitted or crocheted, vests, singlets and underpants)",21300.0
202607,620722,"Men's or boys' nightshirts and pyjamas of man-made fibres (excluding knitted or crocheted, vests, singlets and underpants)",7904.0
202607,620729,"Men's or boys' nightshirts and pyjamas of textile materials (excluding of cotton or man-made fibres, knitted or crocheted, vests, singlets and underpants)",3827.0
202607,620791,"Men's or boys' singlets and other vests, bathrobes, dressing gowns and similar articles of cotton (excluding knitted or crocheted, underpants, nightshirts and pyjamas)",156287.0
202607,620799,"Men's or boys' singlets and other vests, bathrobes and dressing gowns of textile materials (excluding of cotton, knitted or crocheted, underpants, nightshirts and pyjamas)",19237.0
202607,620811,Women's or girls' slips and petticoats of man-made fibres (excluding knitted or crocheted and vests),4891.0
202607,620819,"Women's or girls' slips and petticoats of textile materials (excluding man-made fibres, knitted or crocheted and vests)",745.0
202607,620821,"Women's or girls' nightdresses and pyjamas of cotton (excluding knitted or crocheted, vests and négligés)",570825.0
202607,620822,"Women's or girls' nightdresses and pyjamas of man-made fibres (excluding knitted or crocheted, vests and négligés)",132947.0
202607,620829,"Women's or girls' nightdresses and pyjamas of textile materials (excluding cotton and man-made fibres, knitted or crocheted, vests and négligés)",8654.0
202607,620891,"Women's or girls' singlets and other vests, briefs, panties, négligés, bathrobes, dressing gowns, housecoats and similar articles of cotton (excluding knitted or crocheted, slips, petticoats, nightdresses and pyjamas, brassières, girdles, corsets and similar articles)",184110.0
202607,620892,"Women's or girls' singlets and other vests, briefs, panties, négligés, bathrobes, dressing gowns, housecoats and similar articles of man-made fibres (excluding knitted or crocheted, slips, petticoats, nightdresses and pyjamas, brassières, girdles, corsets and similar articles)",186541.0
202607,620899,"Women's or girls' singlets and other vests, briefs, panties, négligés, bathrobes, dressing gowns, housecoats and similar articles of textile materials (excluding of cotton or man-made fibres, knitted or crocheted, slips, petticoats, nightdresses and pyjamas, brassières, girdles, corsets and similar articles)",47232.0
202607,620920,"Babies' garments and clothing accessories of cotton (excluding knitted or crocheted and hats, napkins and napkin liners [see 9619])",713527.0
202607,620930,"Babies' garments and clothing accessories of synthetic fibres (excluding knitted or crocheted and hats, napkins and napkin liners [see 9619])",202731.0
202607,620990,"Babies' garments and clothing accessories of textile materials (excluding of cotton or synthetic fibres, knitted or crocheted and hats, napkins and napkin liners [see 9619])",31501.0
202607,621010,"Garments made up of felt or nonwovens, whether or not impregnated, coated, covered or laminated (excluding babies' garments and clothing accessories)",2612254.0
202607,621020,"Garments, of the type described in heading 62.01,made up of fabrics of heading 59.03, 59.06 or 59.07",10906077.0
202607,621030,"Garments, of the type described in heading 62.02,made up of fabrics of heading 59.03, 59.06 or 59.07",11317994.0
202607,621040,"Other men's or boys' garments,made up of fabrics of heading 59.03, 59.06 or 59.07",5636559.0
202607,621050,"Other women's or girls' garment,made up of fabrics of heading 59.03, 59.06 or 59.07",4375699.0
202607,621111,Men's or boys' swimwear,282918.0
202607,621112,Women's or girls' swimwear,79658.0
202607,621120,Ski suits,21384.0
202607,621132,"Men's or boys' tracksuits and other garments, n.e.s. of cotton",4480849.0
202607,621133,"Men's or boys' tracksuits and other garments, n.e.s. of man-made fibres",8174994.0
202607,621139,"Men's or boys' tracksuits and other garments, n.e.s. of textile materials (excluding of cotton or man-made fibres, knitted or crocheted)",1428227.0
202607,621142,"Women's or girls' tracksuits and other garments, n.e.s. of cotton",4964974.0
202607,621143,"Women's or girls' tracksuits and other garments, n.e.s. of man-made fibres",9595746.0
202607,621149,"Women's or girls' tracksuits and other garments, n.e.s. of textile materials (excluding of cotton or man-made fibres, knitted or crocheted and goods of 9619)",2747421.0
202607,621210,"Brassieres of all types of textile materials, whether or not elasticated, incl. knitted or crocheted",11309000.0
202607,621220,"Girdles and panty girdles of all types of textile materials, whether or not elasticated, incl. knitted or crocheted (excluding belts and corselets made entirely of rubber)",118969.0
202607,621230,"Corselettes of all types of textile materials, whether or not elasticated, incl. knitted or crocheted",49457.0
202607,621290,"Corsets, braces, garters, suspenders and similar articles and parts thereof, incl. parts of brassieres, girdles, panty girdles and corselettes, of all types of textile materials, whether or not elasticated, incl. knitted or crocheted (excluding complete brassieres, girdles, panty girdles and corselettes)",80254.0
202607,621320,"Handkerchiefs of cotton, of which no side exceeds 60 cm",43695.0
202607,621390,"Handkerchiefs of textile materials, of which no side exceeds 60 cm (excluding of cotton, and knitted or crocheted)",207886.0
202607,621410,"Shawls, scarves, mufflers, mantillas, veils and similar articles of silk or silk waste",5980930.0
202607,621420,"Shawls, scarves, mufflers, mantillas, veils and similar articles of wool or fine animal hair",20052458.0
202607,621430,"Shawls, scarves, mufflers, mantillas, veils and similar articles of synthetic fibres",383361.0
202607,621440,"Shawls, scarves, mufflers, mantillas, veils and similar articles of artificial fibres",90780.0
202607,621490,"Shawls, scarves, mufflers, mantillas, veils and similar articles of textile materials (excluding of silk, silk waste, wool, fine animal hair or man-made fibres, knitted or crocheted)",544303.0
202607,621510,"Ties, bow ties and cravats of silk or silk waste",873600.0
202607,621520,"Ties, bow ties and cravats of man-made fibres",37030.0
202607,621590,"Ties, bow ties and cravats of textile materials (excluding of silk, silk waste or man-made fibres, knitted or crocheted)",19903.0
202607,621600,"Gloves, mittens and mitts, of all types of textile materials (excluding knitted or crocheted and for babies)",1020438.0
202607,621710,"Made-up clothing accessories, of all types of textile materials, n.e.s.",2774313.0
202607,621790,"Parts of garments or clothing accessories, of all types of textile materials, n.e.s.",486602.0
202607,630110,Electric blankets of all types of textile materials,27425.0
202607,630120,Blankets and travelling rugs of wool or fine animal hair,895566.0
202607,630130,Blankets and travelling rugs of cotton,117888.0
202607,630140,Blankets and travelling rugs of synthetic fibres,418906.0
202607,630190,Blankets and travelling rugs of textile materials,29229.0
202607,630210,"Bedlinen, knitted or crocheted",483822.0
202607,630221,Printed bedlinen of cotton,350475.0
202607,630222,Printed bedlinen of man-made fibres,99152.0
202607,630229,"Printed bedlinen of textile materials (excluding cotton and man-made fibres, knitted or crocheted)",8298.0
202607,630231,"Bedlinen of cotton (excluding printed, knitted or crocheted)",1206828.0
202607,630232,"Bedlinen of man-made fibres (excluding printed, knitted or crocheted)",100835.0
202607,630239,"Bedlinen of textile materials (excluding of cotton and man-made fibres, printed, knitted or crocheted)",227020.0
202607,630240,"Table linen, knitted or crocheted",8743.0
202607,630251,Table linen of cotton,150697.0
202607,630253,Table linen of man-made fibres,105910.0
202607,630259,"Table linen of textile materials (excluding of cotton or man-made fibres, knitted or crocheted)",32987.0
202607,630260,"Toilet linen and kitchen linen, of terry towelling or similar terry fabrics of cotton (excluding floorcloths, polishing cloths, dishcloths and dusters)",931020.0
202607,630291,"Toilet linen and kitchen linen of cotton (excluding of terry fabrics, floorcloths, polishing cloths, dishcloths and dusters)",147223.0
202607,630293,"Toilet linen and kitchen linen of flax (excluding floor-cloths, polishing-cloths, dish-cloths and dusters)",303768.0
202607,630299,Toilet linen and kitchen linen of textile materials,35993.0
202607,630312,"Curtains, incl. drapes, and interior blinds, curtain or bed valances of synthetic fibres, knitted or crocheted (excluding awnings and sunblinds)",76370.0
202607,630319,"Curtains, incl. drapes, and interior blinds, curtain or bed valances, knitted or crocheted (excluding of synthetic fibres, awnings and sunblinds)",11656.0
202607,630391,"Curtains, incl. drapes, and interior blinds, curtain or bed valances of cotton (excluding knitted or crocheted, awnings and sunblinds)",54409.0
202607,630392,"Curtains, incl. drapes, and interior blinds, curtain or bed valances of synthetic fibres (excluding knitted or crocheted, awnings and sunblinds)",776361.0
202607,630399,"Curtains, incl. drapes, and interior blinds, curtain or bed valances of textile materials (excluding of cotton and synthetic fibres, knitted or crocheted, awnings and sunblinds)",17998.0
202607,630411,Knitted or crocheted bedspreads,55574.0
202607,630419,Bedspreads of all types of textile materials,173694.0
202607,630491,"Articles for interior furnishing, knitted or crocheted (excluding blankets and travelling rugs, bedlinen, table linen, toilet linen, kitchen linen, curtains, incl. drapes, interior blinds, curtain or bed valances, bedspreads, lampshades and articles of heading 9404)",989098.0
202607,630492,"Articles for interior furnishing, of cotton (excluding knitted or crocheted, blankets and travelling rugs, bedlinen, table linen, toilet linen, kitchen linen, curtains, incl. drapes, interior blinds, curtain or bed valances, bedspreads, lampshades and articles of heading 9404)",201840.0
202607,630493,"Articles for interior furnishing, of synthetic fibres (excluding knitted or crocheted, blankets and travelling rugs, bedlinen, table linen, toilet linen, kitchen linen, curtains, incl. drapes, interior blinds, curtain or bed valances, bedspreads, lampshades and articles of heading 9404)",1559546.0
202607,630499,"Articles for interior furnishing, of textile materials (excluding of cotton or synthetic fibres, knitted or crocheted, blankets and travelling rugs, bedlinen, table linen, toilet linen, kitchen linen, curtains, incl. drapes, interior blinds, curtain or bed valances, bedspreads, lampshades and articles of heading 9404)",239985.0
202607,630510,"Sacks and bags, for the packing of goods, of jute or other textile bast fibres of heading 5303",80755.0
202607,630520,"Sacks and bags, for the packing of goods, of cotton",568913.0
202607,630532,"Flexible intermediate bulk containers, for the packing of goods, of synthetic or man-made textile materials",288736.0
202607,630533,"Sacks and bags, for the packing of goods, of polyethylene or polypropylene strip or the like (excluding flexible intermediate bulk containers)",259155.0
202607,630539,"Sacks and bags, for the packing of goods, of man-made textile materials (excluding of polyethylene or polypropylene strip or the like, and flexible intermediate bulk containers)",267700.0
202607,630590,"Sacks and bags, for the packing of goods, of textile materials (excluding man-made, cotton, jute or other textile bast fibres of heading 5303)",103102.0
202607,630612,"Tarpaulins, awnings and sunblinds of synthetic fibres (excluding flat covers of light fabrics made up as tarpaulins)",443736.0
202607,630619,"Tarpaulins, awnings and sunblinds of textile materials (excluding of synthetic fibres and flat covers of light fabrics made up as tarpaulins)",151491.0
202607,630622,Tents of synthetic fibres (including temporary canopies and similar articles) :,557664.0
202607,630629,"Tents of textile materials (excluding of synthetic fibres, and umbrella and play tents)",6139.0
202607,630630,"Sails for boats, sailboards or landcraft, of textile materials",75987.0
202607,630640,Pneumatic mattresses of textile materials,25570.0
202607,630690,"Camping goods of textile materials (excluding tents, awnings and sunblinds, sails, pneumatic mattresses, rucksacks, knapsacks and similar receptacles, filled sleeping bags, mattresses and cushions)",99709.0
202607,630710,"Floorcloths, dishcloths, dusters and similar cleaning cloths",2297742.0
202607,630720,Lifejackets and lifebelts,1524634.0
202607,630790,"Made-up articles of textile materials, incl. dress patterns, n.e.s.",13128337.0
202607,630800,"Sets consisting of woven fabric and yarn, whether or not with accessories, for making up into rugs, tapestries, embroideredtable cloths or serviettes, or similar textile articles, put up in packings for retail sale.",79226.0
202607,640110,Footwear incorporating a protective metal toecap,21363.0
202607,640192,"Waterproof footwear with outer soles and uppers of rubber or of plastics,covering the ankle but not covering the knee",180177.0
202607,640199,"Waterproof footwear with outer soles and uppers of rubber or of plastics,nes",55768.0
202607,640212,"Skiboots, crosscountry ski footwear and snowboard boots",2974948.0
202607,640219,"Sports footwear with outer soles and uppers of rubber or plastics,other",5449839.0
202607,640220,"Footwear of rubber or plastics,with upper straps or thongs assembled to the sole by means of plugs",1149955.0
202607,640291,"Other footwear with outer soles and uppers of rubber or of plastics,covering the ankle",4245825.0
202607,640299,"Footwear with outer soles and uppers of rubber or plastics, nes",62120992.0
202607,640319,"Sports footwear, with outer soles of rubber, plastics, leather or composition leather and uppers of leather,other",1392609.0
202607,640320,"Footwear with outer soles of leather, and uppers which consist of leather straps across the instep and around the big toe",72623.0
202607,640340,"Other footwear, incorporating a protective metal toecap",94713.0
202607,640351,"Footwear with outer soles and uppers of leather, covering the ankle",4399754.0
202607,640359,Footwear with outer soles and uppers of leather,16044525.0
202607,640391,"Footwear with outer soles of rubber, plastics or composition leather, with uppers of leather, covering the ankle",34379696.0
202607,640399,"Other Footwear with outer soles of rubber, plastics or composition leather, with uppers of leather",163385111.0
202607,640411,"Sports footwear; tennis shoes, basketball shoes, gym shoes, training shoes and the like",10112582.0
202607,640419,"Footwear with outer soles of rubber or plastics and uppers of textile materials, Other",118462666.0
202607,640420,Footwear with outer soles of leather or composition leather,4414928.0
202607,640510,Footwear with uppers of leather or composition leather,963211.0
202607,640520,Footwear with uppers of textile materials,1500632.0
202607,640590,"Footwear with outer soles of rubber or plastics, with uppers other than rubber, plastics, leather or textile materials; footwear with outer soles of leather or composition leather, with uppers other than leather or textile materials; footwear with outer soles of wood, cork, paperboard, furskin, felt, straw, loofah, etc., with uppers other than leather, composition leather or textile materials, n.e.s.",6307782.0
202607,640610,"Uppers and parts thereof, other than stiffeners",4444156.0
202607,640620,"Outer soles and heels, of rubber or plastics",2962078.0
202607,640690,"Parts of footwear; removable in-soles, heel cushions and similar articles; gaiters, leggings and similar articles, and parts thereof (excluding outer soles and heels of rubber or plastics, uppers and parts thereof other than stiffeners, and general parts made of asbestos)",13352677.0
202607,650200,"Hatshapes, plaited or made by assembling strips of any material, neither blocked to shape, nor with made brims, nor lined, nor trimmed",13071.0
202607,650400,"Hats and other headgear, plaited or made by assembling strips of any material, whether or not lined or trimmed",426618.0
202607,650500,"Hats and other headgear, knitted or crocheted, or made up from lace, felt or other textile fabric, in the piece (but not in strips), whether or not lined or trimmed; hairnets of any material, whether or not lined or trimmed",18701775.0
202607,650610,Safety headgear,4900601.0
202607,650691,Headgear of rubber or of plastics,107912.0
202607,650699,Headgear of other materials,845994.0
202607,650700,"Headbands, linings, covers, hat foundations, hat frames, peaks and chinstraps, for headgear",233569.0
202607,660110,Garden or similar umbrellas,87659.0
202607,660191,Umbrellas with a telescopic shaft,191774.0
202607,660199,"Umbrellas and sun umbrellas, incl. walking-stick umbrellas (excluding umbrellas having a telescopic shaft, garden umbrellas and the like, and toy umbrellas)",207501.0
202607,660200,"Walkingsticks, seatsticks, whips, ridingcrops and the like",711901.0
202607,660320,"Umbrella frames, including frames mounted on shafts (sticks)",57307.0
202607,660390,"Parts, trimmings and accessories for umbrellas and sun umbrellas of heading 6601 or for walking sticks, seat-sticks, whips, riding-crops and the like of heading 6602 (excluding umbrella frames, incl. frames mounted on shafts sticks"")""",88758.0
202607,670100,"Skins and other parts of birds with their feathers or down, feathers, parts of feathers, down and articles thereof (other than goods of heading 05.05 and worked quills and scapes).",147402.0
202607,670210,"Artificial flowers, foliage and fruit and parts thereof, and articles made of artificial flowers, foliage or fruit, by binding, glueing, fitting into one another or similar methods, of plastics",262500.0
202607,670290,"Artificial flowers, foliage and fruit and parts thereof, and articles made of artificial flowers, foliage or fruit, by binding, glueing, fitting into one another or similar methods (excluding of plastics)",306551.0
202607,670300,"Human hair, dressed, thinned, bleached or otherwise worked; wool or other animal hair or other textile materials, prepared for use in making wigs or the like.",115882117.0
202607,670411,Complete wigs of synthetic textile materials,665381.0
202607,670419,"False beards, eyebrows and eyelashes, switches and the like, of synthetic textile materials (excluding complete wigs)",2262441.0
202607,670420,"Wigs, false beards, eyebrows and eyelashes, switches and the like, of human hair, and articles of human hair, n.e.s.",13515384.0
202607,670490,"Wigs, false beards, eyebrows and eyelashes, switches and the like, of animal hair or textile materials (excluding synthetic textile materials)",2050.0
202607,680100,"Setts, curbstones and flagstones, of natural stone (except slate).",636.0
202607,680210,"Tiles, cubes and similar articles, whether or not rectangular (including square), the largest face of which is capable of being enclosed in a square the side of which is less than 7cm; artificially coloured granules, chippings and powder",4086.0
202607,680221,"Marble, travertine and alabaster articles thereof, simply cut or sawn, with a flat or even surface",533137.0
202607,680223,"Granite and articles thereof, simply cut or sawn, with a flat or even surface",124638.0
202607,680229,"Monumental or building stone and articles thereof, simply cut or sawn, with a flat or even surface",35671.0
202607,680291,"Marble, travertine and alabaster, in any form",617683.0
202607,680292,"Calcareous stone, in any form",200280.0
202607,680293,"Granite, in any form, polished, decorated or otherwise worked",1608394.0
202607,680299,"Monumental or building stone, in any form, polished, decorated or otherwise worked",100094.0
202607,680300,Worked slate and articles of slate or of agglomerated slate.,47990.0
202607,680410,"Millstones and grindstones for milling, grinding or pulping",47804.0
202607,680421,"Millstones, grindstones, grinding wheels and the like, without frameworks, for sharpening, polishing, trueing or cutting, of agglomerated synthetic or natural diamond",35328558.0
202607,680422,"Millstones, grindstones, grinding wheels and the like, without frameworks, for sharpening, polishing, trueing or cutting, of agglomerated abrasives or ceramics",14413256.0
202607,680423,"Millstones, grindstones, grinding wheels and the like, without frameworks, for sharpening, polishing, trueing or cutting, of natural stone",300537.0
202607,680430,Hand sharpening or polishing stones,613721.0
202607,680510,"Natural or artificial abrasive powder or grain, on a base of woven textile fabric only",4840166.0
202607,680520,"Natural or artificial abrasive powder or grain, on a base of paper or paperboard only",2571122.0
202607,680530,"Natural or artificial abrasive powder or grain, on a base of other materials",7353371.0
202607,680610,"Slag wool, rock wool and similar mineral wools (including intermixtures thereof), in bulk, sheets or rolls",5826098.0
202607,680620,"Exfoliated vermiculite, expanded clays, foamed slag and similar expanded mineral materials (including intermixtures thereof)",402236.0
202607,680690,"Mixtures and articles of heat-insulating, sound-insulating or sound absorbing mineral materials",2263069.0
202607,680710,"Articles of asphalt or of similar materials, e.g. petroleum bitumen or coal tar pitch, in rolls",151719.0
202607,680790,"Articles of asphalt or of similar materials, e.g. petroleum bitumen or coal tar pitch (excluding in rolls)",361636.0
202607,680800,"Panels, boards, tiles, blocks and similar articles of vegetable fibre, of straw or of shavings, chips, particles, sawdust or other waste, of wood, agglomerated with cement, plaster or other mineral binders",482123.0
202607,680911,"Boards, sheets, panels, tiles and similar articles, of plaster or compositions based on plaster, faced or reinforced with paper or paperboard only",1116681.0
202607,680919,"Boards, sheets, panels, tiles and similar articles, of plaster or compositions based on plaster",132914.0
202607,680990,Articles of plaster or of compositions based on plaster,76176.0
202607,681011,"Building blocks and bricks of cement, concrete or artificial stone, whether or not reinforced",11282.0
202607,681019,"Tiles, flagstones, bricks and similar articles, of cement, concrete or artificial stone (excluding building blocks and bricks)",869820.0
202607,681091,"Prefabricated structural components for building or civil engineering of cement, concrete or artificial stone, whether or not reinforced",24509.0
202607,681099,"Articles of cement, concrete or artificial stone, whether or not reinforced (excluding prefabricated structural components for building or civil engineering, tiles, paving, bricks and the like)",1134032.0
202607,681140,"Articles of asbestos-cement, cellulose fibre-cement or the like, containing asbestos",5213.0
202607,681182,"Sheets, panels, paving, tiles and similar articles, of cellulose fibre-cement or the like, not containing asbestos (excluding corrugated sheets)",467206.0
202607,681189,"Articles of cellulose fibre-cement or the like, not containing asbestos (excluding corrugated and other sheets, panels, tiles and similar articles)",35046.0
202607,681280,"Fabricated crocidolite asbestos fibres; mixtures with a basis of crocidolite asbestos or with a basis of crocidolite asbestos and magnesium carbonate; articles of such mixtures or of crocidolite asbestos, e.g., thread, woven fabric, clothing, headgear, footwear, gaskets, whether or not reinforced",829.0
202607,681291,"Clothing, clothing accessories, footwear and headgear of asbestos or of mixtures with a basis of asbestos or a basis of asbestos and magnesium carbonate",3366.0
202607,681299,"other asbestos fibres,mixtures and other articles of asbestos",371586.0
202607,681320,"Friction material and articles thereof, e.g. sheets, rolls, strips, segments, discs, washers and pads, for clutches and the like, not mounted, containing asbestos, whether or not combined with textile or other materials",80898.0
202607,681381,"Brake linings and pads, with a basis of mineral substances or cellulose, whether or not combined with textile or other materials (excluding containing asbestos)",493331.0
202607,681389,"Friction material and articles thereof, e.g. sheets, rolls, strips, segments, discs, washers and pads, for clutches and the like, with a basis of mineral substances or cellulose, whether or not combined with textile or other materials (excluding containing asbestos, and brake linings and pads)",5357567.0
202607,681410,"Plates, sheets and strips of agglomerated or reconstituted mica,whether or not on a support",1129349.0
202607,681490,"Worked mica and articles of mica (excluding electrical insulators, insulating fittings, resistors and capacitors, protective goggles of mica and their glasses, mica in the form of Christmas tree decorations, and plates, sheets and strips of agglomerated or reconstituted mica, whether or not on supports)",564185.0
202607,681511,Carbon fibres,7417868.0
202607,681512,Carbon cloth、Other articles of carbon fibres,4922520.0
202607,681513,Pre-preg material of carbon fibres、Other Non-electrical articles of carbon fibres,26019423.0
202607,681519,Non-electrical articles of graphite or other carbon,20844025.0
202607,681591,"Articles of stone or other mineral substances, nes containing magnesite, dolomite or chromite",46242.0
202607,681599,"Articles of stone or other mineral substances, nes (excluding containing magnesite, dolomite or chromite and articles of graphite or other carbon)",6998774.0
202607,690100,"Bricks, blocks, tiles and other ceramic goods of siliceous fossil meals (for example, kieselguhr, tripolite or diatomite) or of similar siliceous earths",247508.0
202607,690210,"Refractory bricks, blocks, tiles and similar refractory ceramic constructional goods containing, by weight, singly or together, ＞ 50% of the elements Mg, Ca or Cr, expressed as MgO, CaO or Cr2O3",247370.0
202607,690220,"Refractory bricks, blocks, tiles and similar refractory ceramic constructional goods containing, by weight, ＞ 50% alumina, silica or a mixture or compound of these products (excluding those of siliceous fossil meals or similar siliceous earths)",2018478.0
202607,690290,"Refractory bricks, blocks, tiles and similar refractory ceramic constructional goods (excluding containing, by weight, singly or together, ＞ 50% of the elements Mg, Ca or Cr, expressed as MgO, CaO or Cr2O3, containing, by weight, ＞ 50% alumina, silica or a mixture or compound of these products and those of siliceous fossil meals or similar siliceous earths)",5511101.0
202607,690310,"Containing, by weight, more than 50 % of free carbon",7445.0
202607,690320,"Retorts, crucibles, mufflers, nozzles, plugs, supports, cupels, tubes, pipes, sheaths, rods and other refractory ceramic goods, containing ＞ 50% alumina, or a compound of alumina and silica (excluding refractory bricks, blocks, tiles and similar refractory ceramic constructional goods)",6679434.0
202607,690390,"Retorts, crucibles, mufflers, nozzles, plugs, supports, cupels, tubes, pipes, sheaths, rods and other refractory ceramic goods (excluding those of siliceous fossil meals or similar siliceous earths, those of heading 6902, containing ＞ 50% carbon or containing ＞ 50% by weight of alumina [Al203] or a mixture or compound of alumina and silica [SiO2])",12837325.0
202607,690410,"Building bricks (excluding those of siliceous fossil meals or similar siliceous earths, and refractory bricks of heading 6902)",647561.0
202607,690490,"Ceramic flooring blocks, support or filler tiles and the like (excluding those of siliceous fossil meals or similar siliceous earths, refractory bricks of heading 6902, and flags and pavings, hearth and wall tiles of heading 6907 and 6908, and building bricks)",26484.0
202607,690510,Roofing tiles of porcelain,335227.0
202607,690600,"Ceramic pipes, conduits, guttering and pipe fittings",531339.0
202607,690721,"Ceramic flags and paving, hearth or wall tiles, of a water absorption coefficient by weight ≤ 0,5 % (excl. refractory, mosaic cubes and finishing ceramics)",3085729.0
202607,690722,"Ceramic flags and paving, hearth or wall tiles, of a water absorption coefficient by weight ＞ 0,5 % but ≤ 10 % (excl. refractory, mosaic cubes and finishing ceramics)",167184.0
202607,690723,"Ceramic flags and paving, hearth or wall tiles, of a water absorption coefficient by weight ＞ 10 % (excl. refractory, mosaic cubes and finishing ceramics)",254221.0
202607,690730,"Ceramic mosaic cubes and the like, whether or not on a backing (excl. refractory and finishing ceramics)",104.0
202607,690740,Finishing ceramics (excl. refractory),8780.0
202607,690911,"Ceramic wares for laboratory, chemical or other technical uses, of porcelain or china (excluding refractory ceramic goods, electrical devices, insulators and other electrical insulating fittings)",9327248.0
202607,690912,"Ceramic articles having a hardness equivalent to ≥ 9 on the Mohs scale, for chemical or other technical uses (excluding of porcelain or china, refractory ceramic goods, electrical devices, insulators and other electrical insulating fittings)",25866304.0
202607,690919,"Ceramic wares for chemical or other technical uses (excluding of porcelain or china, articles having a hardness equivalent to ≥ 9 on the Mohs scale, millstones, polishing stones, grindstones and the like of heading 6804, refractory ceramic goods, electrical devices, insulators and other electrical insulating fittings)",16559432.0
202607,690990,"Ceramic troughs, tubs and similar receptacles of a kind used in agriculture; ceramic pots, jars and similar articles of a kind used for the conveyance or packing of goods (excluding general-purpose storage vessels for laboratories, containers for shops and household articles)",4757.0
202607,691010,"Ceramic sinks, washbasins, washbasin pedestals, baths, bidets, water closet pans, flushing cisterns, urinals and similar sanitary fixtures of porcelain or china (excluding soap dishes, sponge holders, tooth-brush holders, towel hooks and toilet paper holders)",3506539.0
202607,691090,"Ceramic sinks, washbasins, washbasin pedestals, baths, bidets, water closet pans, flushing cisterns, urinals and similar sanitary fixtures (excluding of porcelain or china, soap dishes, sponge holders, tooth-brush holders, towel hooks and toilet paper holders)",593342.0
202607,691110,Tableware and kitchenware of porcelain or china,6688546.0
202607,691190,"Household and toilet articles, of porcelain or china (excluding tableware and kitchenware, baths, bidets, sinks and similar sanitary fixtures, statuettes and other ornamental articles, pots, jars, carboys and similar receptacles for the conveyance or packing of goods, and coffee grinders and spice mills with receptacles made of ceramics and working parts of metal)",160363.0
202607,691200,"Geramic tableware, kitchenware, other household articles and toilet articles, other than of porcelain or china.",2194874.0
202607,691310,"Statuettes and other ornamental articles of porcelain or china, n.e.s.",976752.0
202607,691390,"Statuettes and other ornamental ceramic articles, n.e.s. (excluding of porcelain or china)",368862.0
202607,691410,"Ceramic articles of porcelain or china, n.e.s.",11642268.0
202607,691490,"Ceramic articles, n.e.s. (excluding of porcelain or china)",7772028.0
202607,700100,"Cullet and other waste and scrap of glass, excluding glass from cathode ray tubes or other activated glass of heading 85.49; glass in the mass.",11046322.0
202607,700210,"Glass in balls, unworked (excluding glass microspheres ≤ 1 mm in diameter, glass balls of the nature of a toy)",29280.0
202607,700220,"Rods of glass, unworked",9211633.0
202607,700231,"Tubes of fused quartz or other fused silica, unworked",7977390.0
202607,700232,"Tubes of glass having a linear coefficient of expansion ≤ 5 x 10-6 per kelvin within a temperature range of 0°C to 300°C, unworked (excluding tubes of glass having a linear coefficient of expansion ≤ 5 x 10-6 per kelvin within a temperature range of 0°C to 300°C)",3948429.0
202607,700239,"Tubes of glass, unworked (excluding tubes of glass having a linear coefficient of expansion ≤ 5 x 10-6 per kelvin within a temperature range of 0°C to 300°C or of fused quartz or other fused silica)",2572250.0
202607,700312,"Coloured throughout the mass (body tinted), opacified, flashed or having an absorbent, reflecting or nonreflecting layer",5851274.0
202607,700319,"Cast glass and rolled glass, in non-wired sheets, not otherwise worked (excluding glass coloured throughout the mass body tinted"", opacified, flashed or having an absorbent, reflecting or non-reflecting layer)""",25391214.0
202607,700330,"Profiles of glass, whether or not having an absorbent, reflecting or non-reflecting layer, but not otherwise worked",216109.0
202607,700420,"Glass, coloured throughout the mass (body tinted), opacified, flashed or having an absorbent, reflecting or nonreflecting layer",344445.0
202607,700490,"Sheets of glass, drawn or blown, but not otherwise worked",77250444.0
202607,700510,"Nonwired glass, having an absorbent, reflecting or nonreflecting layer",624449.0
202607,700521,"Coloured throughout the mass (body tinted), opacified, flashed or merely surface ground",2149338.0
202607,700529,"Float glass and surface ground and polished glass, in sheets, but not otherwise worked, other",35381376.0
202607,700530,"Float glass and surface ground and polished glass, in sheets, whether or not having an absorbent, reflecting or non-reflecting layer, wired, but not otherwise worked",46334.0
202607,700600,"Glass of heading 70.03, 70.04 or 70.05, bent, edgeworked, engraved, drilled, enamelled or otherwise worked, but not framed or fitted with other materials.",91337171.0
202607,700711,"Toughened tempered"" safety glass, of size and shape suitable for incorporation in motor vehicles, aircraft, spacecraft, vessels and other vehicles""",1112990.0
202607,700719,"Toughened tempered"" safety glass (excluding glass of size and shape suitable for incorporation in motor vehicles, aircraft, spacecraft, vessels and other vehicles, and lenses for spectacles and goggles, etc., and for clocks and watches)""",5723153.0
202607,700721,"Laminated safety glass, of size and shape suitable for incorporation in motor vehicles, aircraft, spacecraft, vessels and other vehicles (excluding multiple-walled insulating units of glass)",1536710.0
202607,700729,"Laminated safety glass (excluding glass of size and shape suitable for incorporation in motor vehicles, aircraft, spacecraft, vessels or other vehicles, multiple-walled insulating units)",118964.0
202607,700800,Multiplewalled insulating units of glass.,161240.0
202607,700910,"Rear-view mirrors, whether or not framed, for vehicles",23252861.0
202607,700991,"Glass mirrors, unframed",610764.0
202607,700992,"Glass mirrors, framed",1478053.0
202607,701010,Ampoules,174114.0
202607,701020,"Stoppers, lids and other closures, of glass",28426.0
202607,701090,"Carboys, bottles, flasks, jars, pots, phials and other containers, of glass, of a kind used for the commercial conveyance or packing of goods, and preserving jars, of glass (excluding ampoules, glass inners for containers, with vacuum insulation, perfume atomizers, flasks, bottles etc. for atomizers)",4130390.0
202607,701110,"Glass envelopes, incl. bulbs and tubes, open, and glass parts thereof, without fittings, for electric lamps and light sources",389381.0
202607,701190,"Glass envelopes, incl. bulbs and tubes, open, and glass parts thereof, without fittings, for electric lamps and the like (excluding cathode ray tubes and for electric lighting)",135689.0
202607,701310,"Glassware of glass ceramics, of a kind used for table, kitchen, toilet, office, indoor decoration or similar purposes (excluding goods of heading 7018, cooking hobs, leaded lights and the like, lighting fittings and parts thereof, atomizers for perfume and the like)",78756.0
202607,701322,"Drinking glasses, stemware, of lead crystal",272665.0
202607,701328,"Drinking glasses, stemware (excluding of glass ceramics or of lead crystal)",654551.0
202607,701333,Drinking glasses of lead crystal (excluding stemware),661308.0
202607,701337,Drinking glasses (excluding glasses of glass ceramics or of lead crystal and stemware),1025129.0
202607,701341,"Glassware of lead crystal, of a kind used for table or kitchen purposes (excluding articles of heading 7018, drinking glasses, glass preserving jars sterilising jars"", vacuum flasks and other vacuum vessels)""",71159.0
202607,701342,"Glassware for table or kitchen purposes of glass having a linear coefficient of expansion ≤ 5 x 10 -6 per kelvin within a temperature range of 0°C to 300°C (excluding glassware of glass ceramics or lead crystal, articles of heading 7018, drinking glasses, glass preserving jars sterilising jars"", vacuum flasks and other vacuum vessels)""",843633.0
202607,701349,"Glassware for table or kitchen purposes (excluding glass having a linear coefficient of expansion ≤ 5 x 10 -6 per kelvin within a temperature range of 0°C to 300°C, glassware of glass ceramics or lead crystal, articles of heading 7018, drinking glasses, glass preserving jars sterilising jars"", vacuum flasks and other vacuum vessels)""",652517.0
202607,701391,"Glassware, of lead crystal, of a kind used for toilet, office, indoor decoration or similar purposes (excluding glassware of a kind used for table or kitchen purposes, glassware of glass ceramics or lead crystal, articles of heading 7018, mirrors, leaded lights and the like, lighting fittings and parts thereof, atomizers for perfume and the like)",911640.0
202607,701399,"Glassware of a kind used for toilet, office, indoor decoration or similar purposes (excluding glassware of lead crystal or of a kind used for table or kitchen purposes, articles of heading 7018, mirrors, leaded lights and the like, lighting fittings and parts thereof, atomizers for perfume and the like)",1129265.0
202607,701400,"Signalling glassware and optical elements of glass (other than those of heading 70.15), not optically worked.",9310126.0
202607,701510,Glasses for corrective spectacles,2806.0
202607,701590,"Clock or watch glasses and similar glasses, glasses for non-corrective spectacles, curved, bent, hollowed or the like, but not optically worked, hollow glass spheres and their segments, for the manufacture of such glasses incl. glasses for corrective spectacles (excluding flat glass for such purposes and glasses for corrective spectacles)",2148801.0
202607,701610,"Glass cubes and other glass smallwares, whether or not on a backing, for mosaics or similar decorative purposes",73290.0
202607,701690,"Paving blocks, slabs, bricks, squares, tiles and other articles of pressed or moulded glass, whether or not wired, for building or construction purposes (excluding laminated safety glass and multiple-walled insulating units of glass); leaded lights and the like, multicellular or foam glass in blocks, panels, plates, shells or similar forms (excluding glass cubes and other glass smallwares for mosaics or similar decorative purposes)",167168.0
202607,701710,"Laboratory, hygienic or pharmaceutical glassware, whether or not graduated or calibrated, of fused quartz or other fused silica (excluding containers for the conveyance or packing of goods, measuring, checking or medical instruments and apparatus of chapter 90)",1441136.0
202607,701720,"Laboratory, hygienic or pharmaceutical glassware, whether or not graduated or calibrated, having a linear coefficient of expansion ≤ 5 x 10 -6 per kelvin within a temperature range of 0°C to 300°C (excluding glass of fused quartz or other fused silica, containers for the conveyance or packing of goods, measuring, checking or medical instruments and apparatus of chapter 90)",3175126.0
202607,701790,"Laboratory, hygienic or pharmaceutical glassware, whether or not graduated or calibrated (excluding glass having a linear coefficient of expansion ≤ 5 x 10 -6 per kelvin within a temperature range of 0°C to 300°C or of fused quartz or other fused silica, containers for the conveyance or packing of goods, measuring, checking or medical instruments and apparatus of chapter 90)",2570490.0
202607,701810,"Glass beads, imitation pearls, imitation precious or semiprecious stones and similar glass smallwares",2766390.0
202607,701820,Glass microspheres not exceeding 1 mm in diameter,5545118.0
202607,701890,"Glass eyes (excluding prosthetic articles); articles of glass beads, or of imitation pearls, imitation precious or semi-precious stones, statuettes and other ornaments of lamp-worked glass (excluding imitation jewellery)",112265.0
202607,701911,"Chopped strands, of a length of not more than 50 mm",5721908.0
202607,701912,Rovings,942756.0
202607,701913,"Other yarn, slivers",2212620.0
202607,701914,Mechanically bonded mats,19697.0
202607,701915,Chemically bonded mats,142832.0
202607,701919,"Chopped strands, of a length more than 50 mm",1506451.0
202607,701961,Woven fabrics of glass fibres made from rovings,331651.0
202607,701962,"Webs, mattresses, boards and similar nonwoven products, of glass fibres (excluding mats and thin sheets voiles"")""",119120.0
202607,701963,"Woven fabrics, incl. narrow fabrics, of glass, Uncoated or laminated",34732280.0
202607,701964,"Woven fabrics, incl. narrow fabrics, of glass, Coated or laminated",1342098.0
202607,701965,"Woven fabrics, incl. narrow fabrics, of glass, of a width of ≤ 30 cm (excluding rovings)",53719.0
202607,701966,"Woven fabrics, incl. narrow fabrics, of glass, of a width of >30 cm (excluding rovings)",122047.0
202607,701969,"Woven fabrics of glass fibres, nes",3377545.0
202607,701971,"Thin sheets voiles"" of irregularly laminated glass fibres""",1211897.0
202607,701972,Other compact fabrics,836358.0
202607,701973,Other mesh fabrics,186.0
202607,701980,Glass wool and articles,1025076.0
202607,701990,"Glass fibres, incl. glass wool, and articles thereof (excluding staple fibres, rovings, yarn, chopped strands, woven fabrics, incl. narrow fabrics, thin sheets voiles"", webs, mats, mattresses and boards and similar nonwoven products, mineral wool and articles thereof, electrical insulators or parts thereof, optical fibres, fibre bundles or cable, brushes of glass fibres, and dolls' wigs)""",88487501.0
202607,702000,Other articles of glass,53517463.0
202607,710121,"Cultured pearls, unworked, whether or not graded",231415.0
202607,710122,"Cultured pearls, worked, whether or not graded, but not strung, mounted or set, worked cultured pearls, temporarily strung for convenience of transport",3378079.0
202607,710221,"Industrial diamonds unworked or simply sawn, cleaved or bruted",1681287.0
202607,710229,"Industrial diamonds, worked, but not mounted or set (excluding unmounted stones for pick-up styluses, stones suitable for use as parts of meters, measuring instruments or other articles of chapter 90)",38547.0
202607,710231,"Non-industrial diamonds unworked or simply sawn, cleaved or bruted (excluding industrial diamonds)",3173459.0
202607,710239,"Diamonds, worked, but not mounted or set (excluding industrial diamonds)",213934083.0
202607,710310,"Precious stones and semi-precious stones, unworked or simply sawn or roughly shaped, whether or not graded (excluding diamonds and imitation precious stones and semi-precious stones)",9803504.0
202607,710391,"Rubies, sapphires and emeralds, worked, whether or not graded, but not strung, mounted or set, rubies, sapphires and emeralds, worked, ungraded, temporarily strung for convenience of transport (excluding rubies, sapphires and emeralds, simply sawn or roughly shaped, imitation precious stones and semi-precious stones)",8631782.0
202607,710399,"Precious and semi-precious stones, worked, whether or not graded, but not strung, mounted or set, precious and semi-precious stones, worked, ungraded, temporarily strung for convenience of transport (excluding precious and semi-precious stones, simply sawn or roughly shaped, diamonds, rubies, sapphires and emeralds, imitation precious stones and semi-precious stones)",5052158.0
202607,710410,Piezoelectric quartz,1591146.0
202607,710421,"Synthetic or reconstructed diamond, unworked or simply sawn or roughly shaped",181818.0
202607,710429,Syn or reconstr prec/semi-prec stones unwkd or simpl sawn/shaped,290389.0
202607,710491,"Diamonds, further worked",29135413.0
202607,710499,"Syn/reconstr prec/semi-prec stones, furthr workd, for technical use",1722126.0
202607,710510,"Dust and powder of diamonds, incl. synthetic diamonds",1115146.0
202607,710590,Dust and powder of natural or synthetic precious or semi-precious stones (excluding dust and powder of diamonds),144097.0
202607,710610,"Powder of silver, incl. silver plated with gold or platinum",84016944.0
202607,710691,"Silver, incl. silver plated with gold or platinum, unwrought (excluding silver in powder form)",106611699.0
202607,710692,"Silver, incl. silver plated with gold or platinum, semi-manufactured",12046964.0
202607,710700,"Base metals clad with silver, not further worked than semimanufactured.",4340377.0
202607,710811,"Gold, incl. gold plated with platinum, for non-monetary purposes",233577.0
202607,710812,"Gold, incl. gold plated with platinum, unwrought, for non-monetary purposes (excluding gold in powder form)",16632112699.0
202607,710813,"Gold, incl. gold plated with platinum, in semi-manufactured forms, for non-monetary purposes",843022251.0
202607,710900,"Base metals or silver, clad with gold, not further worked than semimanufactured.",146070.0
202607,711011,"Platinum, unwrought or in powder form",458555123.0
202607,711019,"Platinum, in semi-manufactured forms",32131016.0
202607,711021,"Palladium, unwrought or in powder form",138952262.0
202607,711029,Palladium in semi-manufactured forms,22974965.0
202607,711031,"Rhodium, unwrought or in powder form",123918117.0
202607,711039,Rhodium in semi-manufactured forms,360799.0
202607,711041,"Iridium, osmium and ruthenium, unwrought or in powder form",271287690.0
202607,711049,"Iridium, osmium and ruthenium, in semi-manufactured forms",59469.0
202607,711100,"Base metals, silver or gold, clad with platinum, not further worked than semimanufactured.",1207442.0
202607,711292,"Waste and scrap of platinum, incl. metal clad with platinum, and other waste and scrap containing platinum or platinum compounds, of a kind used principally for the recovery of precious metal (excluding ash containing platinum or platinum compounds, waste and scrap of platinum melted down into unworked blocks, ingots, or similar forms,  expeting  sweepings and ash containing precious metals)",6374441.0
202607,711311,"Articles of jewellery and parts thereof, of silver, whether or not plated or clad with other precious metal (excluding articles ＞ 100 years old)",8000887.0
202607,711319,"Articles of jewellery and parts thereof, of precious metal other than silver, whether or not plated or clad with precious metal (excluding articles ＞ 100 years old)",305063431.0
202607,711320,"Articles of jewellery and parts thereof, of base metal clad with precious metal (excluding articles ＞ 100 years old)",245168.0
202607,711411,"Articles of goldsmiths' or silversmiths' wares or parts thereof, of silver, whether or not plated or clad with other precious metal (excluding jewellery, watch-and clockmakers' wares, musical instruments, weapons, perfume atomizers and heads for these, original sculptures or statuary, collectors' pieces and antiques)",82155.0
202607,711419,"Articles of goldsmiths' or silversmiths' wares or parts thereof, of precious metal other than silver, whether or not plated or clad with precious metal (excluding jewellery, watch- and clockmakers' wares, musical instruments, weapons, perfume atomizers and heads for these, original sculptures or statuary, collectors' pieces and antiques)",125399.0
202607,711590,"Articles of precious metal or of metal clad with precious metal, n.e.s.",70867611.0
202607,711610,"Articles of natural or cultured pearls, n.e.s.",527402.0
202607,711620,"Articles of precious or semi-precious stones natural, synthetic or reconstructed"", n.e.s.""",14886518.0
202607,711711,"Cuff links and studs, of base metal, whether or not clad with silver, gold or platinum",335825.0
202607,711719,"Imitation jewellery, of base metal, whether or not plated with precious metal (excluding cuff links and studs)",18806651.0
202607,711790,"Imitation jewellery (excluding jewellery, of base metal, whether or not clad with silver, gold or platinum)",4701443.0
202607,711810,"Coin (other than gold coin), not being legal tender",74540.0
202607,720150,Alloy pig iron; spiegeleisen,73680146.0
202607,720211,"Ferro-Mn, containing by weight ＞ 2% of carbon",33612.0
202607,720221,"Ferro-silicon, containing by weight ＞ 55% of silicon",4339359.0
202607,720229,"Ferro-silicon, containing by weight ≤ 55% silicon",53394.0
202607,720230,Ferro-silico-manganese,1020304.0
202607,720241,"Ferro-chromium, containing by weight ＞ 4% of carbon",178403398.0
202607,720249,"Ferro-chromium, containing by weight ≤ 4% of carbon",148915.0
202607,720250,Ferro-silico-chromium,1110.0
202607,720260,Ferro-nickel,1145697735.0
202607,720270,Ferro-molybdenum,17210621.0
202607,720280,Ferro-tungsten and ferro-silico-tungsten,645.0
202607,720291,Ferro-titanium and ferro-silico-titanium,3512841.0
202607,720292,Ferro-vanadium,786115.0
202607,720293,Ferro-niobium,124055064.0
202607,720299,"Ferro-alloys (excluding ferro-manganese, ferro-silicon, ferro-silico-manganese, ferro-chromium, ferro-silico-chromium, ferro-nickel, ferro-molybdenum, ferro-tungsten, ferro-silico-tungsten, ferro-titanium, ferro-silico-titanium, ferro-vanadium and ferro-niobium)",19244359.0
202607,720310,Ferrous products obtained by direct reduction of iron ore,13184302.0
202607,720390,"Spongy ferrous products, obtained from molten pig iron by atomisation, iron of a purity of ≥ 99,94%, in lumps, pellets or similar forms",435262.0
202607,720410,Waste and scrap of cast iron,39300.0
202607,720421,"Waste and scrap of stainless steel (excluding radioactive, and waste and scrap of batteries and electric accumulators)",19997814.0
202607,720429,"Waste and scrap of alloy steel (excluding stainless steel, and waste and scrap, radioactive, or waste and scrap from batteries and electric accumulators)",8359972.0
202607,720441,"Turnings, shavings, chips, milling waste, sawdust, filings, trimmings and stampings of iron or steel, whether or not in bundles (excluding those of cast iron, alloy steel or tinned iron or steel)",22964.0
202607,720449,"Waste and scrap of iron or steel (excluding slag, scale and other waste of the production of iron and steel; radioactive waste and scrap; fragments of pigs, blocks or other primary forms of pig iron or spiegeleisen; waste and scrap of cast iron, alloy steel or tinned iron or steel; turnings, shavings, chips, milling waste, sawdust, filings, trimmings and stampings; waste and scrap of primary cells, primary batteries and electric accumulators)",156595.0
202607,720510,"Granules, of pig iron, spiegeleisen, iron or steel (excluding granules of ferro-alloys, turnings and filings of iron or steel, certain small calibre items, defective balls for ball-bearings)",3094099.0
202607,720521,"Powders, of alloy steel (excluding powders of ferro-alloys and radioactive iron powders isotopes"")""",14777468.0
202607,720529,"Powders, of pig iron, spiegeleisen, iron or non-alloy steel (excluding powders of ferro-alloys and radioactive iron powders isotopes"")""",5838093.0
202607,720610,"Ingots, of iron and non-alloy steel (excluding remelted scrap ingots, continuous cast products, iron of heading 7203)",300760.0
202607,720690,"Iron and non-alloy steel, in puddled bars or other primary forms (excluding ingots, remelted scrap ingots, continuous cast products, iron of heading 7203)",57.0
202607,720711,"Semi-finished products of iron or non-alloy steel containing, by weight less than 0.25 % of carbon, of square or rectangular cross-section, the width measuring ＜ twice the thickness",993813.0
202607,720712,"Semi-finished products of iron or non-alloy steel containing, by weight less than 0.25 % of carbon, of rectangular other than square"" cross-section, the width measuring ≥ twice the thickness""",4015882.0
202607,720719,"Semi-finished products of iron or non-alloy steel containing, by weight less than 0.25 % of carbon, of circular cross-section, or of a cross-section other than square or rectangular",25158.0
202607,720720,"Semi-finished products of iron or non-alloy steel containing, by weight, ≥ 0,25% of carbon",1079051.0
202607,720825,"Flat-rolled products of iron or non-alloy steel, of a width of ≥ 600 mm, in coils, simply hot-rolled, not clad, plated or coated, of a thickness of ≥ 4,75 mm, pickled, without patterns in relief",931784.0
202607,720826,"Flat-rolled products of iron or non-alloy steel, of a width of ≥ 600 mm, in coils, simply hot-rolled, not clad, plated or coated, of a thickness of ≥ 3 mm but ＜ 4,75 mm, pickled, without patterns in relief",2591974.0
202607,720827,"Flat-rolled products of iron or non-alloy steel, of a width of ≥ 600 mm, in coils, simply hot-rolled, not clad, plated or coated, of a thickness of ＜ 3 mm, pickled, without patterns in relief",5960664.0
202607,720838,"Flat-rolled products of iron or non-alloy steel, of a width of ≥ 600 mm, in coils, simply hot-rolled, not clad, plated or coated, of a thickness of ≥ 3 mm but ＜ 4,75 mm, not pickled, without patterns in relief",34700.0
202607,720839,"Flat-rolled products of iron or non-alloy steel, of a width of ≥ 600 mm, in coils, simply hot-rolled, not clad, plated or coated, of a thickness of ＜ 3 mm, not pickled, without patterns in relief",253471.0
202607,720840,"Flat-rolled products of iron or non-alloy steel, of a width of ≥ 600 mm, not in coils, simply hot-rolled, not clad, plated or coated, with patterns in relief directly due to the rolling process",25522.0
202607,720851,"Flat-rolled products of iron or non-alloy steel, of a width ≥ 600 mm, not in coils, simply hot-rolled, not clad, plated or coated, of a thickness of ＞ 10 mm, without patterns in relief",39570861.0
202607,720852,"Flat-rolled products of iron or non-alloy steel, of a width of ≥ 600 mm, not in coils, simply hot-rolled, not clad, plated or coated, of a thickness of ≥ 4,75 mm but ≤ 10 mm, without patterns in relief",4063138.0
202607,720853,"Flat-rolled products of iron or non-alloy steel, of a width of ≥ 600 mm, not in coils, simply hot-rolled, not clad, plated or coated, of a thickness of ≥ 3 mm but ＜ 4,75 mm, without patterns in relief",111258.0
202607,720854,"Flat-rolled products of iron or non-alloy steel, of a width of ≥ 600 mm, not in coils, simply hot-rolled, not clad, plated or coated, of a thickness of ＜ 3 mm, without patterns in relief",13149.0
202607,720890,"Flat-rolled products of iron or steel, of a width ≥ 600 mm, hot-rolled and further worked, but not clad, plated or coated",24617.0
202607,720915,"Flat-rolled products of iron or non-alloy steel, of a width of ≥ 600 mm, in coils, simply cold-rolled cold-reduced"", not clad, plated or coated, of a thickness of ≥ 3 mm""",21241.0
202607,720916,"Flat-rolled products of iron or non-alloy steel, of a width of ≥ 600 mm, in coils, simply cold-rolled cold-reduced"", not clad, plated or coated, of a thickness of ＞ 1 mm but ＜ 3 mm""",5201721.0
202607,720917,"Flat-rolled products of iron or non-alloy steel, of a width of ≥ 600 mm, in coils, simply cold-rolled cold-reduced"", not clad, plated or coated, 0.5mm≤thk＜15mm""",13325017.0
202607,720918,"Flat-rolled products of iron or non-alloy steel, of a width of ≥ 600 mm, in coils, simply cold-rolled cold-reduced"", not clad, plated or coated, of a thickness of ＜ 0.5 mm""",3213989.0
202607,720925,"Flat-rolled products of iron or non-alloy steel, of a width of ≥ 600 mm, not in coils, simply cold-rolled cold-reduced"", not clad, plated or coated, of a thickness of ≥ 3 mm""",2464.0
202607,720926,"Flat-rolled products of iron or non-alloy steel, of a width of ≥ 600 mm, not in coils, simply cold-rolled cold-reduced"", not clad, plated or coated, of a thickness of ＞ 1 mm but ＜ 3 mm""",26581.0
202607,720927,"Flat-rolled products of iron or non-alloy steel, of a width of ≥ 600 mm, not in coils, simply cold-rolled cold-reduced"", not clad, plated or coated, of a thickness of ≥ 0,5 mm but ≤ 1 mm""",44899.0
202607,720990,"Flat-rolled products of iron or steel, of a width of ≥ 600 mm, cold-rolled cold-reduced"", and further worked, but not clad, plated or coated""",496.0
202607,721011,"Flat-rolled products of iron or non-alloy steel, of a width of ≥ 600 mm, hot-rolled or cold-rolled cold-reduced"", tinned, of a thickness of ≥ 0,5 mm""",54824.0
202607,721012,"Flat-rolled products of iron or non-alloy steel, of a width of ≥ 600 mm, hot-rolled or cold-rolled cold-reduced"", tinned, of a thickness of ＜ 0,5 mm""",375175.0
202607,721020,"Flat-rolled products of iron or non-alloy steel, of a width of ≥ 600 mm, hot-rolled or cold-rolled cold-reduced"", plated or coated with lead, incl. terne-plate""",70707.0
202607,721030,"Flat-rolled products of iron or non-alloy steel, of a width of ≥ 600 mm, hot-rolled or cold-rolled cold-reduced"", electrolytically plated or coated with zinc""",17348177.0
202607,721041,"Flat-rolled products of iron or non-alloy steel, of a width of ≥ 600 mm, hot-rolled or cold-rolled cold-reduced"", corrugated, plated or coated with zinc (excluding electrolytically plated or coated with zinc)""",9717.0
202607,721049,"Flat-rolled products of iron or non-alloy steel, of a width of ≥ 600 mm, hot-rolled or cold-rolled cold-reduced"", not corrugated, plated or coated with zinc (excluding electrolytically plated or coated with zinc)""",20778515.0
202607,721050,"Flat-rolled products of iron or non-alloy steel, of a width of ≥ 600 mm, hot-rolled or cold-rolled cold-reduced"", plated or coated with chromium oxides or with chromium and chromium oxides""",890.0
202607,721061,"Flat-rolled products of iron or non-alloy steel, of a width of ≥ 600 mm, hot-rolled or cold-rolled cold-reduced"", plated or coated with aluminium-zinc alloys""",435147.0
202607,721069,"Flat-rolled products of iron or non-alloy steel, of a width of ≥ 600 mm, hot-rolled or cold-rolled cold-reduced"", plated or coated with aluminium (excluding products plated or coated with aluminium-zinc alloys)""",595577.0
202607,721070,"Flat products of iron or non-alloy steel, of a width of ≥ 600 mm, hot-rolled or cold-rolled cold-reduced"", painted, varnished or coated with plastics""",6153126.0
202607,721090,"Flat-rolled products of iron or non-alloy steel, of a width of ≥ 600 mm, hot-rolled or cold-rolled cold-reduced"", clad, plated or coated (excluding tinned, plated or coated with lead, zinc, chromium oxides, chromium and chromium oxides, or aluminium, painted, varnished or coated with plastics)""",17822270.0
202607,721114,"Flat-rolled products of iron or non-alloy steel, of a width ＜ 600 mm, not further worked than hot-rolled, not clad, plated or coated, of a thickness of ≥ 4,75 mm (excluding wide flats"")""",95189.0
202607,721119,"Flat-rolled products of iron or non-alloy steel, of a width ＜ 600 mm, simply hot-rolled, not clad, plated or coated, of a thickness ＜ 4,75 mm (excluding wide flats"")""",388514.0
202607,721123,"Flat-rolled products of iron or non-alloy steel, of a width of ＜ 600 mm, simply cold-rolled cold-reduced"", not clad, plated or coated, containing by weight ＜ 0,25% of carbon""",699768.0
202607,721129,"Flat-rolled products of iron or non-alloy steel, of a width of ＜ 600 mm, simply cold-rolled cold-reduced"", not clad, plated or coated, containing by weight ≥ 0,25% of carbon""",2938383.0
202607,721190,"Flat-rolled products of iron or non-alloy steel, of a width of ＜ 600 mm, hot-rolled or cold-rolled cold-reduced"" and further worked, but not clad, plated or coated""",101084.0
202607,721210,"Flat-rolled products of iron or non-alloy steel, of a width of ＜ 600 mm, hot-rolled or cold-rolled cold-reduced"", tinned""",92361.0
202607,721220,"Flat-rolled products of iron or non-alloy steel, of a width of ＜ 600 mm, hot-rolled or cold-rolled cold-reduced"", electrolytically plated or coated with zinc""",705549.0
202607,721230,"Flat-rolled products of iron or non-alloy steel, of a width of ＜ 600 mm, hot-rolled or cold-rolled cold-reduced"", tinned (excluding electrolytically plated or coated with zinc)""",596702.0
202607,721240,"Flat-rolled products of iron or non-alloy steel, of a width of ＜ 600 mm, hot-rolled or cold-rolled cold-reduced"", painted, varnished or coated with plastics""",1085952.0
202607,721250,"Flat-rolled products of iron or non-alloy steel, of a width of ＜ 600 mm, hot-rolled or cold-rolled cold-reduced"", plated or coated (excluding tinned, plated or coated with zinc, painted, varnished or coated with plastics)""",9526300.0
202607,721260,"Flat-rolled products of iron or non-alloy steel, of a width of ＜ 600 mm, hot-rolled or cold-rolled cold-reduced"", clad""",3068073.0
202607,721310,"Bars and rods, hot-rolled, in irregularly wound coils of iron or non-alloy steel, with indentations, ribs, grooves or other deformations produced during the rolling process",15330.0
202607,721320,"Bars and rods, hot-rolled, in irregularly wound coils, of non-alloy free-cutting steel (excluding bars and rods containing indentations, ribs, grooves or other deformations produced during the rolling process)",2120110.0
202607,721391,"Bars and rods, hot-rolled, in irregularly wound coils, of iron or non-alloy steel, of circular cross-section measuring ＜ 14mm in diameter (excluding bars and rods of free-cutting steel, and bars and rods with indentations, ribs, grooves or other deformations produced during the rolling process)",2438983.0
202607,721399,"Bars and rods, hot-rolled, in irregularly wound coils, of iron or non-alloy steel (excluding products of circular cross-section measuring ＜ 14 mm in diameter, bars and rods of free-cutting steel, and bars and rods with indentations, ribs, grooves or other deformations produced during the rolling process)",2162698.0
202607,721410,"Bars and rods, of iron or non-alloy steel, not further worked than forged (excluding in irregularly wound coils)",23235.0
202607,721420,"Bars and rods, of iron or non-alloy steel, with indentations, ribs, groves or other deformations produced during the rolling process",2168856.0
202607,721430,"Bars and rods, of non-alloy free-cutting steel, not further worked than hot-rolled, hot-drawn or hot-extruded (excluding containing indentations, ribs, grooves or other deformations produced during the rolling process or twisted after rolling)",8856.0
202607,721491,"Bars and rods, of iron or non-alloy steel, not further worked than hot-rolled, hot-drawn or hot-extruded, of rectangular other than square"" cross-section (excluding containing indentations, ribs, grooves or other deformations produced during the rolling process, bars and rods twisted after rolling and free-cutting steel)""",87828.0
202607,721499,"Bars and rods, of iron or non-alloy steel, only hot-rolled, only hot-drawn or only hot-extruded (excluding of rectangular [other than square] cross-section and those containing indentations, ribs, grooves or other deformations produced during the rolling process, and of non-alloy free-cutting steel)",1227694.0
202607,721510,"Bars and rods, of non-alloy free-cutting steel, not further worked than cold-formed or cold-finished",1338124.0
202607,721550,"Bars and rods, of iron or non-alloy steel, not further worked than cold-formed or cold-finished (excluding of free-cutting steel)",2388042.0
202607,721590,"Bars or rods, of iron or non-alloy steel, cold-formed or cold-finished and further worked or hot-formed and further worked, n.e.s.",613871.0
202607,721610,"U, I or H sections of iron or non-alloy steel, not further worked than hot-rolled, hot-drawn or extruded, of a height of ＜ 80 mm",382626.0
202607,721621,"L sections of iron or non-alloy steel, not further worked than hot-rolled, hot-drawn or extruded, of a height of ＜ 80 mm",71983.0
202607,721622,"T sections of iron or non-alloy steel, not further worked than hot-rolled, hot-drawn or extruded, of a height of ＜ 80 mm",987.0
202607,721631,"U sections of iron or non-alloy steel, not further worked than hot-rolled, hot-drawn or hot-extruded, of a height ≥ 80 mm",1051013.0
202607,721632,"I sections of iron or non-alloy steel, not further worked than hot-rolled, hot-drawn or hot-extruded, of a height ≥ 80 mm",201450.0
202607,721633,"H sections of iron or non-alloy steel, not further worked than hot-rolled, hot-drawn or hot-extruded, of a height ≥ 80 mm",841835.0
202607,721640,"L sections of iron or non-alloy steel, not further worked than hot-rolled, hot-drawn or hot-extruded, of a height ≥ 80 mm",3532759.0
202607,721650,"Sections of iron or non-alloy steel, not further worked than hot-rolled, hot-drawn or hot-extruded (excluding U, I, H, L or T sections)",806576.0
202607,721661,"Angles, shapes and sections, of iron or non-alloy steel, from flat-rolled products simply cold-formed or cold-finished (excluding profiled sheet)",2741.0
202607,721669,"Angles, shapes and sections, of iron or non-alloy steel, not further worked than cold-formed or cold-finished (excluding profiled sheet)",67119.0
202607,721691,"Angles, shapes and sections, of iron or non-alloy steel, cold-formed or cold-finished from flat-rolled products and further worked",19793.0
202607,721699,"Angles, shapes and sections, of iron or non-alloy steel, cold-formed or cold-finished and further worked, or hot-forged, or hot-formed by other means and further worked, n.e.s. (excluding from flat-rolled products)",614408.0
202607,721710,"Wire of iron or non-alloy steel, in coils, not plated or coated, whether or not polished (excluding bars and rods)",5119751.0
202607,721720,"Wire of iron or non-alloy steel, in coils, plated or coated with zinc (excluding bars and rods)",1284765.0
202607,721730,"Wire of iron or non-alloy steel, in coils, plated or coated with base metals (excluding plated or coated with zinc, and bars and rods)",1613296.0
202607,721790,"Wire of iron or non-alloy steel, in coils, plated or coated (excluding plated or coated with base metals, and bars and rods)",420861.0
202607,721810,"Steel, stainless, in ingots and other primary forms (excluding waste and scrap in ingot form, and products obtained by continuous casting)",930478.0
202607,721891,"Semi-finished products of stainless steel, of rectangular other than square"" cross-section""",4837281.0
202607,721899,Semi-finished products of stainless steel (excluding of rectangular [other than square] cross-section),1042775.0
202607,721911,"Flat-rolled products of stainless steel, of a width of ≥ 600 mm, not further worked than hot-rolled, in coils, of a thickness of ＞ 10 mm",1457054.0
202607,721912,"Flat-rolled products of stainless steel, of a width of≥ 600 mm, not further worked than hot-rolled, in coils, of a thickness of ≥ 4,7 mm and ≤ 10 mm",19511104.0
202607,721913,"Flat-rolled products of stainless steel, of a width of ≥ 600 mm, not further worked than hot-rolled, in coils, of a thickness of ≥ 3 mm and ＜ 4,75 mm",13445678.0
202607,721914,"Flat-rolled products of stainless steel, of a width of ≥ 600 mm, not further worked than hot-rolled, in coils, of a thickness of ＜ 3 mm",3669178.0
202607,721921,"Flat-rolled products of stainless steel, of a width of ≥ 600 mm, not further worked than hot-rolled, not in coils, of a thickness of ＞ 10 mm",690781.0
202607,721922,"Flat-rolled products of stainless steel, of a width of ≥ 600 mm, not further worked than hot-rolled, not in coils, of a thickness of ≥ 4,75 mm and ≤ 10 mm",491807.0
202607,721923,"Flat-rolled products of stainless steel, of a width of ≥ 600 mm, not further worked than hot-rolled, not in coils, of a thickness of ≥ 3 mm and ＜ 4,75 mm",45450.0
202607,721924,"Flat-rolled products of stainless steel, of a width of ≥ 600 mm, not further worked than hot-rolled, not in coils, of a thickness of ＜ 3 mm",53768.0
202607,721931,"Flat-rolled products of stainless steel, of a width of ≥ 600 mm, not further worked than cold-rolled cold-reduced"", of a thickness of ≥ 4,75 mm""",170344.0
202607,721932,"Flat-rolled products of stainless steel, of a width of ≥ 600 mm, not further worked than cold-rolled cold-reduced"", of a thickness of ≥ 3 mm but ＜ 4,75 mm""",15941564.0
202607,721933,"Flat-rolled products of stainless steel, of a width of ≥ 600 mm, not further worked than cold-rolled cold-reduced"", of a thickness of ＞ 1 mm but ＜ 3 mm""",83825985.0
202607,721934,"Flat-rolled products of stainless steel, of a width of ≥ 600 mm, not further worked than cold-rolled cold-reduced"", of a thickness of ≥ 0,5 mm but ≤ 1 mm""",65232539.0
202607,721935,"Flat-rolled products of stainless steel, of a width of ≥ 600 mm, not further worked than cold-rolled cold-reduced"", of a thickness of ＜ 0,5 mm""",5800173.0
202607,721990,"Flat-rolled products of stainless steel, of a width of ≥ 600 mm, hot-rolled or cold-rolled cold-reduced"" and further worked""",988842.0
202607,722011,"Flat-rolled products of stainless steel, of a width of ＜ 600 mm, not further worked than hot-rolled, of a thickness of ≥ 4,75 mm",24482.0
202607,722012,"Flat-rolled products of stainless steel, of a width of ＜ 600 mm, not further worked than hot-rolled, of a thickness of ＜ 4,75 mm",28959.0
202607,722020,"Flat-rolled products of stainless steel, of a width of ＜ 600 mm, not further worked than cold-rolled cold-reduced""""",15724740.0
202607,722090,"Flat-rolled products of stainless steel, of a width of ＜ 600 mm, hot-rolled or cold-rolled cold-reduced"" and further worked""",4499951.0
202607,722100,"Bars and rods, hotrolled, in irregularly wound coils, of stainless steel.",16716735.0
202607,722211,"Bars and rods of stainless steel, only hot-rolled, only hot-drawn or only hot-extruded, of circular cross-section",6845125.0
202607,722219,"Bars and rods of stainless steel, only hot-rolled, only hot-drawn or only extruded (excluding of circular cross-section)",2340744.0
202607,722220,"Other bars and rods of stainless steel, not further worked than cold-formed or cold-finished",16674727.0
202607,722230,"Other bars and rods of stainless steel, cold-formed or cold-finished and further worked, or not further worked than forged, or forged, or hot-formed by other means and further worked, n.e.s.",3401225.0
202607,722240,"Angles, shapes and sections of stainless steel, n.e.s.",779203.0
202607,722300,Wire of stainless steel,15208870.0
202607,722410,"Steel, alloy, other than stainless, in ingots or other primary forms (excluding waste and scrap in ingot form, and products obtained by continuous casting)",14642944.0
202607,722490,Semi-finished products of alloy steel other than stainless,1633677.0
202607,722511,"Flat-rolled products of silicon-electrical steel, of a width of ≥ 600 mm, grain-oriented",1238897.0
202607,722519,"Flat-rolled products of silicon-electrical steel, of a width of ≥ 600 mm, non-grain-oriented",5445686.0
202607,722530,"Flat-rolled products of high-speed steel, of a width of ≥ 600 mm, hot-rolled or cold-rolled cold-reduced""""",4822213.0
202607,722540,"Flat-rolled products of alloy steel other than stainless, of a width of ≥ 600 mm, not further worked than hot-rolled, in coils (excluding products of silicon-electrical steel)",33889514.0
202607,722550,"Flat-rolled products of alloy steel other than stainless, of a width of ≥ 600 mm, not further worked than hot-rolled, not in coils (excluding products of silicon-electrical steel)",9586044.0
202607,722591,"Flat-rolled products of alloy steel other than stainless, of a width of ≥ 600 mm, not further worked than cold-rolled cold-reduced"" (excluding products of silicon-electrical steel)""",5922822.0
202607,722592,"Flat-rolled products of alloy steel other than stainless, of a width of ≥ 600 mm, hot-rolled or cold-rolled cold-reduced"" and electrolytically plated or coated with zinc (excluding products of silicon-electrical steel)""",10814389.0
202607,722599,"Flat-rolled products of alloy steel other than stainless, of a width of ≥ 600 mm, hot-rolled or cold-rolled cold-reduced"" and plated or coated with zinc (excluding electrolytically plated or coated and products of silicon-electrical steel)""",33359973.0
202607,722611,"Flat-rolled products of silicon-electrical steel, of a width of ＜ 600 mm, hot-rolled or cold-rolled cold-reduced"", grain-oriented""",3324545.0
202607,722619,"Flat-rolled products of silicon-electrical steel, of a width of ＜ 600 mm, hot-rolled or cold-rolled cold-reduced"", not grain-oriented""",336733.0
202607,722620,"Flat-rolled products of high-speed steel, of a width of ≤ 600 mm, hot-rolled or cold-rolled cold-reduced""""",4155732.0
202607,722691,"Flat-rolled products of alloy steel other than stainless, of a width of ＜ 600 mm, not further worked than hot-rolled (excluding products of high-speed steel or silicon-electrical steel)",1871931.0
202607,722692,"Flat-rolled products of alloy steel other than stainless, of a width of ＜ 600 mm, not further worked than cold-rolled cold-reduced"" (excluding products of high-speed steel or silicon-electrical steel)""",15802593.0
202607,722699,"Flat-rolled products of alloy steel other than stainless, of a width of ＜ 600 mm, hot-rolled or cold-rolled cold-reduced"" and further worked (excluding products of high-speed steel or silicon-electrical steel)""",3581875.0
202607,722710,"Bars and rods of high-speed steel, hot-rolled, in irregularly wound coils",1603900.0
202607,722720,"Bars and rods of silico-manganese steel, hot-rolled, in irregularly wound coils",920209.0
202607,722790,"Bars and rods of alloy steel other than stainless, hot-rolled, in irregularly wound coils (excluding products of high-speed steel or silicon-electrical steel)",10398942.0
202607,722810,"Other bars and rods, of high speed steel",5295963.0
202607,722820,"Other bars and rods, of silicomanganese steel",208924.0
202607,722830,"Other bars and rods of alloy steel, not further worked than hotrolled, hotdrawn or extruded",13978901.0
202607,722840,"Other bars and rods of alloy steel, not further worked than forged",7306689.0
202607,722850,"Other bars and rods of alloy steel, not further worked than coldformed or coldfinished",3575659.0
202607,722860,Other bars and rods of alloy steel,7698349.0
202607,722870,"Angles, shapes and sections of alloy steel",3019136.0
202607,722880,Hollow drill bars and rods of steel,84855.0
202607,722920,Ware of silicomanganese steel,2034612.0
202607,722990,Wire of other alloy steel,7333901.0
202607,730120,"Angles, shapes and sections",372461.0
202607,730210,Rails,1418901.0
202607,730230,"Switch blades, crossing frogs, point rods and other crossing pieces",5133.0
202607,730240,Fishplates and sole plates,305.0
202607,730290,"Sleepers cross-ties"", check-rails, rack rails, chairs, chair wedges, rail clips, bedplates and ties and other specialised material for the jointing or fixing of railway or tramway track, of iron or steel (excluding rails, switch blades, crossing frogs, point rods and other crossing pieces, and fish-plates and sole plates)""",290981.0
202607,730300,"Tubes, pipes and hollow profiles, of cast iron.",204954.0
202607,730411,"Line pipe of a kind used for oil or gas pipelines, seamless, of stainless steel",20753.0
202607,730419,"Line pipe of a kind used for oil or gas pipelines, seamless, of iron or steel (excluding products of stainless steel or of cast iron)",1489165.0
202607,730423,"Drill pipe, seamless, of a kind used in drilling for oil or gas, of iron or steel (excluding products of stainless steel or of cast iron)",215331.0
202607,730424,"Casing and tubing, seamless, of a kind used for drilling for oil or gas, of stainless steel",3859563.0
202607,730429,"Casing and tubing, seamless, of iron or steel, of a kind used in drilling for oil or gas (excluding products of cast iron)",4606.0
202607,730431,"Tubes, pipes and hollow profiles, seamless, of circular cross-section, of iron or non-alloy steel, cold-drawn or cold-rolled cold-reduced"" (excluding cast iron products and line pipe of a kind used for oil or gas pipelines or casing and tubing of a kind used for drilling for oil or gas)""",4362112.0
202607,730439,"Tubes, pipes and hollow profiles, seamless, of circular cross-section, of iron or non-alloy steel, not cold-drawn or cold-rolled cold-reduced"" (excluding cast iron products, line pipe of a kind used for oil or gas pipelines, casing and tubing of a kind used for drilling for oil or gas)""",2458237.0
202607,730441,"Tubes, pipes and hollow profiles, seamless, of circular cross-section, of stainless steel, cold-drawn or cold-rolled cold-reduced"" (excluding line pipe of a kind used for oil or gas pipelines, casing and tubing of a kind used for drilling for oil or gas)""",20290799.0
202607,730449,"Tubes, pipes and hollow profiles, seamless, of circular cross-section, of stainless steel, not cold-drawn or cold-rolled cold-reduced"" (excluding line pipe of a kind used for oil or gas pipelines or of a kind used for drilling for oil or gas)""",4385639.0
202607,730451,"Tubes, pipes and hollow profiles, seamless, of circular cross-section, of alloy steel other than stainless, cold-drawn or cold-rolled cold-reduced"" (excluding line pipe of a kind used for oil or gas pipelines, casing and tubing of a kind used for drilling for oil)""",5127856.0
202607,730459,"Tubes, pipes and hollow profiles, seamless, of circular cross-section, of alloy steel other than stainless, not cold-drawn or cold-rolled cold-reduced"" (excluding line pipe of a kind used for oil or gas pipelines, casing and tubing of a kind used for drilling for oil)""",18754672.0
202607,730490,"Tubes, pipes and hollow profiles, seamless, of non-circular cross-section, of iron or steel (excluding products of cast iron)",64455.0
202607,730511,"Line pipe of a kind used for oil or gas pipelines, having circular cross-sections and an external diameter of ＞ 406,4 mm, of iron or steel, longitudinally submerged arc welded",1328733.0
202607,730512,"Line pipe of a kind used for oil or gas pipelines, having circular cross-sections and an external diameter of ＞ 406,4 mm, of iron or steel, longitudinally arc welded (excluding products longitudinally submerged arc welded)",87496.0
202607,730531,"Tubes and pipes having circular cross-sections and an external diameter of ＞ 406,4 mm, of iron or steel, longitudinally welded (excluding products of a kind used for oil or gas pipelines or of a kind used in drilling for oil or gas)",6315499.0
202607,730611,"Line pipe of a kind used for oil or gas pipelines, welded, of flat-rolled products of stainless steel, of an external diameter of ≤ 406,4 mm",6351.0
202607,730619,"Line pipe of a kind used for oil or gas pipelines, welded, of flat-rolled products of iron or steel, of an external diameter of ≤ 406,4 mm (excluding products of stainless steel or of cast iron)",12242.0
202607,730630,"Tubes, pipes and hollow profiles, welded, of circular cross-section, of iron or non-alloy steel (excluding products having internal and external circular cross-sections and an external diameter of ＞ 406,4 mm, or line pipe of a kind used for oil or gas pipelines or casing and tubing of a kind used in drilling for oil or gas)",4070270.0
202607,730640,"Tubes, pipes and hollow profiles, welded, of circular cross-section, of stainless steel (excluding products having internal and external circular cross-sections and an external diameter of ＞ 406,4 mm, and products of a kind used for oil or gas pipelines or of a kind used in drilling for oil or gas)",6153481.0
202607,730650,"Tubes, pipes and hollow profiles, welded, of circular cross-section, of alloy steel other than stainless (excluding tubes and pipes having internal and external circular cross-sections and an external diameter of ＞ 406,4 mm, and line pipe of a kind used for oil or gas pipelines or casing and tubing of a kind used in drilling for oil or gas)",1157417.0
202607,730661,"Tubes, pipes and hollow profiles, welded, having a non-circular cross-section, of iron or steel (excluding seamless, and line pipe of a kind used for oil or gas pipelines or casing and tubing of a kind used in drilling for oil or gas)",606825.0
202607,730669,"Tubes and pipes and hollow profiles, welded, of square or rectangular cross-section, of iron or steel",264818.0
202607,730690,"Tubes, pipes and hollow profiles, welded, of non-circular cross-section, of iron or steel (excluding tubes and pipes having internal and external circular cross-sections and an external diameter of ＞ 406,4 mm, line pipe of a kind used for oil or gas pipelines or casing and tubing of a kind used in drilling for oil or gas, and tubes and pipes and hollow profiles of square or rectangular cross-section)",302903.0
202607,730711,Tube or pipe fittings of non-malleable cast iron,727063.0
202607,730719,Cast tube or pipe fittings of iron or steel (excluding products of non-malleable cast iron),1726011.0
202607,730721,Flanges of stainless steel (excluding cast products),4199761.0
202607,730722,"Threaded elbows, bends and sleeves of stainless steel (excluding cast products)",5898880.0
202607,730723,Butt welding tube or pipe fittings of stainless steel (excluding cast products),5274102.0
202607,730729,"Tube or pipe fittings of stainless steel (excluding cast products, flanges, threaded elbows, bends and sleeves and butt weldings fittings)",63673067.0
202607,730791,Flanges of iron or steel (excluding cast or stainless products),3287808.0
202607,730792,"Threaded elbows, bends and sleeves, of stainless steel (excluding cast or stainless products)",1324618.0
202607,730793,"Butt welding fittings of iron or steel (excluding cast iron or stainless steel products, and flanges)",5285175.0
202607,730799,"Tube or pipe fittings, of iron or steel (excluding cast iron or stainless steel products; flanges; threaded elbows, bends and sleeves; butt welding fittings)",13636054.0
202607,730810,"Bridges and bridge-sections, of iron or steel",2822.0
202607,730830,"Doors, windows and their frames and thresholds for doors, of iron or steel",3833403.0
202607,730840,"Equipment for scaffolding, shuttering, propping or pit-propping (excluding composite sheetpiling products and formwork panels for poured-in-place concrete, which have the characteristics of moulds)",1898714.0
202607,730890,"Structures and parts of structures, of iron or steel, n.e.s. (excluding bridges and bridge-sections, towers and lattice masts, doors and windows and their frames, thresholds for doors, props and similar equipment for scaffolding, shuttering, propping or pit-propping)",34983275.0
202607,730900,"eservoirs, tanks, vats and similar containers for any material (other than compressed or liquefied gas), of iron or steel, of a capacity exceeding 300 l, whether or not lined or heatinsulated, but not fitted with mechanical or thermal equipment.",5519883.0
202607,731010,"Tanks, casks, drums, cans, boxes and similar containers, of iron or steel, for any material, of a capacity of ≥ 50 l but ≤ 300 l, n.e.s. (excluding containers for compressed or liquefied gas, or containers fitted with mechanical or thermal equipment)",4583931.0
202607,731021,"Cans of iron or steel, of a capacity of ＜ 50 l, which are to be closed by soldering or crimping (excluding containers for compressed or liquefied gas)",2268033.0
202607,731029,"Tanks, casks, drums, cans, boxes and similar containers, of iron or steel, for any material, of a capacity of ＜ 50 l, n.e.s. (excluding containers for compressed or liquefied gas, or containers fitted with mechanical or thermal equipment, and cans which are to be closed by soldering or crimping)",1355020.0
202607,731100,"Containers for compressed or liquefied gas, of iron or steel.",5834403.0
202607,731210,"Stranded wire, ropes and cables",18399783.0
202607,731290,"Plaited bands, slings and the like, of iron or steel (excluding electrically insulated products)",6073240.0
202607,731412,"Endless bands for machinery, of stainless steel",62742.0
202607,731414,"Other woven cloth, of stainless steel",6116847.0
202607,731419,"Woven cloth, incl. endless bands, of iron or steel wire (excluding stainless and woven products of metal fibres of a kind used for cladding, lining or similar purposes)",547458.0
202607,731420,"Grill, netting and fencing, welded at the intersection, of wire with a maximum crosssectional dimension of 3 mm or more and having a mesh size of 100 cm2 or more",734.0
202607,731431,"Grill, netting and fencing, of iron or steel wire, welded at the intersection, plated or coated with zinc (excluding products of wire with a maximum cross-sectional dimension of ≥ 3 mm and having a mesh size of ≥ 100 cm2)",98546.0
202607,731439,"Grill, netting and fencing, of iron or steel wire, welded at the intersection (excluding products of wire with a maximum cross-sectional dimension of ≥ 3 mm and having a mesh size of ≥ 100 cm2, and grill, netting and fencing plated or coated with zinc)",358487.0
202607,731441,"Grill, netting and fencing, of iron or steel wire, not welded at the intersection, plated or coated with zinc",174207.0
202607,731442,"Grill, netting and fencing, of iron or steel wire, not welded at the intersection, coated with plastics",40030.0
202607,731449,"Grill, netting and fencing, of iron or steel wire, not welded at the intersection (excluding plated or coated with zinc or coated with plastics)",618426.0
202607,731450,"Expanded metal, of iron or steel",258403.0
202607,731511,Roller chain of iron or steel,5540664.0
202607,731512,Articulated link chain of iron or steel (excluding roller chain),2964674.0
202607,731519,"Parts of articulated link chain, of iron or steel",2025189.0
202607,731520,"Skid chain for motor vehicles, of iron or steel",21355.0
202607,731581,Stud-link of iron or steel,278583.0
202607,731582,"Welded link chain of iron or steel (excluding articulated link chain, skid chain and stud-link chain)",5263209.0
202607,731589,"Chain of iron or steel (excluding articulated link chain, skid chain, stud-link chain, welded link chain and parts thereof; watch chains, necklace chains and the like, cutting and saw chain, skid chain, scraper chain for conveyors, toothed chain for textile machinery and the like, safety devices with chains for securing doors, and measuring chains)",1174584.0
202607,731590,"Parts of skid chain, stud-link chain and other chains of heading 7315 (excluding articulated link chain)",723636.0
202607,731600,"Anchors, grapnels and parts thereof, of iron or steel.",49120.0
202607,731700,"Nails, tacks, drawing pins, corrugated nails, staples (other than those of heading 83.05) and similar articles, of iron or steel, whether or not with heads of other material, but excluding such articles with heads of copper.",2363416.0
202607,731811,Coach screws,162922.0
202607,731812,Other wood screws,36999.0
202607,731813,Screw hooks and screw rings,715774.0
202607,731814,Selftapping screws,6375865.0
202607,731815,"Other screws and bolts, whether or not with their nuts or washers",86642770.0
202607,731816,Nuts,45889129.0
202607,731819,"Threaded articles, of iron or steel, nes",7747768.0
202607,731821,Spring washers and other lock washers,5082424.0
202607,731822,Other washers,21366246.0
202607,731823,Rivets,4925373.0
202607,731824,Cotters and cotterpins,20353701.0
202607,731829,"Non-threaded articles, of iron or steel",11592264.0
202607,731940,"Safety pins and other pins of iron or steel, n.e.s.",65370.0
202607,731990,"Knitting needles, bodkins, crochet hooks, embroidery stilettos and similar articles, for use in the hand, of iron or steel",461283.0
202607,732010,Leafsprings and leaves therefor of steel,6552657.0
202607,732020,Helical springs of steel,24535622.0
202607,732090,"Springs and leaves for springs, of iron or steel, incl. flat spiral springs (excluding helical springs, spiral springs, leaf-springs and leaves therefor, clock and watch springs, spring washers and other lock washers and shock absorbers and torque rod or torsion bar springs of Section 17)",5077957.0
202607,732111,"Appliances for baking, frying, grilling and cooking and plate warmers, for domestic use, of iron or steel, for gas fuel or for both gas and other fuels (excluding large cooking appliances)",3140739.0
202607,732112,"Appliances for baking, frying, grilling and cooking and plate warmers, for domestic use, of iron or steel, for liquid fuel (excluding large cooking appliances)",9778.0
202607,732119,"Appliances for baking, frying, grilling and cooking and plate warmers, for domestic use, of iron or steel, for solid fuel or other non-electric source of energy (excluding liquid or gaseous fuel, and large cooking appliances)",71072.0
202607,732181,"Stoves, heaters, grates, fires, wash boilers, braziers and similar appliances, of iron or steel, for gas fuel or for both gas and other fuels (excluding cooking appliances, whether or not with oven, separate ovens, plate warmers, central heating boilers, geysers and hot water cylinders and large cooking appliances)",67943.0
202607,732182,"Stoves, heaters, grates, fires, wash boilers, braziers and similar appliances, of iron or steel, for liquid fuel (excluding cooking appliances, whether or not with oven, separate ovens, plate warmers, central heating boilers, geysers, hot water cylinders and large cooking appliances)",170847.0
202607,732189,"Stoves, heaters, grates, fires, wash boilers, braziers and similar domestic appliances, of iron or steel, for solid fuel or other non-electricsource of energy (excluding liquid or gaseous fuel, and cooking appliances, whether or not with oven, separate ovens, plate warmers, central heating boilers, hot water cylinders and large cooking appliances)",110239.0
202607,732190,"Parts of domestic appliances non-electrically heated of heading 7321, n.e.s.",1447113.0
202607,732219,"Radiators for central heating, non-electrically heated, and parts thereof, of iron other than cast iron or steel (excluding parts, elsewhere specified or included, and central-heating boilers)",201004.0
202607,732290,"Air heaters and hot-air distributors, incl. distributors which can also distribute fresh or conditioned air, non-electrically heated, incorporating a motor-driven fan or blower, and parts thereof, of iron or steel",219303.0
202607,732310,"Iron or steel wool; pot scourers and scouring or polishing pads, gloves and the like",14114.0
202607,732391,"Table, kitchen or other household articles, and parts thereof, of cast iron, not enamelled (excluding cans, boxes and similar containers of heading 7310; waste baskets; shovels, corkscrews and other articles of the nature of a work implement; articles of cutlery, spoons, ladles, forks etc. of heading 8211 to 8215; ornamental articles; sanitary ware)",296277.0
202607,732392,"Table, kitchen or other household articles, and parts thereof, of cast iron, enamelled (excluding cans, boxes and similar containers of heading 7310; waste baskets; shovels, corkscrews and other articles of the nature of a work implement; articles of cutlery, spoons, ladles, forks etc. of heading 8211 to 8215; ornamental articles; sanitary ware)",1902568.0
202607,732393,"Table, kitchen or other household articles, and parts thereof, of stainless steel (excluding cans, boxes and similar containers of heading 7310; waste baskets; shovels, corkscrews and other articles of the nature of a work implement; articles of cutlery, spoons, ladles, forks etc. of heading 8211 to 8215; ornamental articles; sanitary ware)",2614488.0
202607,732394,"Table, kitchen or other household articles, and parts thereof, of iron other than cast iron or steel other than stainless, enamelled (excluding cans, boxes and similar containers of heading 7310; waste baskets; shovels, corkscrews and other articles of the nature of a work implement; articles of cutlery, spoons, ladles, forks etc. of heading 8211 to 8215; ornamental articles; sanitary ware; articles for table use)",234423.0
202607,732399,"Table, kitchen or other household articles, and parts thereof, of iron other than cast iron or steel other than stainless (excluding enamelled articles; cans, boxes and similar containers of heading 7310; waste baskets; shovels and other articles of the nature of a work implement; cutlery, spoons, ladles etc. of heading 8211 to 8215; ornamental articles; sanitary ware)",403576.0
202607,732410,"Sinks and washbasins, of stainless steel",364381.0
202607,732429,Baths of steel sheet,603387.0
202607,732490,"Sanitary ware, incl. parts thereof (excluding cans, boxes and similar containers of heading 7310, small wall cabinets for medical supplies or toiletries and other furniture of chapter 94, and fittings, complete sinks and washbasins, of stainless steel, complete baths and fittings)",1457015.0
202607,732510,"Articles of non-malleable cast iron, n.e.s.",2290418.0
202607,732591,"Grinding balls and similar articles for mills, cast (excluding such articles of non-malleable cast iron)",21087.0
202607,732599,"Cast articles of iron or steel, n.e.s. (excluding articles of non-malleable cast iron, and grinding balls and similar articles for mills)",1721136.0
202607,732611,"Grinding balls and similar articles for mills, of iron or steel, forged or stamped, but not further worked",27796.0
202607,732619,"Articles of iron or steel, forged or stamped, but not further worked, n.e.s. (excluding grinding balls and similar articles for mills)",15049816.0
202607,732620,"Articles of iron or steel wire, n.e.s.",2607109.0
202607,732690,"Articles of iron or steel, n.e.s. (excluding cast articles or articles of iron or steel wire)",159801119.0
202607,740100,Copper mattes; cement copper (precipitated copper).,32357625.0
202607,740200,Unrefined copper; copper anodes for electrolytic refining.,1121533472.0
202607,740311,"Cathodes and sections of cathodes of refined copper, unwrought",3291314500.0
202607,740312,"Wirebars of refined copper, unwrought",6526407.0
202607,740313,"Billets of refined copper, unwrought",21546398.0
202607,740319,"Other refined copper,unwrought",460147922.0
202607,740321,Copperzincbasealloys(brass),119064227.0
202607,740322,Coppertinbasealloys(bronze),27919176.0
202607,740329,Othercopperalloys(otherthanmasteralloysofheading74.05),169370053.0
202607,740400,Copper waste and scrap.,2572869304.0
202607,740500,Master alloys of copper.,1259443.0
202607,740610,Powders of nonlamellar structure,5513572.0
202607,740620,Powders of lamellar structure; flakes,164478.0
202607,740710,"Bars, rods and profiles, of refined copper, n.e.s.",9619398.0
202607,740721,"Bars, rods and profiles, of copper-zinc base alloys brass"", n.e.s.""",22923231.0
202607,740729,"Bars, rods and profiles of copper alloys, n.e.s. (excluding such articles of copper-zinc base alloys brass"")""",3058999.0
202607,740811,"Wire of refined copper, of which the maximum crosssectional dimension exceeds 6 mm",56974437.0
202607,740819,"Wire of refined copper, other",46115055.0
202607,740821,Wire of copper-zinc base alloys (brass),7955864.0
202607,740822,"Wire of copper-nickel alloys (cupro-nickel)or copper-nickel-zinc alloys nickel silver""""",756740.0
202607,740829,"Wire of copper alloys (other than copper-zinc alloys [brass], copper-nickel alloys [cupro-nickel] or copper-nickel-zinc alloys [nickel silver])",3764804.0
202607,740911,"Plates, sheets and strip, of refined copper, in coils, of a thickness of ＞ 0,15 mm",34958275.0
202607,740919,"Plates, sheets and strip, of refined copper, not in coils, of a thickness of ＞ 0,15 mm",5402395.0
202607,740921,"Plates, sheets and strip, of copper-zinc base alloys brass"", of a thickness of ＞ 0,15 mm, in coils""",24868118.0
202607,740929,"Plates, sheets and strip, of copper-zinc base alloys brass"", of a thickness of ＞ 0,15 mm, not in coils""",622304.0
202607,740931,"Plates, sheets and strip, of copper-tin base alloys bronze"", of a thickness of ＞ 0,15 mm, in coils""",10976177.0
202607,740939,"Plates, sheets and strip, of copper-tin base alloys bronze"", of a thickness of ＞ 0,15 mm, not in coils""",1012322.0
202607,740940,"Plates, sheets and strip, of copper-nickel base alloys cupro-nickel"" or copper-nickel-zinc base alloys ""nickel silver"", of a thickness of ＞ 0,15 mm, not in coils""",17476694.0
202607,740990,"Plates, sheets and strip, of copper alloys, of a thickness of ＞ 0,15 mm, other",17732692.0
202607,741011,"Refined copper foil, not backed, of a thickness of ≤ 0,15 mm",179958317.0
202607,741012,"Copper alloy foil, not backed, of a thickness of ≤ 0,15 mm",35228918.0
202607,741021,"Refined copper foil, backed, of a thickness excluding any backing"" of ≤ 0,15 mm""",196685675.0
202607,741022,"Copper alloy foil, backed, of a thickness excluding any backing"" of ≤ 0,15 mm""",236834.0
202607,741110,Tubes and pipes of refined copper,70961943.0
202607,741121,"Tubes and pipes of copper-zinc base alloys brass""""",1203530.0
202607,741122,"Tubes and pipes of copper-nickel base alloys cupro-nickel"" or copper-nickel-zinc base alloys ""nickel silver""""",2226993.0
202607,741129,"Tubes and pipes of copper alloys (excluding copper-zinc base alloys brass"", copper-nickel base alloys ""cupro-nickel"" and copper-nickel-zinc base alloys ""nickel silver"")""",2357824.0
202607,741210,"Refined copper tube or pipe fittings e.g., couplings, elbows, sleeves""""",714903.0
202607,741220,"Copper alloy tube or pipe fittings e.g., couplings, elbows, sleeves""""",15516164.0
202607,741300,"Stranded wire, cables, plaited bands and the like, of copper, not electrically insulated.",10281875.0
202607,741510,"Nails and tacks, drawing pins, staples and similar articles",322832.0
202607,741521,"Washers, incl. spring washers and spring lock washers"", of copper""",2072741.0
202607,741529,"Rivets, cotters, cotter pins and the like, not threaded, of copper (excluding spring washers and spring lock washers)",1778997.0
202607,741533,"Screws, bolts, nuts and similar articles, threaded, of copper (other than screw hooks, ring- and eyebolts, lag screws, plugs, bungs and the like, with screw thread)",2924043.0
202607,741539,"Screw hooks, screw rings and the like, threaded, of copper (excluding standard screws and bolts and nuts)",1027838.0
202607,741810,"Table, kitchen or other household articles and parts thereof; pot scourers and scouring or polishing pads, gloves and the like",215699.0
202607,741820,Sanitary ware and parts thereof,1359140.0
202607,741920,"Cast, moulded, stamped or forged copper articles without further processing",2828359.0
202607,741980,other copper articles,24857723.0
202607,750110,Nickel mattes,305187845.0
202607,750120,Nickel oxide sinters and other intermediate products of nickel metallurgy,567672856.0
202607,750210,"Nickel, not alloyed",385869448.0
202607,750220,Nickel alloys,3412612.0
202607,750300,Nickel waste and scrap.,1450362.0
202607,750400,Nickel powders and flakes.,13895857.0
202607,750511,"Bars, rods, profiles and wire, of non-alloy nickel, n.e.s.",100585.0
202607,750512,"Bars, rods, profiles and wire, of nickel alloys, n.e.s.",22316297.0
202607,750521,Wire of non-alloy nickel,166168.0
202607,750522,Wire of nickel alloys,7594786.0
202607,750610,"Plates, sheets, strip and foil, of non-alloy nickel",3061665.0
202607,750620,"Plates, sheets, strip and foil, of nickel alloys",11456019.0
202607,750711,Tubes and pipes of non-alloy nickel,1737.0
202607,750712,Tubes and pipes of nickel alloys,7645169.0
202607,750720,"Tube or pipe fittings, of nickel",2684312.0
202607,750810,"Cloth, grill, netting and fencing, of nickel wire",1587876.0
202607,750890,"Articles of nickel, n.e.s.",33326391.0
202607,760110,"Aluminium, not alloyed",611072067.0
202607,760120,Aluminium alloys,202862030.0
202607,760200,Aluminium waste and scrap.,351983320.0
202607,760310,"Powders of aluminium, of non-lamellar structure",186558.0
202607,760320,"Powders of aluminium, of lamellar structure, and flakes of aluminium",459631.0
202607,760410,"Bars, rods and profiles, of non-alloy aluminium, n.e.s.",147540.0
202607,760421,"Hollow profiles of aluminium alloys, n.e.s.",2337226.0
202607,760429,"Bars, rods and solid profiles, of aluminium alloys, n.e.s.",21241177.0
202607,760511,"Wire of non-alloy aluminium, with a maximum cross-sectional dimension of ＞ 7 mm",23972456.0
202607,760519,"Wire of non-alloy aluminium, with a maximum cross-sectional dimension of ≤ 7 mm",1683931.0
202607,760521,"Wire of aluminium alloys, with a maximum cross-sectional dimension of ＞ 7 mm",582321.0
202607,760529,"Wire, of aluminium alloys, having a maximum cross-sectional dimension of ≤ 7 mm",1516133.0
202607,760611,"Plates, sheets and strip, of non-alloy aluminium, of a thickness exceeding 0.2 mm, square or rectangular",3520995.0
202607,760612,"Plates, sheets and strip, of aluminium alloys, of a thickness exceeding 0.2 mm, square or rectangular",90597273.0
202607,760691,"Plates, sheets and strip, of non-alloy aluminium, of a thickness exceeding 0.2 mm",47336.0
202607,760692,"Plates, sheets and strip, of aluminium alloys, of a thickness exceeding 0.2 mm , other",1132617.0
202607,760711,"Aluminium foil, not backed, rolled but not further worked, of a thickness not exceeding 0.2 mm. (excluding stamping foils of heading 3212, and foil made up as christmas tree decorating material)",20695566.0
202607,760719,"Aluminium foil, not backed, rolled and further worked, of a thickness not exceeding 0.2 mm. (excluding stamping foils of heading 3212, and foil made up as christmas tree decorating material)",21107759.0
202607,760720,"Aluminium foil, backed, of a thickness (excluding any backing) not exceeding 0.2 mm.(excluding stamping foils of heading 3212, and foil made up as christmas tree decorating material)",22150046.0
202607,760810,Tubes and pipes of non-alloy aluminium,96289.0
202607,760820,Tubes and pipes of aluminium alloys,2316438.0
202607,760900,"Aluminium tube or pipe fittings (for example, couplings, elbows, sleeves).",4395670.0
202607,761010,"Doors, windows and their frames and thresholds for doors",1376018.0
202607,761090,"Structures and parts of structures, of aluminium, n.e.s., and plates, rods, profiles, tubes and the like, prepared for use in structures, of aluminium, n.e.s.",12686405.0
202607,761100,"Aluminium reservoirs, tanks, vats and similar containers, for any material (other than compressed or liquefied gas), of a capacity exceeding 300 l, whether or not lined or heatinsulated, but not fitted with mechanical or thermal equipment.",102193.0
202607,761210,"Collapsible tubular containers, of aluminium",81698.0
202607,761290,"Casks, drums, cans, boxes and similar containers, incl. rigid tubular containers, of aluminium, for any material (other than compressed or liquefied gas), of a capacity of ≤ 300 l, n.e.s.",1416127.0
202607,761300,Aluminium containers for compressed or liquefied gas.,740188.0
202607,761410,"Stranded wire, cables, plaited bands and the like, of aluminium, with steel core, not electrically insulated",1610.0
202607,761490,"Stranded wires, cables, ropes and similar articles, of aluminium (other than with steel core and electrically insulated products)",10461.0
202607,761510,"Table, kitchen or other household articles and parts thereof; pot scourers and scouring or polishing pads, gloves and the like",5539016.0
202607,761520,Sanitary ware and parts thereof,74533.0
202607,761610,"Nails, tacks, staples (other than those of heading 83.05), screws, bolts, nuts, screw hooks, rivets, cotters, cotterpins, washers and similar articles",14228009.0
202607,761691,"Cloth, grill, netting and fencing, of aluminium wire",646685.0
202607,761699,Unwrought lead (excluding refined lead and lead containing by weight antimony as the principal other element),92922899.0
202607,780110,"Unwrought lead, refined",19131688.0
202607,780191,"Unwrought lead, containing by weight antimony as the principal other element",24173923.0
202607,780199,Unwrought lead (excluding refined lead and lead containing by weight antimony as the principal other element),32634236.0
202607,780411,"Sheets, strip and foil of a thickness (excluding any backing) not exceeding 0.2 mm",166897.0
202607,780419,"Lead plates; lead sheets, strip and foil, of a thickness (excluding any backing) exceeding 0,2 mm",127587.0
202607,780420,Powders and flakes,173631.0
202607,780600,Other articles of lead.,289412.0
202607,790111,"Unwrought zinc, not alloyed, containing by weight 99.99% or more of zinc",17967356.0
202607,790112,"Unwrought zinc, not alloyed, containing by weight less than 99.99% of zinc",350999.0
202607,790120,Unwrought zinc alloys,8447966.0
202607,790310,Zinc dust,471200.0
202607,790390,Zinc powders and flakes,521795.0
202607,790400,"Zinc bars, rods, profiles and wire.",596513.0
202607,790500,"Zinc plates, sheets, strip and foil.",1526552.0
202607,790700,Other articles of zinc.,2978222.0
202607,800110,"Unwrought tin, not alloyed",120928112.0
202607,800120,"Unwrought tin, alloys",20879105.0
202607,800300,"Tin bars, rods, profiles and wire.",4756090.0
202607,800700,Other articles of tin.,4014189.0
202607,810110,Tungsten powders,363645.0
202607,810194,"Unwrought tungsten, incl. bars and rods of tungsten obtained simply by sintering",54937.0
202607,810196,"Tungsten bars and rods (other than those obtained simply by sintering), profiles, plates, sheets, strip and foil, n.e.s.",1204051.0
202607,810199,Tungsten waste and scrap (excluding ash and residues containing tungsten),3478900.0
202607,810210,Molybdenum powders,31994.0
202607,810294,"Unwrought molybdenum, incl. bars and rods obtained simply by sintering",1599409.0
202607,810295,"Molybdenum bars and rods (other than those obtained simply by sintering), profiles, plates, sheets, strip and foil, n.e.s.",1289909.0
202607,810296,Molybdenum wire,1021431.0
202607,810299,"Articles of molybdenum, n.e.s.",1373718.0
202607,810320,"Unwrought tantalum, including bars and rods obtained simply by sintering; powders",699631.0
202607,810330,Tantalum waste and scrap (excluding ash and residues containing tantalum),162673.0
202607,810391,Tantalum crucible,521.0
202607,810399,Other wrought tantalum and its products,5744740.0
202607,810419,"Unwrought magnesium, containing ＜ 99,8% by weight of magnesium",56616.0
202607,810490,"Articles of magnesium, n.e.s.",302692.0
202607,810520,Cobalt mattes and other intermediate products of cobalt metallurgy; unwrought cobalt; powders,354531276.0
202607,810590,"Articles of cobalt, n.e.s.",8093693.0
202607,810610,"Bismuth content of more than 99% by weight Bismuth and its products, including waste and scrap",8.0
202607,810690,"Bismuth content of 99% or less by weight Bismuth and its products, including waste and scrap",407302.0
202607,810820,Unwrought titanium; powders,1758025.0
202607,810890,"Articles of titanium, nes",76521057.0
202607,810929,Other unwrought zirconium and powder,613788.0
202607,810991,Wrought zirconium and zirconium products with a hafnium to zirconium ratio of less than 1:500 by weight,2263822.0
202607,810999,Other wrought zirconium and zirconium products,207560.0
202607,811010,Unwrought antimony; powders,63.0
202607,811090,Antimony wrought & articles thereof,19561.0
202607,811100,"Manganese and articles thereof, including waste and scrap",3721249.0
202607,811212,Unwrought beryllium; beryllium powders,3043983.0
202607,811219,Wrought beryllium and articles thereof,1743.0
202607,811221,Unwrought chromium; chromium powders,409089.0
202607,811229,Wrought chromium and articles thereof,411584.0
202607,811241,Unwrought rhenium; waste and scrap; powder,1258913.0
202607,811249,Wrought rhenium and articles thereof,5981.0
202607,811269,"Cadmium, powder and cadmium products",214822.0
202607,811292,"Unwrought niobium (columbium),gallium, indium, vanadium and germanium; powders and waste and scrap of these metals",6325832.0
202607,811299,"Wrought niobium (columbium),gallium, indium, vanadium and germanium; and articles thereof",1338096.0
202607,811300,"Cermets and articles thereof, including waste and scrap.",35268267.0
202607,820110,Spades and shovels,84161.0
202607,820130,"Mattocks, picks, hoes and rakes",103035.0
202607,820140,"Axes, bill hooks and similar hewing tools",119209.0
202607,820150,Secateurs and similar onehanded pruners and shears (including poultry shears),256783.0
202607,820160,"Hedge shears, twohanded pruning shears and similar twohanded shears",36995.0
202607,820190,"Other hand tools of a kind used in agriculture, horticulture or forestry",99788.0
202607,820210,Hand saws,173025.0
202607,820220,Band saw blades,2296695.0
202607,820231,"Circular saw blades, incl. slitting or slotting saw blades, of base metal, with working parts of steel",749038.0
202607,820239,"Circular saw blades, incl. slitting or slotting saw blades, and parts thereof, of base metal, with working parts of materials other than steel",5502376.0
202607,820240,Chain saw blades,1764980.0
202607,820291,"Straight saw blades, for working metal",889431.0
202607,820299,"Saw blades, incl. toothless saw blades, of base metal (excluding bandsaw blades, circular saw blades, slitting or slotting saw blades, chainsaw blades and straight saw blades for working metal)",1072182.0
202607,820310,"Files, rasps and similar tools",396554.0
202607,820320,"Pliers (including cutting pliers), pincers, tweezers and similar tools",5042889.0
202607,820330,Metal cutting shears and similar tools,183386.0
202607,820340,"Pipecutters, bolt croppers, perforating punches and similar tools",132024.0
202607,820411,"Hand-operated spanners and wrenches, incl. torque meter wrenches, of base metal, non-adjustable",6374354.0
202607,820412,"Hand-operated spanners and wrenches, incl. torque meter wrenches, of base metal, adjustable (excluding tap wrenches)",1770632.0
202607,820420,"Interchangeable spanner sockets, with or without handles",4072567.0
202607,820510,"Drilling, threading or tapping tools",100088.0
202607,820520,Hammers and sledge hammers,293017.0
202607,820530,"Planes, chisels, gouges and similar cutting tools for working wood",148538.0
202607,820540,Screwdrivers,1890608.0
202607,820551,"Household hand tools, non-mechanical, with working parts of base metal, n.e.s.",485000.0
202607,820559,"Hand tools, incl. glaziers' diamonds, of base metal, n.e.s.",5897059.0
202607,820560,Blow lamps,18725.0
202607,820570,"Vices, clamps and the like",362983.0
202607,820590,Portable forges; hand or pedal operated grinding wheels with frameworks; including sets of articles of two or more of  subheadings of this heading,768881.0
202607,820600,"Tools of two or more of the headings 82.02 to 82.05, put up in sets for retail sale.",1898906.0
202607,820713,"Rock-drilling or earth-boring tools, interchangeable, with working parts of sintered metal carbides or cermets",462531.0
202607,820719,"Rock-drilling or earth-boring tools, interchangeable, and parts therefor, with working parts of materials other than sintered metal carbide or cermets",1526333.0
202607,820720,Dies for drawing or extruding metal,2727555.0
202607,820730,"Tools for pressing, stamping or punching",19285286.0
202607,820740,Tools for tapping or threading,13956845.0
202607,820750,"Tools for drilling, other than for rock drilling",16947214.0
202607,820760,Tools for boring or broaching,3356901.0
202607,820770,Tools for milling,15980612.0
202607,820780,Tools for turning,2720046.0
202607,820790,Other interchangeable tools,7478674.0
202607,820810,"Knives and cutting blades, of base metal, for machines or for mechanical appliances, for metalworking",53842064.0
202607,820820,"Knives and cutting blades, of base metal, for machines or for mechanical appliances, for wood-working",483255.0
202607,820830,"Knives and cutting blades, of base metal, for kitchen appliances or for machines used by the food industry",1675419.0
202607,820840,"Knives and cutting blades, of base metal, for agricultural, horticultural or forestry machines (excluding those for wood-working)",889162.0
202607,820890,"Knives and cutting blades, of base metal, for machines or for mechanical appliances (excluding those for metal or wood-working, kitchen appliances or machines used by the food industry and those for agricultural, horticultural or forestry machines)",13942957.0
202607,820900,"Plates, sticks, tips and the like for tools, unmounted, of cermets.",25882647.0
202607,821000,"Hand-operated mechanical appliances, weighing 10 kg or less, used in the preparation, conditioning or serving of food or drink.",446176.0
202607,821110,Sets of assorted articles,63153.0
202607,821191,Table knives having fixed blades,70412.0
202607,821192,Other knives having fixed blades,441821.0
202607,821193,Knives having other than fixed blades,769623.0
202607,821194,"Blades of base metal for table knives, pocket knives and other knives of heading 8211",966417.0
202607,821195,Handles of base metal,243040.0
202607,821210,Razors,1470685.0
202607,821220,"Safety razor blades, including razor blade blanks in strips",6653949.0
202607,821290,Parts of non-electric razors of base metal (excluding safety razor blades and razor blade blanks in strips),900828.0
202607,821300,"Scissors, tailors' shears and similar shears, and blades therefor.",1047126.0
202607,821410,"Paper knives, letter openers, erasing knives, pencil sharpeners and blades therefor",215979.0
202607,821420,Manicure or pedicure sets and instruments (including nail files),1205047.0
202607,821490,"Hair clippers, butchers' or kitchen cleavers and other articles of cutlery of base metal, n.e.s.",355695.0
202607,821510,Sets of assorted articles containing at least one article plated with precious metal,89622.0
202607,821520,Other sets of assorted articles,242911.0
202607,821591,Plated with precious metal,23054.0
202607,821599,"Spoons, forks, ladles, skimmers, cake-servers, fish-knives, butter-knives, sugar tongs and similar kitchen or tableware of base metal, not plated with precious metal (excluding sets of articles such as lobster cutters and poultry shears)",501088.0
202607,830110,Padlocks,151605.0
202607,830120,Locks of a kind used for motor vehicles,14461962.0
202607,830130,Locks of a kind used for furniture,467608.0
202607,830140,Other locks,9665634.0
202607,830150,"Clasps and frames with clasps, incorporating locks",129975.0
202607,830160,"Parts of padlocks, locks, clasps and frames with clasps, incorporating locks, of base metal, n.e.s.",9697130.0
202607,830170,Keys presented separately,960504.0
202607,830210,"Hinges of all kinds, of base metal",20302006.0
202607,830220,Castors with mountings of base metal,3027773.0
202607,830230,"Base metal mountings, fittings and similar articles suitable for motor vehicles (excluding hinges and castors)",1906416.0
202607,830241,Base metal mountings and fittings suitable for buildings (excluding locks with keys and hinges),7821734.0
202607,830242,"Base metal mountings, fittings and similar articles suitable for furniture (excluding locks with keys, hinges and castors)",10501638.0
202607,830249,"Base metal mountings, fittings and similar articles (excluding locks with keys, clasps and frames with clasps incorporating locks, hinges, castors and mountings and fittings suitable for buildings, motor vehicles or furniture)",11622266.0
202607,830250,"Hat-racks, hat-pegs, brackets and similar fixtures of base metal",775181.0
202607,830260,Automatic door closers of base metal,1039819.0
202607,830300,"Armoured or reinforced safes, strongboxes and doors and safe deposit lockers for strongrooms, cash or deed boxes and the like, of base metal",467163.0
202607,830400,"Filing cabinets, cardindex cabinets, paper trays, paper rests, pen trays, officestamp stands and similar office or desk equipment, of base metal, other than office furniture of heading 9403",12014.0
202607,830510,"Fittings for loose-leaf binders or files, of base metal (excluding drawing pins and clasps for books or registers)",172659.0
202607,830520,"Staples in strips, of base metal",275712.0
202607,830590,"Office articles such as letter clips, letter corners, paper clips and indexing tags, of base metal, incl. parts of articles of heading 8305 (excluding fittings for loose-leaf binders or files, staples in strips, drawing pins and clasps for books or registers)",34611.0
202607,830610,"Bells, gongs and the like, non-electric, of base metal",101580.0
202607,830621,"Statuettes and other ornaments, of base metal, plated with precious metal",67791.0
202607,830629,"Statuettes and other ornaments, of base metal, not plated with precious metal",1975396.0
202607,830630,"Photograph, picture or similar frames, of base metal; mirrors of base metal",50518.0
202607,830710,"Flexible tubing of iron or steel, with or without fittings",8959957.0
202607,830790,"Flexible tubing of base metal other than iron or steel, with or without fittings",1420444.0
202607,830810,"Hooks, eyes and eyelets, of base metal, of a kind used for clothing, footwear, awnings, handbags, travel goods or other made-up articles",4066338.0
202607,830820,"Tubular or bifurcated rivets, of base metal",6086056.0
202607,830890,"Clasps, frames with clasps without locks, buckles and buckle-clasps, of base metal, for clothing, footwear, handbags, travel goods or other made-up articles, incl. parts of articles of heading 8308, of base metal (excluding hooks, eyes, eyelets and tubular or bifurcated rivets)",3191579.0
202607,830910,Crown corks of base metal,11372.0
202607,830990,"Stoppers, caps and lids, incl. screw caps and pouring stoppers, capsules for bottles, threaded bungs, bung covers, seals and other packing accessories of base metal (excluding crow corks)",8222966.0
202607,831000,"Signplates, nameplates, addressplates and similar plates, numbers, letters and other symbols, of base metal, excluding those of heading 9405",3244829.0
202607,831110,"Coated electrodes of base metal, for electric arc-welding",8031862.0
202607,831120,"Cored wire of base metal, for electric arc-welding",5399383.0
202607,831130,"Coated rods and cored wire, of base metal, for soldering, brazing or welding by flame (excluding wire and rods cored with solder which, excluding the flux material, contains ≥ 2% by weight of precious metal)",3697762.0
202607,831190,"Wire, rods, tubes, plates, electrodes and the like, of base metal or of metal carbides, coated or cored with flux material, for soldering, brazing, welding or deposition of metal or metal carbides, n.e.s., and wire and rods of agglomerated base metal powder, for metal spraying, n.e.s.",838919.0
202607,840130,"Fuel elements (cartridges), nonirradiated",243943527.0
202607,840140,Parts of nuclear reactors,8659542.0
202607,840212,Watertube boilers with a steam production not exceeding 45 t per hour,741479.0
202607,840219,"Other vapour generating boilers, including hybrid boilers",2656001.0
202607,840290,"Parts of vapour generating boilers and superheated water boilers, n.e.s.",6135511.0
202607,840310,"Central heating boilers, non-electric (excluding vapour generating boilers and superheated water boilers of heading 8402)",3220028.0
202607,840390,"Parts of central heating boilers, n.e.s.",2557557.0
202607,840410,Auxiliary plant for use with boilers of heading 84.02 or 84.03,1957704.0
202607,840420,Condensers for steam or other vapour power units,53901.0
202607,840490,"Parts of auxiliary plant of heading 8402 or 8403 and condensers for steam or other vapour power units, n.e.s.",46755.0
202607,840510,"Producer gas or water gas generators, with or without their purifiers; acetylene gas generators and similar water process gas generators, with or without their purifiers",4738102.0
202607,840590,"Parts of producer gas or water gas generators and acetylene gas generators or similar water process gas generators, n.e.s.",260505.0
202607,840610,Turbines for marine propulsion,23750.0
202607,840682,"Turbines, of an output not exceeding 40 MW",1237000.0
202607,840690,"Parts of steam and other vapour turbines, n.e.s.",27839343.0
202607,840710,"Spark-ignition reciprocating or rotary internal combustion piston engine, for aircraft",1503798.0
202607,840721,Spark-ignition outboard motors for marine propulsion,14280940.0
202607,840729,"Spark-ignition reciprocating or rotary engines, for marine propulsion (excluding outboard motors)",42762.0
202607,840732,"Spark-ignition reciprocating piston engine, of a kind used for the propulsion of vehicles of chapter 87, Of a cylinder capacity exceeding 50 cc but not exceeding 250 cc",76894.0
202607,840733,"Spark-ignition reciprocating piston engine, of a kind used for the propulsion of vehicles of chapter 87, Of a cylinder capacity exceeding 250 cc but not exceeding 1,000 cc",103622.0
202607,840734,"Spark-ignition reciprocating piston engine, of a kind used for the propulsion of vehicles of chapter 87, Of a cylinder capacity exceeding 1,000 cc",26348471.0
202607,840790,Other engines,19446258.0
202607,840810,Marine propulsion engines,148993316.0
202607,840820,Engines of a kind used for the propulsion of vehicles of Chapter 87,17874459.0
202607,840890,Other engines,198853290.0
202607,840910,"Parts suitable for use solely or principally with internal combustion piston engine for aircraft, n.e.s.",1893265.0
202607,840991,"Parts suitable for use solely or principally with spark-ignition internal combustion piston engine, n.e.s.",94501734.0
202607,840999,"Parts suitable for use solely or principally with compression-ignition internal combustion piston engine diesel or semi-diesel engine"", n.e.s.""",156053490.0
202607,841090,Parts of hydraulic turbines and water wheels incl. regulators,188692.0
202607,841111,Turbojets of a thrust not exceeding 25 kN,55968.0
202607,841112,Turbojets of a thrust exceeding 25 kN,695786106.0
202607,841121,"Turbopropellers of a power not exceeding 1,100 kW",361963.0
202607,841122,"Turbopropellers of a power exceeding 1,100 kW",106028.0
202607,841181,"Gas turbines of a power not exceeding 5,000 kW",10678149.0
202607,841182,"Gas turbines of a power exceeding 5,000 kW",45228637.0
202607,841191,"Parts of turbojets or turbopropellers, n.e.s.",1021391823.0
202607,841199,"Parts of gas turbines, n.e.s.",108362642.0
202607,841221,"Hydraulic power engines and motors, linear acting (cylinders)",47456893.0
202607,841229,"Hydraulic power engines and motors (excluding hydraulic turbines and water wheels of heading 8410, steam turbines and hydraulic power engines and motors, linear acting)",55622236.0
202607,841231,"Pneumatic power engines and motors, linear acting (cylinders)",20259037.0
202607,841239,Pneumatic power engines and motors (excluding linear acting),18671324.0
202607,841280,"Engines and motors (excluding steam turbines, internal combustion piston engine, hydraulic turbines, water wheels, gas turbines, reaction engines, hydraulic power engines and motors, pneumatic power engines and motors and electric motors)",2960889.0
202607,841290,"Parts of non-electrical engines and motors, n.e.s.",47181737.0
202607,841311,"Pumps for dispensing fuel or lubricants, of the type used in fillingstations or in garages",125625.0
202607,841319,"Pumps for liquids, fitted or designed to be fitted with a measuring device (excluding pumps for dispensing fuel or lubricants, of the type used in filling stations or in garages)",15854310.0
202607,841320,"Hand pumps, other than those of subheading 8413.11 or 8413.19",1822218.0
202607,841330,"Fuel, lubricating or cooling medium pumps for internal combustion piston engines",46896628.0
202607,841340,Concrete pumps,327355.0
202607,841350,Other reciprocating positive displacement pumps,74160921.0
202607,841360,Other rotary positive displacement pumps,66534115.0
202607,841370,Other centrifugal pumps,109161501.0
202607,841381,"Pumps for liquids, power-driven (excluding those of subheading 8413.11 and 8413.19, fuel, lubricating or cooling medium pumps for internal combustion piston engine, concrete pumps, general reciprocating or rotary positive displacement pumps and centrifugal pumps of all kinds)",18407775.0
202607,841382,Liquid elevators,15918.0
202607,841391,"Parts of pumps for liquids, n.e.s.",77344183.0
202607,841392,"Parts of liquid elevators, n.e.s.",26961.0
202607,841410,Vacuum pumps,78651402.0
202607,841420,Hand or footoperated air pumps,222438.0
202607,841430,Compressors of a kind used in refrigerating equipment,66325413.0
202607,841440,Air compressors mounted on a wheeled chassis for towing,9349.0
202607,841451,"Table, floor, wall, window, ceiling or roof fans, with a selfcontained electric motor of an output not exceeding 125 W",3805156.0
202607,841459,"Fans (excluding table, floor, wall, window, ceiling or roof fans, with a self-contained electric motor of an output ≤ 125 W)",114735706.0
202607,841460,Hoods having a maximum horizontal side not exceeding 120 cm,2462694.0
202607,841480,"Air pumps, air or other gas compressors and ventilating or recycling hoods incorporating a fan, whether or not fitted with filters, having a maximum horizontal side ＞ 120 cm (excluding vacuum pumps, hand- or foot-operated air pumps, compressors for refrigerating equipment and air compressors mounted on a wheeled chassis for towing)",155676147.0
202607,841490,"Parts of: air or vacuum pumps, air or other gas compressors, fans and ventilating or recycling hoods incorporating a fan, n.e.s.",87936322.0
202607,841510,"Air conditioning machines of a kind designed to be fixed to a window, wall, ceiling or floor, selfcontained or .splitsystem.",876573.0
202607,841520,"Air conditioning machines of a kind used for persons, in motor vehicles",2935499.0
202607,841581,Air conditioning machines incorporating a refrigerating unit and a valve for reversal of the cooling/heat cycle (reversible heat pumps),621779.0
202607,841582,"Other, air conditioning machines incorporating a refrigerating unit",3155190.0
202607,841583,"Air conditioning machines,not incorporating a refrigerating unit",1731075.0
202607,841590,"Parts of air conditioning machines, comprising a motor-driven fan and elements for changing the temperature and humidity, n.e.s.",25342759.0
202607,841610,Furnace burners for liquid fuel,2291219.0
202607,841620,"Other furnace burners, including combination burners",6064801.0
202607,841690,"Parts of furnace burners such as mechanical stokers, incl. their mechanical grates, mechanical ash dischargers and similar appliances, n.e.s.",1051944.0
202607,841710,"Furnaces and ovens for the roasting, melting or other heattreatment of ores, pyrites or of metals",2876607.0
202607,841720,"Bakery ovens, including biscuit ovens",74373.0
202607,841780,"Industrial or laboratory furnaces and ovens, non-electric, incl. incinerators (excluding those for the roasting, melting or other heat treatment of ores, pyrites or metals, bakery ovens, drying ovens and ovens for cracking operations)",8408005.0
202607,841790,"Parts of industrial or laboratory furnaces, non-electric, incl. incinerators, n.e.s.",1248760.0
202607,841810,"Combined refrigeratorfreezers, fitted with separate external doors or draws, or combinations thereof",2629299.0
202607,841821,"Household refrigerators, compression-type",4735117.0
202607,841829,"Household refrigerators, absorption-type",2993.0
202607,841830,"Freezers of the chest type, of a capacity ≤ 800L",57858.0
202607,841840,"Freezers of the upright type, of a capacity ≤ 900L",3357127.0
202607,841850,"Furniture (chests, cabinets, display counters, show-cases and the like) for storage and display, incorporating refrigerating or freezing equipment (excluding combined refrigerator-freezers with separate external doors, household refrigerators and freezers of the chest type of a capacity ≤ 800L or of the upright type of a capacity ≤ 900L)",868851.0
202607,841861,Heat pumps other than air conditioning machines of heading 84.15,143488.0
202607,841869,Refrigerating or freezing equipment (excluding refrigerating and freezing furniture),91658866.0
202607,841891,Furniture designed to receive refrigerating or freezing equipment,3176.0
202607,841899,"Parts of refrigerating or freezing equipment and heat pumps, n.e.s.",11468574.0
202607,841911,Instantaneous gas water heaters,2423212.0
202607,841912,Solar water heaters,43.0
202607,841920,"Medical, surgical or laboratory sterilisers",1311975.0
202607,841933,"Lyophilisation apparatus, freeze drying units and spray dryers",384614.0
202607,841934,Dryers for agricultural products,5432624.0
202607,841935,"Dryers for wood, paper pulp, paper or paperboard",105699.0
202607,841939,"Dryers (excluding dryers for agricultural products, for wood, paper pulp, paper or paperboard, for yarns, fabrics and other textile products, dryers for bottles or other containers, hairdryers, hand dryers and domestic appliances)",9207808.0
202607,841940,Distilling or rectifying plant,7086347.0
202607,841950,Heat exchange units,57864660.0
202607,841960,Machinery for liquefying air or other gases,304846.0
202607,841981,"Machinery, plant and equipment for making hot drinks or for cooking or heating food (excluding domestic appliances)",10560444.0
202607,841989,"Machinery, plant or laboratory equipment, whether or not electrically heated, for the treatment of materials by a process involving a change of temperature such as heating, cooking, roasting, sterilising, pasteurising, steaming, evaporating, vaporising, condensing or cooling, n.e.s. (excluding machinery used for domestic purposes and furnaces, ovens and other equipment of heading 8514)",81033221.0
202607,841990,"Parts of machinery, plant and laboratory equipment, whether or not electrically heated, for the treatment of materials by a process involving a change of temperature, and of non-electric instantaneous and storage water heaters, n.e.s.",24718505.0
202607,842010,Calendering or other rolling machines,4459565.0
202607,842091,Cylinders,9908928.0
202607,842099,"Parts for calendering or rolling machines, n.e.s. (other than for metals or glass and excluding cylinders)",6324375.0
202607,842111,Centrifugal cream separators,375501.0
202607,842112,Centrifugal clothes-dryers,128132.0
202607,842119,"Centrifuges, incl. centrifugal dryers (excluding isotope separators, cream separators and clothes dryers)",23406861.0
202607,842121,Machinery and apparatus for filtering or purifying water,24104105.0
202607,842122,Machinery and apparatus for filtering or purifying beverages (excludingwater),69287.0
202607,842123,Oil or petrol-filters for internal combustion engines,16712531.0
202607,842129,"Machinery and apparatus for filtering or purifying liquids (excluding such machinery and apparatus for water and other beverages, oil or petrol-filters for internal combustion engines and artificial kidneys)",95055867.0
202607,842131,Intake air filters for internal combustion engines,2838158.0
202607,842132,"Catalytic converters or particulate filters, whether or not combined, for purifying or filtering exhaust gases from internal combustion engines",36990044.0
202607,842139,Machinery and apparatus for filtering or purifying gases (excluding isotope separators and intake air filters for internal combustion engines),76000390.0
202607,842191,"Parts of centrifuges, incl. centrifugal dryers, n.e.s.",8594059.0
202607,842199,"Parts of machinery and apparatus for filtering or purifying liquids or gases, n.e.s.",116535988.0
202607,842211,Dishwashing machines of the household type,4170604.0
202607,842219,Dishwashing machines (excluding those of the household type),961686.0
202607,842220,Machinery for cleaning or drying bottles or other containers (excluding dishwashing machines),13162595.0
202607,842230,"Machinery for filling, closing, sealing or labelling bottles, cans, boxes, bags or other containers; machinery for capsuling bottles, jars, tubes and similar containers; machinery for aerating beverages",36722577.0
202607,842240,"Packing or wrapping machinery, incl. heat-shrink wrapping machinery (excluding machinery for filling, closing, sealing or labelling bottles, cans, boxes, bags or other containers and machinery for capsuling bottles, jars, tubes and similar containers)",30078441.0
202607,842290,"Parts of dishwashing machines, packing or wrapping machinery and other machinery and apparatus of heading 8422, n.e.s.",20558096.0
202607,842310,"Personal weighing machines, incl. baby scales; household scales",64499.0
202607,842320,Scales for continuous weighing of goods on conveyors,490450.0
202607,842330,"Constant weight scales and scales for discharging a pre-determined weight of material into a bag or container, incl. hopper scales (excluding scales for continuous weighing of goods on conveyors)",1783597.0
202607,842381,"Weighing machinery having a maximum weighing capacity ≤ 30 kg (excluding balances of a sensitivity of 5 cg or better, personal weighing machines, household scales, scales for continuous weighing of goods on conveyors, constant weight scales and scales for discharging a pre-determined weight of material into a bag or container, incl. hopper scales)",680253.0
202607,842382,"Weighing machinery of a maximum weighing capacity ＞ 30 kg but ≤ 5.000 kg (excluding personal weighing machines, scales for continuous weighing of goods on conveyors, constant weight scales and scales for discharging a pre-determined weight of material into a bag or container, incl. hopper scales)",1142036.0
202607,842389,Weighing machinery of a maximum weighing capacity ＞ 5.000 kg,345385.0
202607,842390,"Weighing machine weights of all kinds; parts of weighing machinery, n.e.s.",3162088.0
202607,842410,"Fire extinguishers, whether or not charged",9315349.0
202607,842420,Spray guns and similar appliances,6026116.0
202607,842430,Steam or sand blasting machines and similar jet projecting machines,2428907.0
202607,842441,"Agricultural or horticultural sprayers, portable",2716.0
202607,842449,Agricultural or horticultural sprayers (excl. portable),241008.0
202607,842482,"Agricultural or horticultural mechanical appliances, whether or not hand-operated, for projecting or dispersing liquids or powders (excl. sprayers)",14460690.0
202607,842489,"Mechanical appliances, whether or not hand-operated, for projecting, dispersing or spraying liquids or powders, n.e.s.",47100688.0
202607,842490,"Parts of fire extinguishers, spray guns and similar appliances, steam or sand blasting machines and similar jet projecting machines and machinery and apparatus for projecting, dispersing or spraying liquids or powders, n.e.s.",28115978.0
202607,842511,"Pulley tackle and hoists, powered by electric motor (other than skip hoists or hoists of a kind used for raising vehicles)",3266792.0
202607,842519,"Pulley tackle and hoists (other than skip hoists or hoists of a kind used for raising vehicles), non-powered by electric motor",1184420.0
202607,842531,Winches and capstans powered by electric motor,7019331.0
202607,842539,"Winches and capstans, non-powered by electric motor",5922566.0
202607,842542,"Jacks and hoists, hydraulic (excluding built-in jacking systems used in garages)",2209894.0
202607,842549,"Jacks and hoists of a kind used for raising vehicles, not hydraulic",640620.0
202607,842611,Overhead travelling cranes on fixed support,54646.0
202607,842612,Mobile lifting frames on tyres and straddle carriers,409.0
202607,842619,"Overhead travelling cranes, transporter cranes, gantry cranes, bridge cranes and mobile lifting frames (excluding overhead travelling cranes on fixed support, mobile lifting frames on tyres, straddle carriers and portal or pedestal jib cranes)",109651.0
202607,842630,Portal or pedestal jib cranes,12831724.0
202607,842699,"Ships' derricks; cranes, incl. cable cranes (excluding overhead travelling cranes, transporter cranes, gantry cranes, portal or pedestal jib cranes, bridge cranes, mobile lifting frames and straddle carriers, tower cranes, works trucks fitted with a crane, mobile cranes and cranes designed for mounting on road vehicles)",1714744.0
202607,842710,Selfpropelled trucks powered by an electric motor,6343293.0
202607,842720,Other selfpropelled trucks,3794393.0
202607,842790,"Works trucks fitted with lifting or handling equipment, not self-propelled",948011.0
202607,842810,Lifts and skip hoists,5627384.0
202607,842820,Pneumatic elevators and conveyors,905384.0
202607,842832,"Continuous-action elevators and conveyors, for goods or materials, bucket type",1705092.0
202607,842833,"Continuous-action elevators and conveyors, for goods or materials, belt type",8038237.0
202607,842839,"Continuous-action elevators and conveyors, for goods or materials (excluding those for underground use and bucket, belt or pneumatic types)",29343753.0
202607,842860,"Teleferics, chairlifts, skidraglines; traction mechanisms for funiculars",3303.0
202607,842870,"Industrial robots, for lifting, handling, loading or unloading",3860931.0
202607,842890,"Machinery for lifting, handling, loading or unloading, nes",51784515.0
202607,842911,"Bulldozers and angledozers,track laying",315652.0
202607,842920,Graders and levellers,859565.0
202607,842940,Tamping machines and road rollers,81700.0
202607,842951,Frontend shovel loaders,2877734.0
202607,842952,Machinery with a 360? revolving superstructure,21038388.0
202607,843010,Piledrivers and pileextractors,426404.0
202607,843020,Snowploughs and snowblowers,822799.0
202607,843039,"Other, coal or rock cutters and tunnelling machinery, not self-propelled",2519580.0
202607,843041,"Other, self-propelled boring or sinking machinery for boring earth or extracting minerals or ores",29100.0
202607,843049,"Other, boring or sinking machinery for boring earth or extracting minerals or ores, not self-propelled and not hydraulic",291452.0
202607,843050,"Other machinery, selfpropelled",821188.0
202607,843061,"Tamping or compacting machinery, not self-propelled (excluding hand-operated tools)",5640.0
202607,843069,"Earth moving machinery, not self-propelled, n.e.s.",2072.0
202607,843110,Part of machinery of heading 84.25,2191852.0
202607,843120,Part of machinery of heading 84.27,8835141.0
202607,843131,"Part off lifts, skip hoists or escalators, of heading 84.28",5153381.0
202607,843139,"Parts of machinery of heading 8428, n.e.s.",29604866.0
202607,843141,"Buckets, shovels, grabs and grips",1497939.0
202607,843142,Bulldozer or angledozer blades,77481.0
202607,843143,Parts for boring or sinking machinery of subheading 8430.41 or,6004559.0
202607,843149,"Parts of machinery of heading 8426, 8429 and 8430, n.e.s.",75569753.0
202607,843210,Ploughs,167285.0
202607,843221,Disc harrows,125075.0
202607,843229,"Harrows, scarifiers, cultivators, weeders and hoes for use in agriculture, horticulture or forestry (excluding disc harrows)",444606.0
202607,843231,"Notill direct seeders, planters and transplanters",476409.0
202607,843239,"No-till direct seeders, planters and transplanters",107857.0
202607,843241,"Seeders, planters and transplanters (excl. no-till machines)",39426.0
202607,843242,Fertiliser distributors,155021.0
202607,843280,"Agricultural, horticultural or forestry machinery for soil preparation or cultivation; lawn or sports-ground rollers (excluding sprayers and dusters, ploughs, harrows, scarifiers, cultivators, weeders, hoes, seeders, planters, manure spreaders and fertiliser distributors)",163116.0
202607,843290,"Parts of agricultural, horticultural or forestry machinery for soil preparation or cultivation or of lawn or sports-ground rollers, n.e.s.",494738.0
202607,843311,"Powered, with the cutting device rotating in a horizontal plane",1192821.0
202607,843319,"Mowers for lawns, parks or sports grounds, powered, with the cutting device rotating in a vertical plane or with cutter bars",54045.0
202607,843320,"Other mowers, including cutter bars for tractor mounting",12131.0
202607,843330,Other haymaking machinery,89320.0
202607,843340,"Straw or fodder balers, including pickup balers",888650.0
202607,843351,Combine harvester-threshers,4646681.0
202607,843352,Threshing machinery (excluding combine harvester-threshers),243478.0
202607,843353,Root or tuber harvesting machines,3402639.0
202607,843359,"Harvesting machinery for agricultural produce (excluding mowers, haymaking machinery, straw and fodder balers, incl. pick-up balers, combine harvester-threshers, other threshing machinery and root or tuber harvesting machines)",7061214.0
202607,843360,"Machines for cleaning, sorting or grading eggs, fruit or other agricultural produce",4557880.0
202607,843390,"Parts of harvesting machinery, threshing machinery, mowers and machines for cleaning, sorting or grading agricultural produce, n.e.s.",4927942.0
202607,843410,Milking machines,800.0
202607,843420,Dairy machinery,134783.0
202607,843490,"Parts of milking machines and dairy machinery, n.e.s.",583085.0
202607,843510,"Presses, crushers and similar machinery used in the manufacture of wine, cider, fruit juices or similar beverages (excluding machinery for the treatment of these beverages, incl. centrifuges, filter presses, other filtering equipment and domestic appliances)",316303.0
202607,843590,"Parts of presses, crushers and similar machinery used in the manufacture of wine, cider, fruit juices or similar beverages, n.e.s.",9502.0
202607,843610,Machinery for preparing animal feeding stuffs,64568.0
202607,843621,Poultry incubators and brooders,593.0
202607,843629,"Poultry-keeping machinery (excluding machines for sorting or grading eggs, poultry pickers of heading 8438 and incubators and brooders)",99856.0
202607,843680,"Agricultural, horticultural, forestry or bee-keeping machinery, n.e.s.",1074920.0
202607,843691,"Parts of poultry-keeping machinery or poultry incubators and brooders, n.e.s.",375160.0
202607,843699,"Parts of agricultural, horticultural, forestry or bee-keeping machinery of heading 84.36, n.e.s.",272713.0
202607,843710,"Machines for cleaning, sorting or grading seed, grain or dried leguminous vegetables",326656.0
202607,843780,"Machinery used in the milling industry or for the working of cereals or dried leguminous vegetables (excluding farm-type machinery, heat treatment equipment, centrifugal dryers, air filters and machines for cleaning, sorting or grading seed, grain or dried leguminous vegetables)",35967.0
202607,843790,"Parts of machinery used in the milling industry or for the working of cereals or dried leguminous vegetables or machines for cleaning, sorting or grading seed, grain or dried leguminous vegetables, n.e.s.",465052.0
202607,843810,"Bakery machinery and machinery for the manufacture of macaroni, spaghetti or similar products",2173606.0
202607,843820,"Machinery for the manufacture of confectionery, cocoa or chocolate",1016775.0
202607,843850,Machinery for the preparation of meat or poultry,2829791.0
202607,843860,"Machinery for the preparation of fruits, nuts or vegetables",1399119.0
202607,843880,"Machinery for the industrial preparation or manufacture of food or drink, nes",7301140.0
202607,843890,"Parts of machinery for the industrial preparation or manufacture of food or drink, nes",2806629.0
202607,843910,Machinery for making pulp of fibrous cellulosic material,7560141.0
202607,843930,Machinery for finishing paper or paperboard,353081.0
202607,843991,"Parts of machinery for making pulp of fibrous cellulosic material, n.e.s.",2507496.0
202607,843999,"Parts of machinery for making or finishing paper or paperboard, n.e.s.",10411258.0
202607,844010,"Bookbinding machinery, incl. book-sewing machines (excluding machinery of heading 8441, general-purpose presses, printing machinery of heading 8443 and machines of uses ancillary to printing)",1620000.0
202607,844090,"Parts of bookbinding machinery, n.e.s.",129784.0
202607,844110,Cutting machines,4097483.0
202607,844120,"Machines for making bags, sacks or envelopes",26500.0
202607,844130,"Machines for making cartons, boxes, cases, tubes, drums or similar containers, other than by moulding",1667156.0
202607,844140,"Machines for moulding articles in paper pulp, paper or paperboard",116013.0
202607,844180,"Machinery for making up paper pulp, paper or paperboard, n.e.s.",1920287.0
202607,844190,"Parts of machinery for making up paper pulp, paper or paperboard, n.e.s.",3056708.0
202607,844230,"Machinery, apparatus and equipment",2074080.0
202607,844240,"Parts of the foregoing machinery, apparatus or equipment",214583.0
202607,844250,"Plates, cylinders and other printing components; plates, cylinders and lithographic stones, prepared for printing purposes (for example, planed, grained or polished)",1764377.0
202607,844311,"Offset printing machinery, reelfed",681559.0
202607,844313,Other offset printing machinery,56363790.0
202607,844319,"Printing machinery used for printing by means of plates, cylinders and other printing components of heading 8442 (excluding hectograph or stencil duplicating machines, addressing machines and other office printing machines of heading 8469 to 8472, ink jet printing machines and offset, flexographic, letterpress and gravure printing machinery)",371627.0
202607,844331,"Machines which perform two or more of the functions of printing, copying or facsimile transmission, capable of connecting to an automatic data processing machine or to a network",63966416.0
202607,844332,"Other, capable of connecting to an automatic data processing machine or to a network",40806544.0
202607,844339,"Printers, copying machines and facsimile machines, whether or not combined (excluding those capable of connecting to an automatic data processing machine or to a network and printing machinery used for printing by means of plates, cylinders and other printing components of heading 8442)",242131.0
202607,844391,"Parts and accessories of printing machinery used for printing by means of plates, cylinders and other printing components of heading 84.42",7699900.0
202607,844399,"Parts and accessories of printers, copying machines and facsimile machines, n.e.s. (excluding of printing machinery used for printing by means of plates, cylinders and other printing components of heading 8443)",254750911.0
202607,844400,"Machines for extruding, drawing, texturing or cutting man-made textile materials",21009731.0
202607,844511,Carding machines,2132062.0
202607,844512,Combing machines,78303.0
202607,844513,Drawing or roving machines,73940.0
202607,844520,Textile spinning machines,69224539.0
202607,844530,Textile doubling or twisting machines,208175.0
202607,844540,Textile winding (including weftwinding) or reeling machines,12820565.0
202607,844590,"Machines for producing textile yarns and machines for preparing textile yarns for use on machines of heading 8446 or 8447 (excluding machines of heading 8444 and spinning, doubling or twisting machines)",6495201.0
202607,844610,Weaving machines for weaving fabrics of a width ≤ 30 cm,413514.0
202607,844621,"Power looms for weaving fabrics of a width ＞ 30 cm, shuttle type",1305232.0
202607,844630,"Weaving machines for weaving fabrics of a width ＞ 30 cm, shuttleless type",15752273.0
202607,844711,"Circular knitting machines, with cylinder diameter ≤ 165 mm",249133.0
202607,844712,"Circular knitting machines, with cylinder diameter ＞ 165 mm",1344710.0
202607,844720,Flat knitting machines; stitch-bonding machines,5822722.0
202607,844790,"Machines for making gimped yarn, tulle, lace, embroidery, trimmings, braid or net and machines for tufting (excluding chain or blanket stitch machines)",1305977.0
202607,844811,"Dobbies and Jacquards; card reducing, copying, punching or assembling machines for use therewith",213628.0
202607,844819,"Auxiliary machinery for machines of heading 8444, 8445, 8446 or 8447 (excluding doobies and jacquards, card reducing, copying, punching or assembling machines for use therewith)",1029433.0
202607,844820,Parts and accessories of machines of heading 84.44 or of their auxiliary machinery,5238199.0
202607,844831,Card clothing,2385199.0
202607,844832,"Parts and accessories of machines for preparing textile fibres, n.e.s. (other than card clothing)",3197279.0
202607,844833,"Spindles, spindle flyers, spinning rings and ring travellers",3481175.0
202607,844839,"Parts and accessories of machines of heading 8445, n.e.s.",14995308.0
202607,844842,"Reeds for looms, healds and healdframes",2571299.0
202607,844849,"Parts and accessories of weaving machines (looms)and their auxiliary machinery, n.e.s.",7487059.0
202607,844851,"Sinkers, needles and other articles used in forming stitches",11655993.0
202607,844859,"Parts and accessories of machines of heading 8447, n.e.s.",5111716.0
202607,844900,"Machinery for the manufacture or finishing of felt or 84.49 nonwovens in the piece or in shapes, including machinery for making felt hats; blocks for making hats.",2641914.0
202607,845011,"Fully-automatic household or laundry-type washing machines, of a dry linen capacity ≤ 6 kg",2987698.0
202607,845012,"Household or laundry-type washing machines, with built-in centrifugal drier (excluding fully-automatic machines)",9719.0
202607,845019,"Household or laundry-type washing machines, of a dry linen capacity ≤ 6 kg (excluding fully-automatic machines and washing machines with built-in centrifugal drier)",6478.0
202607,845020,"Laundry-type washing machines, each of a dry linen capacity exceeding 10 kg",2206633.0
202607,845090,"Parts of household or laundry-type washing machines, n.e.s.",2151371.0
202607,845110,Drycleaning machines,33330.0
202607,845121,"Drying machines, of a dry linen capacity ≤ 10 kg (excluding centrifugal driers)",1819454.0
202607,845129,"Drying machines for textile yarns, fabrics or made-up textile articles (excluding machines of a dry linen capacity ≤ 10 kg and centrifugal driers)",2557530.0
202607,845130,Ironing machines and presses (including fusing presses),424568.0
202607,845140,"Washing, bleaching or dyeing machines",4388121.0
202607,845150,"Machines for reeling, unreeling, folding, cutting or pinking textile fabrics",1532532.0
202607,845180,"Machinery for dressing, finishing, coating or impregnating textile yarns, fabrics or other made-up textile articles and machines used in the manufacture of linoleum or other floor coverings for applying the paste to the base fabric or other support (excluding machinery for dressing or finishing felt, calenders and general purpose presses)",5025372.0
202607,845190,"Parts of machines for washing, cleaning, wringing, drying, ironing, pressing, bleaching, dyeing, dressing, finishing, coating or impregnating textile yarns, fabrics or made-up textile articles; parts of machines used in the manufacture of linoleum or other floor coverings for applying the paste to the base fabric or other support; parts of machines for reeling, unreeling, folding, cutting or pinking textile fabrics, n.e.s.",2301318.0
202607,845210,Sewing machines of the household type,2704440.0
202607,845221,"Automatic sewing machines, industrial type",2836879.0
202607,845229,"Sewing machines, industrial type (excluding automatic units)",1342876.0
202607,845230,Sewing machine needles,2097244.0
202607,845290,"Furniture, bases and covers for sewing machines and parts thereof; other parts of sewing machines",3835703.0
202607,845310,"Machinery for preparing, tanning or working hides, skins or leather",1953198.0
202607,845320,Machinery for making or repairing footwear,269845.0
202607,845380,"Machinery for making or repairing articles of hides, skins or leather (excluding footwear and sewing machines)",13205.0
202607,845390,"Parts of machinery for preparing, tanning or working hides, skins or leather or for making or repairing footwear or other articles of hides, skins or leather, n.e.s.",409958.0
202607,845420,Ingot moulds and ladles,952969.0
202607,845430,Casting machines,3477683.0
202607,845490,"Parts of converters, ladles, ingot moulds and casting machines of a kind used in metallurgy or in metal foundries, n.e.s.",1474937.0
202607,845510,Tube mills,64318.0
202607,845522,Cold-rolling mills for metal (excluding tube mills),6135.0
202607,845530,Rolls for rolling mills,2668620.0
202607,845590,"Parts of metal-rolling mills, n.e.s.",601617.0
202607,845611,"Machine tools for working any material by removal of material, operated by laser (excl. soldering and welding machines, also those which can be used for cutting, material testing machines and machines for the manufacture of semiconductor devices or of electronic integrated circuits)",89464928.0
202607,845620,"Machine tools for working any material by removal of material, operated by ultrasonic processes",3997857.0
202607,845630,"Machine tools for working any material by removal of material, operated by electro-discharge processes",17911875.0
202607,845640,"Machine tools for working any material by removal of material, operated by plasma arc processes",542017.0
202607,845650,Water-jet cutting machines,511753.0
202607,845690,"Machine tools for working any material by removal of material, operated by electro-chemical processes or electron beam, ion beam or plasma arc processes; water-jet cutting machines (excluding for soldering and welding machines, materials testing machines and machines for the manufacture of semiconductor devices or of electronic integrated circuits)",4619910.0
202607,845710,Machining centres,125058449.0
202607,845730,Multistation transfer machines,5508205.0
202607,845811,"Horizontal lathes, incl. turning centres, for removing metal, numerically controlled",28087761.0
202607,845819,"Horizontal lathes, incl. turning centres, for removing metal, not numerically controlled",1996536.0
202607,845891,"Lathes, incl. turning centres, for removing metal, numerically controlled (excluding horizontal lathes)",8160131.0
202607,845899,"Lathes, incl. turning centres, for removing metal, not numerically controlled (excluding horizontal lathes)",36821.0
202607,845910,"Way-type unit head machines for drilling, boring, milling, threading or tapping metal",78858.0
202607,845921,"Drilling machines for working metal, numerically controlled (excluding way-type unit head machines)",2806175.0
202607,845929,"Drilling machines for working metal, not numerically controlled (excluding way-type unit head machines and hand-operated machines)",15642.0
202607,845931,"Boring-milling machines for metals, numerically controlled (excluding way-type unit head machines)",1696464.0
202607,845941,"Boring machines for metals, numerically controlled (excl. way-type unit head machines and boring-milling machines)",72216.0
202607,845959,"Milling machines for metals, knee-type, not numerically controlled",111673.0
202607,845961,"Milling machines for metals, numerically controlled (excluding way-type unit head machines, boring-milling machines, knee-type milling machines and gear cutting machines)",3836417.0
202607,845969,"Milling machines for metals, not numerically controlled (excluding way-type unit head machines, boring-milling machines, knee-type milling machines and gear cutting machines)",183641.0
202607,845970,Threading or tapping machines for metals (excluding way-type unit head machines),66335.0
202607,846012,"Flat-surface grinding machines for finishing metal, numerically controlled",9917134.0
202607,846019,"Flat-surface grinding machines, for working metal, in which the positioning in any one axis can be set up to an accuracy of at least 0,01 mm, not numerically controlled",1679029.0
202607,846022,"Centreless grinding machines for finishing metal, numerically controlled (other than gear finishing machines)",1363560.0
202607,846023,"Cylindrical grinding machines for finishing metal, numerically controlled (excl. gear finishing machines and centreless machines)",20835565.0
202607,846024,"Grinding machines for finishing metal, numerically controlled (excl. flat-surface, cylindrical and gear grinding machines)",13013660.0
202607,846029,"Grinding machines, for working metals, metal carbides or cermets, in which the positioning in any one axis can be set up to an accuracy of at least 0,01 mm, not numerically controlled (excluding flat-surface grinding machines and gear cutting, gear grinding and gear finishing machines)",2432502.0
202607,846031,"Sharpening tool or cutter grinding"" machines, numerically controlled""",15906353.0
202607,846039,"Sharpening tool or cutter grinding"" machines, not numerically controlled""",117563.0
202607,846040,"Honing or lapping machines, for working metals, metal carbides or cermets (excluding gear cutting, gear grinding or gear finishing machines)",5091469.0
202607,846090,"Machines for deburring, grinding or polishing metals, metal carbides or cermets (excluding grinding machines in which the positioning in any one axis can be set up to an accuracy of at least 0,01 mm, gear cutting, gear grinding or gear finishing machines and machines for working in the hand)",1955435.0
202607,846130,Broaching machines,356978.0
202607,846140,"Gear cutting, gear grinding or gear finishing machines",54234108.0
202607,846150,Sawing or cuttingoff machines,1665816.0
202607,846190,"Planing machines and other machine tools for working metals, metal carbides or cermets by removing material, n.e.s.",389837.0
202607,846211,Closed die forging machines,2000000.0
202607,846219,"Other hot forming machines for forging, die forging (including presses) and hot hammers",2000.0
202607,846222,Profile forming machines,1124100.0
202607,846223,Numerically controlled press brakes,1561385.0
202607,846224,Numerically controlled panel benders,483841.0
202607,846226,"Other numerically controlled bending, folding, straightening or flattening machines",2339364.0
202607,846229,"Other bending, folding, straightening or flattening machines (including press brakes) for flat products, not numerically controlled",947102.0
202607,846232,Slitting lines and cut-to-length lines,31190.0
202607,846233,Numerically controlled shearing machines,153395.0
202607,846239,"Other slitting lines, cut-to-length and other shearing machines (excluding presses) for flat products, other than combined punching and shearing machines",36399.0
202607,846242,"Numerically controlled punching, notching or nibbling machines (excluding presses) for flat products including combined punching and shearing machines",2551997.0
202607,846249,"Punching, notching or nibbling machines (excluding presses) for flat products including combined punching and shearing machines, not numerically controlled",280620.0
202607,846251,"Numerically controlled machines for working tube, pipe, hollow section and bar (excluding presses)",1993749.0
202607,846259,"Machines for working tube, pipe, hollow section and bar (excluding presses), not numerically controlled",96866.0
202607,846261,Hydraulic presses,689287.0
202607,846262,Mechanical presses,15252790.0
202607,846263,Servo-presses,1353258.0
202607,846269,Other cold metal working presses,203803.0
202607,846290,Other presses for working metal or metal carbides,316615.0
202607,846310,"Drawbenches for bars, tubes, profiles, wire or the like",1224.0
202607,846320,Thread rolling machines,443775.0
202607,846330,Machines for working wire,518819.0
202607,846390,"Machine tools for working metal, sintered metal carbides or cermets, without removing metal (excluding forging, bending, folding, straightening and flattening presses, shearing machines, punching or notching machines, presses, draw-benches, thread rolling machines, machines for working metal wire and machines for working in the hand)",7909829.0
202607,846410,"Sawing machines for working stone, ceramics, concrete, asbestos-cement or like mineral materials or for cold-working glass",40422.0
202607,846420,"Grinding or polishing machines, for working stone, ceramics, concrete, asbestos-cement or like mineral materials or for cold-working glass",11823010.0
202607,846490,"Machine tools for working stones, concrete, asbestos cement or similar mineral substances or for cold-working glass (excluding sawing machines, grinding machines, polishing machines, hand-operated machines and machines for scribing or scoring semiconductor wafers)",4720608.0
202607,846510,Machines which can carry out different types of machining operations without tool change between such operations,980182.0
202607,846520,"Machining centres for working wood, cork, bone, hard rubber, hard plastics or similar hard materials, which can carry out different types of machining operations by automatic tool change from a magazine or the like in conformity with a machining programme",592993.0
202607,846591,"Sawing machines for working wood, cork, bone, hard rubber, hard plastics or similar hard materials (excluding machines for working in the hand)",509830.0
202607,846592,"Planing, milling or moulding -by cutting- machines, for working wood, cork, bone, hard rubber, hard plastics or similar hard materials (excluding machines for working in the hand and machines of subheading 8465.10)",2100741.0
202607,846593,"Grinding, sanding or polishing machines for working wood, cork, bone, hard rubber, hard plastics or similar hard materials (excluding machines for working in the hand)",110623.0
202607,846594,"Bending or assembling machines for working wood, cork, bone, hard rubber, hard plastics or similar hard materials (excluding machines for working in the hand)",77111.0
202607,846595,"Drilling or mortising machines for working wood, cork, bone, hard rubber, hard plastics or similar hard materials (excluding machines for working in the hand and machines of subheading 8465.10)",316354.0
202607,846596,"Splitting, slicing or paring machines, for working wood",492707.0
202607,846599,"Machine tools for working wood, cork, bone, hard rubber, hard plastics or similar hard materials (excluding machines for working in the hand, machines of subheading 8465.10, sawing machines, planing, milling or moulding by cutting"" machines, grinding, sanding or polishing machines, bending or assembling machines, drilling or mortising machines and splitting, slicing or paring machines)""",2255620.0
202607,846610,"Tool holders, incl. tool holders for any type of tool for working in the hand, and self-opening dieheads, for machine tools",20920011.0
202607,846620,Work holders for machine tools,17823174.0
202607,846630,"Dividing heads and other special attachments for machine tools, n.e.s.",11986008.0
202607,846691,"Parts and accessories for machine tools for working stone, ceramics, concrete, asbestos-cement or like mineral materials or for cold-working glass, n.e.s.",1646932.0
202607,846692,"Parts and accessories for machine tools for working wood, cork, bone, hard rubber, hard plastics or similar hard materials, nes",1555622.0
202607,846693,"Parts and accessories for machine tools for working metal by removing material, n.e.s.",74172515.0
202607,846694,"Parts and accessories for machine tools for working metal without removing material, nes",26417324.0
202607,846711,Rotary type (including combined rotary-percussion),2364358.0
202607,846719,"Pneumatic tools for working in the hand, non-rotary type",2290909.0
202607,846721,"Drills of all kinds for working in the hand, with self-contained electric motor",756453.0
202607,846722,"Saws for working in the hand, with self-contained electric motor",1337289.0
202607,846729,"Electromechanical tools for working in the hand, with self-contained electric motor (excluding saws and drills)",14905413.0
202607,846781,"Chain saws, with self-contained electric motor",917797.0
202607,846789,"Tools for working in the hand, hydraulic or with self-contained non-electric motor (excluding chainsaws and pneumatic tools)",2041877.0
202607,846791,"Parts of chainsaws, for working in the hand, with self-contained electric or non-electric motor, n.e.s.",2127988.0
202607,846792,"Parts of pneumatic tools for working in the hand, n.e.s.",789340.0
202607,846799,"Parts of pneumatic tools for working in the hand, hydraulic or with self-contained electric or non-electric motor, n.e.s.",10416175.0
202607,846810,Handheld blow pipes,25143.0
202607,846820,Other gasoperated machinery and apparatus,75887.0
202607,846880,"Machinery and apparatus for welding, not gas-operated (excluding electric machines and apparatus of heading 8515)",1226014.0
202607,846890,"Parts of machinery and apparatus for soldering, brazing, welding or surface tempering, non-electric, n.e.s.",823691.0
202607,847010,"Electronic calculators capable of operation without an external source of electric power and pocketsize data recording, reproducing and displaying machines with calculating functions",5307801.0
202607,847021,"Electronic calculating machines incorporating a printing device, with mains connection",213.0
202607,847029,"Electronic calculating machines not incorporating a printing device, with mains connection",33.0
202607,847050,Cash registers,524368.0
202607,847090,"Accounting machines, postage-franking machines, ticket-issuing machines and similar machines, incorporating a calculating device (excluding calculating machin, cash registers and automatic vending machines)",903520.0
202607,847130,"Portable automatic data processing machines, weighing not more than 10 kg, consisting of at least a central processing unit, a keyboard and a display",117926779.0
202607,847141,"Comprising in the same housing at least a central processing unit and an input and output unit, whether or not combined",15242397.0
202607,847149,"Other, presented in the form of systems",34236992.0
202607,847150,"Processing units other than those of subheading 8471.41 or 8471.49, whether or not containing in the same housing one or two of the following types of unit : storage units, input units, output units",1577245379.0
202607,847160,"Input or output units, whether or not containing storage units in the same housing",40824036.0
202607,847170,Storage units,5312403153.0
202607,847180,Other units of automatic data processing machines,3348065279.0
202607,847190,"Magnetic or optical readers, machines for transcribing data onto data media in coded form and machines for processing such data, n.e.s.",31690822.0
202607,847230,"Machines for sorting or folding mail or for inserting mail in envelopes or bands, machines for opening, closing or sealing mail and machines for affixing or cancelling postage stamps",11330.0
202607,847290,"Office machines, n.e.s.",1275774.0
202607,847321,"Parts and accessories of electronic calculating machines of subheading 8470.10, 8470.21 or 8470.29, n.e.s.",32796.0
202607,847329,"Parts and accessories of non-electronic calculators for accounting machines, cash registers or other machines, incorporating a calculating device, of heading 8470, n.e.s.",12223041.0
202607,847330,Parts and accessories of the machines of heading 84.71,10072101228.0
202607,847340,Parts and accessories of the machines of heading 84.72,2960335.0
202607,847350,Parts and accessories equally suitable for use with the machines of two or more of the headings 84.70 to 84.72,2748414.0
202607,847410,"Sorting, screening, separating or washing machines",532296.0
202607,847420,Crushing or grinding machines,3267088.0
202607,847431,Concrete or mortar mixers,490997.0
202607,847439,"Machinery for mixing or kneading solid mineral substances, incl. those in powder or paste form",815412.0
202607,847480,"Machinery for agglomerating, shaping or moulding solid mineral fuels, ceramic paste, unhardened cements, plastering materials and other mineral products in powder or paste form; machines for forming foundry moulds of sand",5056776.0
202607,847490,"Parts of machinery for working mineral substances of heading 8474, nes",8975898.0
202607,847510,"Machines for assembling electric or electronic lamps, tubes or valves or flashbulbs, in glass envelopes",410150.0
202607,847521,Machines for making optical fibres and preforms thereof,885988.0
202607,847529,Machines for manufacturing or hot working glass or glassware (excluding machines for making optical fibres and preforms thereof and furnaces and heating apparatus for manufacturing toughened glass),12627017.0
202607,847590,"Parts of machines for assembling electric or electronic lamps, tubes or valves or flashbulbs, in glass envelopes and of machines for manufacturing or hot working glass or glassware, nes",5017151.0
202607,847689,"Automatic goods-vending machines, without heating or refrigerating devices; money changing machines (excluding automatic beverage-vending machines)",80709.0
202607,847690,"Parts of automatic goods-vending machines, incl. money changing machines, n.e.s.",296820.0
202607,847710,Injectionmoulding machines,59549229.0
202607,847720,Extruders,65330500.0
202607,847730,Blow moulding machines,16043930.0
202607,847740,Vacuum moulding machines and other thermoforming machines,12837220.0
202607,847751,For moulding or retreading pneumatic tyres or for moulding or otherwise forming inner tubes,38711.0
202607,847759,"Machinery for moulding or otherwise forming products from rubber or plastics (excluding injection-moulding machines, extruders, blow-moulding machines, vacuum-moulding and other thermoforming machines; machinery for moulding or retreading pneumatic tyres or for moulding or otherwise forming inner tubes)",3210274.0
202607,847780,"Machinery for working rubber or plastics or for the manufacture of products from these materials, not specified or included elsewhere in this chapter",45323707.0
202607,847790,"Parts of machinery for working rubber or plastics or for the manufacture of products from these materials, nes",33248883.0
202607,847810,"Machinery for preparing or making up tobacco (excluding dryers and other heating equipment, centrifuges and filter presses)",11232492.0
202607,847890,"Parts of machinery for preparing or making up tobacco, n.e.s.",2272921.0
202607,847910,"Machinery for public works, building or the like",1555890.0
202607,847920,machinery for the extraction or preparation of animal or fixed vegetable fats or microbial fats or oils.,31055.0
202607,847930,Presses for the manufacture of particle board or fibre building board of wood or other ligneous materials and other machinery for treating wood or cork,1300.0
202607,847940,Rope or cablemaking machines,122517.0
202607,847950,"Industrial robots, not elsewhere specified or included",93105205.0
202607,847960,Evaporative air coolers,371903.0
202607,847981,"Machinery for treating metal, incl. electric wire coil-winders, n.e.s. (excluding industrial robots, furnaces, dryers, spray guns and the like, high-pressure cleaning equipment and other jet cleaners, rolling millls or machines, machine tools and rope or cable-making machines)",31249878.0
202607,847982,"Mixing, kneading, crushing, grinding, screening, sifting, homogenising, emulsifying or stirring machines",54594979.0
202607,847983,Cold isostatic presses,760699.0
202607,847989,"Machines and mechanical appliances, n.e.s.",648846238.0
202607,847990,"Parts of machines and mechanical appliances, n.e.s.",90928608.0
202607,848010,Moulding boxes for metal foundry,57102.0
202607,848020,Mould bases,1666.0
202607,848030,Moulding patterns,256378.0
202607,848041,Injection or compression types,1550877.0
202607,848049,"Moulds for metal or metal carbides (excluding moulds of graphite or other carbons, ceramic or glass moulds, linotype moulds or matrices, injection or compression-type moulds and ingot moulds)",337026.0
202607,848050,Moulds for glass,718799.0
202607,848060,Moulds for mineral materials,948311.0
202607,848071,Injection or compression types,38813086.0
202607,848079,Moulds for rubber or plastics (other than injection or compression types),5948507.0
202607,848110,Pressurereducing valves,34692933.0
202607,848120,Valves for oleohydraulic or pneumatic transmissions,160276819.0
202607,848130,Check (nonreturn) valves,47404747.0
202607,848140,Safety or relief valves,30335189.0
202607,848180,"Appliances for pipes, boiler shells, tanks, vats or the like (excluding pressure-reducing valves, valves for the control of pneumatic power transmission, check non-return"" valves and safety or relief valves)""",487489346.0
202607,848190,"Parts of valves and similar articles for pipes, boiler shells, tanks, vats or the like, n.e.s.",111455961.0
202607,848210,Ball bearings,158687581.0
202607,848220,"Tapered roller bearings, including cone and tapered roller assemblies",19443124.0
202607,848230,Spherical roller bearings,8395389.0
202607,848240,"Needle roller bearings, including cage and needle roller assemblies",8775705.0
202607,848250,"Other cylindrical roller bearings, including cage and needle roller assemblies",51321813.0
202607,848280,"Other, including combined ball/roller bearings",8131910.0
202607,848291,"Balls, needles and rollers",6888389.0
202607,848299,"Parts of ball or roller bearings (excluding balls, needles and rollers), n.e.s.",59636202.0
202607,848310,Transmission shafts (including cam shafts and crank shafts) and cranks,114387414.0
202607,848320,"Bearing housings, incorporating ball or roller bearings",4541688.0
202607,848330,"Bearing housings, not incorporating ball or roller bearings; plain shaft bearings",56815280.0
202607,848340,"Gears and gearing, other than toothed wheels, chain sprockets and other transmission elements presented separately; ball or roller screws; gear boxes and other speed changers, including torque converters",141687029.0
202607,848350,"Flywheels and pulleys, including pulley blocks",10567142.0
202607,848360,Clutches and shaft couplings (including universal joints),21176781.0
202607,848390,"Toothed wheels, chain sprockets and other transmission elements presented separately; parts, couplings and other articles of heading 8483, n.e.s.",125736791.0
202607,848410,Gaskets and similar joints of metal sheeting combined with other material or of two or more layers of metal,42644061.0
202607,848420,Mechanical seals,29488583.0
202607,848490,"Sets or assortments of gaskets and similar joints, dissimilar in composition, put up in pouches, envelopes or similar packings",12413864.0
202607,848520,Machines for additive manufacturing by plastic or rubber deposit,1537810.0
202607,848530,"Machines for additive manufacturing by plaster, cement, ceramics or glass deposit",185190.0
202607,848580,Other machines for additive manufacturing,784646.0
202607,848590,Parts for machines for additive manufacturing,6697696.0
202607,848610,Machines and apparatus for the manufacture of boules or wafers,115924335.0
202607,848620,Machines and apparatus for the manufacture of semiconductor devices or of electronic integrated circuits,3444050537.0
202607,848630,Machines and apparatus for the manufacture of flat panel displays,105159476.0
202607,848640,Machines and apparatus specified in Note 11 (C) to this Chapter,309977797.0
202607,848690,Parts and accessories for machines and apparatus of heading 8486.,555837336.0
202607,848710,Ships' or boats' propellers and blades therefor,56478325.0
202607,848790,"Parts of machinery of chapter 84, not intended for a specific purpose, n.e.s.",39628313.0
202607,850110,Motors of an output not exceeding 37.5 W,100447560.0
202607,850120,Universal AC/DC motors of an output exceeding 37.5 W,369675.0
202607,850131,DC motors of an output not exceeding 750 W,60662865.0
202607,850132,DC motors and DC generators of an output exceeding 750 W but not exceeding 75 kW,6818089.0
202607,850133,DC motors and DC generators of an output exceeding 75 kW but not exceeding 375 kW,324345.0
202607,850134,DC motors and DC generators of an output exceeding 375 kW,1690.0
202607,850140,"Other AC motors, singlephase",5206168.0
202607,850151,"AC motors, multi-phase, of an output not exceeding 750 W",24647365.0
202607,850152,"AC motors, multi-phase, of an output exceeding 750 W but not exceeding 75 kW",78335448.0
202607,850153,"AC motors, multi-phase, of an output exceeding 75 kW",48783330.0
202607,850161,"AC generators (alternators), of an output not exceeding 75 kVA",630816.0
202607,850162,"AC generators (alternators), of an output exceeding 75 kVA but not exceeding 375 kVA",6466474.0
202607,850163,"AC generators (alternators), of an output exceeding 375 kVA but not exceeding 750 kVA",556512.0
202607,850164,"AC generators (alternators), of an output exceeding 750 kVA",10871442.0
202607,850211,Generating sets with compression-ignition internal combustion piston engine (diesel or semi-diesel engine) of an output not exceeding 75 kVA,1291555.0
202607,850212,Generating sets with compression-ignition internal combustion piston engine (diesel or semi-diesel engine) of an output exceeding 75 kVA but not exceeding 375 kVA,955282.0
202607,850213,Generating sets with compression-ignition internal combustion piston engine (diesel or semi-diesel engine) of an output exceeding 375 kVA,89977516.0
202607,850220,Generating sets with sparkignition internal combustion piston engines,7185802.0
202607,850231,"Generating sets, wind-powered",124682.0
202607,850239,Generating sets (excluding wind-powered and powered by spark-ignition internal combustion piston engine),25300192.0
202607,850300,Parts suitable for use solely or principally with the machines of heading 85.01 or 85.02.,80270034.0
202607,850410,Ballasts for discharge lamps or tubes,707705.0
202607,850421,"Liquid dielectric transformers, having a power handling capacity not exceeding 650 kVA",1342979.0
202607,850422,"Liquid dielectric transformers, having a power handling capacity exceeding 650 kVA but not exceeding 10MVA",8910.0
202607,850423,"Liquid dielectric transformers, having a power handling capacity exceeding 10MVA",291973.0
202607,850431,Transformers having a power handling capacity not exceeding 1kVA,38224700.0
202607,850432,Transformers having a power handling capacity exceeding 1kVA but not exceeding 16kVA,3304721.0
202607,850433,Transformers having a power handling capacity exceeding 16kVA but not exceeding 500kVA,1966623.0
202607,850434,Transformers having a power handling capacity exceeding 500kVA,3516409.0
202607,850440,Static converters,652121068.0
202607,850450,Other inductors,243202722.0
202607,850490,"Parts of electrical transformers and inductors, n.e.s.",79429456.0
202607,850511,"Permanent magnets of metal and articles intended to become permanent magnets after magnetization (excluding chucks, clamps and similar holding devices)",11550855.0
202607,850519,"Permanent magnets and articles intended to become permanent magnets after magnetization, of materials other than metal",6769043.0
202607,850520,"Electromagnetic couplings, clutches and brakes",8148796.0
202607,850590,"Electromagnets and electromagnetic lifting heads, and their parts (excluding magnets for medical use); electromagnetic or permanent magnet chucks, clamps and similar holding devices and their parts, n.e.s.",25964398.0
202607,850610,Manganese dioxide cells and batteries,4978977.0
202607,850640,Silver oxide cells and batteries,2459155.0
202607,850650,Lithium cells and batteries,12419561.0
202607,850660,Air-zinc cells and batteries,1412224.0
202607,850680,"Primary cells and primary batteries, electric",13818.0
202607,850690,"Parts of primary cells and primary batteries, n.e.s.",687078.0
202607,850710,"Leadacid, of a kind used for starting piston engines",2224437.0
202607,850720,Other leadacid accumulators,4849400.0
202607,850730,Nickelcadmium,3784598.0
202607,850750,Nickelmetal hydride,6463013.0
202607,850760,Lithiumion,248676523.0
202607,850780,Other accumulators,238903.0
202607,850790,"Plates, separators and other parts of electric accumulators, n.e.s.",31035845.0
202607,850811,"Vacuum cleaners, with self-contained electric motor, power not exceeding 1,500 W and having a dust bag or other receptacle capacity not exceeding 20 l",8878009.0
202607,850819,"Other vacuum cleaners, with self-contained electric motor",378156.0
202607,850860,"Vacuum cleaners, incl. dry cleaners and wet vacuum cleaners (without self-contained electric motor)",61408.0
202607,850870,"Parts of vacuum cleaners, dry cleaners and wet vacuum cleaners, n.e.s.",2691300.0
202607,850940,Food grinders and mixers; fruit or vegetable juice extractors,1129464.0
202607,850980,"Electro-mechanical tools, for working in the hand, with self-contained electric motor (excluding saws and drills)",2135846.0
202607,850990,"Parts of electro-mechanical tools, for working in the hand, with self-contained electric motor, n.e.s.",7257065.0
202607,851010,"Shavers, electric",7133925.0
202607,851020,Hair clippers with self-contained electric motor,139665.0
202607,851030,Hair-removing appliances with self-contained electric motor,28199.0
202607,851090,"Parts of electric shavers, hair clippers and hair-removing appliances, with self-contained electric motor, n.e.s.",8063656.0
202607,851110,Sparking plugs,31109366.0
202607,851120,Ignition magnetos; magnetodynamos; magnetic flywheels,419358.0
202607,851130,Distributors; ignition coils,6011055.0
202607,851140,Starter motors and dual purpose startergenerators,15134558.0
202607,851150,Other generators,12791933.0
202607,851180,"Electrical ignition or starting equipment, incl. cut-outs, of a kind used for spark-ignition or compression-ignition internal combustion engines (excluding generators, starter motors, distributors, ignition coils, ignition magnetos, magnetic flywheels and sparking plugs)",1529263.0
202607,851190,"Parts of electrical ignition or starting equipment, generators, etc. of heading 8511, n.e.s.",15926569.0
202607,851210,Lighting or visual signalling equipment of a kind used on bicycles,157903.0
202607,851220,Other lighting or visual signalling equipment for cycles or motor vehicles,82249195.0
202607,851230,Sound signalling equipment for cycles or motor vehicles,2525436.0
202607,851240,"Windscreen wipers, defrosters and demisters, for cycles or motor vehicles",4096168.0
202607,851290,"Parts of electrical lighting or signalling equipment, windscreen wipers, defrosters and demisters of a kind used for cycles and motor vehicles, n.e.s.",16936258.0
202607,851310,Portable electrical lamps designed to function by their own source of energy,606584.0
202607,851390,"Parts of portable electrical lamps designed to function by their own source of energy, n.e.s.",420027.0
202607,851411,Hot isostatic presses,79579.0
202607,851419,"Industrial/lab electric resistance heated furnaces & ovens, nes",73191482.0
202607,851420,Furnaces and ovens functioning by induction or dielectric loss,2883333.0
202607,851431,Electron beam furnaces,30779207.0
202607,851432,Plasma and vacuum arc furnaces,57490.0
202607,851439,Other furnaces and ovens,2811560.0
202607,851440,Equipment for the heat treatment of materials by induction or dielectric loss (excluding ovens and furnaces),2286039.0
202607,851490,"Parts of electric industrial or laboratory furnaces and ovens, incl. of those functioning by induction or dielectric loss, and of industrial or laboratory equipment for the heat treatment of materials by induction or dielectric loss, n.e.s. (other than for the manufacture of semiconductor devices on semiconductor wafers)",4788200.0
202607,851511,"Soldering irons and guns, electric",405221.0
202607,851519,Brazing or soldering machines (excluding soldering irons and guns),1759475.0
202607,851521,Fully or partly automatic machines for resistance welding of metals,497689.0
202607,851529,"Machines for resistance welding of metals, neither fully nor partly automatic",170323.0
202607,851531,"Fully or partly automatic machines for arc welding of metals, incl. plasma arc welding",3464931.0
202607,851539,"Machines for arc welding of metals, incl. plasma arc welding, neither fully nor partly automatic,nes",394947.0
202607,851580,"Electric machines and apparatus for laser or other light or photon beam, ultrasonic, electron beam, magnetic pulse or plasma arc welding; electric machines and apparatus for hot spraying of metals, metal carbides or cermets (excluding metal spray guns specified elsewhere)",22688663.0
202607,851590,"Parts of machines and apparatus for soldering or welding or for hot spraying of metals, metal carbides or cermets, n.e.s. (excluding wire bonders of a kind used for the manufacture of semiconductor devices)",15625514.0
202607,851610,Electric instantaneous or storage water heaters and immersion heaters,2628741.0
202607,851621,"Electric storage heating radiators, for space-heating",469.0
202607,851629,Electric space-heating and soil-heating apparatus (excluding storage heating radiators),9441622.0
202607,851631,Electric hairdryers,8161843.0
202607,851632,Electro-thermic hairdressing apparatus (excluding hairdryers),6986419.0
202607,851633,Electric hand-drying apparatus,9900.0
202607,851640,Electric smoothing irons,690719.0
202607,851650,Microwave ovens,185202.0
202607,851660,"Electric ovens, cookers, cooking plates and boiling rings, electric grillers and roasters, for domestic use (excluding space-heating stoves and microwave ovens)",15085585.0
202607,851671,"Electro-thermic coffee or tea makers, for domestic use",7705123.0
202607,851672,"Electric toasters, for domestic use",17378.0
202607,851679,"Electro-thermic appliances, for domestic use (excluding hairdressing appliances and hand dryers, space-heating and soil-heating apparatus, water heaters, immersion heaters, smoothing irons, microwave ovens, ovens, cookers, cooking plates, boiling rings, grillers, roasters, coffee makers, tea makers and toasters)",1444109.0
202607,851680,Electric heating resistors (excluding those of agglomerated coal and graphite),42613836.0
202607,851690,"Parts of electric water heaters, immersion heaters, space-heating apparatus and soil-heating apparatus, hairdressing apparatus and hand dryers, electro-thermic appliances of a kind used for domestic purposes and electric heating resistors, n.e.s.",15336727.0
202607,851711,Line telephone sets with cordless handsets,841585.0
202607,851713,Smartphones,64978055.0
202607,851714,Other telephones for cellular networks or for other wireless networks,4606888.0
202607,851718,Telephone sets (excluding line telephone sets with cordless handsets and telephones for cellular networks or for other wireless networks),1686072.0
202607,851761,Base stations,557730.0
202607,851762,"Machines for the reception, conversion and transmission or regeneration of voice, images or other data, including switching and routing apparatus",1956894913.0
202607,851769,"Apparatus for the transmission or reception of voice, images or other data, incl. apparatus for communication in a wired or wireless network [such as a local or wide area network] (excluding telephone sets, telephones for cellular networks or for other wireless networks, base stations, apparatus for the reception, conversion and transmission or regeneration of voice, images or other data, and transmission or reception apparatus of heading 8443, 8525, 8527 or 8528)",13855635.0
202607,851771,Aerials and aerial reflectors of all kinds; parts suitable for use therewith,30640549.0
202607,851779,Parts of heading 85.17,1755289841.0
202607,851810,Microphones and stands therefor,26760985.0
202607,851821,"Single loudspeakers, mounted in their enclosures",6340025.0
202607,851822,"Multiple loudspeakers, mounted in the same enclosure",22809632.0
202607,851829,"Loudspeakers, without enclosure",26674759.0
202607,851830,"Headphones and earphones, whether or not combined with a microphone, and sets consisting of a microphone and one or more loudspeakers",17627278.0
202607,851840,Audiofrequency electric amplifiers,27286602.0
202607,851850,Electric sound amplifier sets,764230.0
202607,851890,"Parts of microphones, loudspeakers, headphones and earphones, earphones, audio-frequency electric amplifiers or electric sound amplifier sets, n.e.s.",26249467.0
202607,851930,Turntables (record-decks),552390.0
202607,851981,"Sound recording or sound reproducing apparatus, using magnetic, optical or semiconductor media (excluding those operated by coins, banknotes, bank cards, tokens or by other means of payment, turntables and telephone answering machines)",5515712.0
202607,851989,"Sound recording or sound reproducing apparatus (excluding using magnetic, optical or semiconductor media, those operated by coins, banknotes, bank cards, tokens or by other means of payment, turntables and telephone answering machines)",491408.0
202607,852190,"Video recording or reproducing apparatus, whether or not incorporating a video tuner (excluding magnetic tape-type and video camera recorders)",1767725.0
202607,852210,Pick-up cartridges,210463.0
202607,852290,Parts and accessories suitable for use solely or principally with sound reproducing and recording apparatus and with video equipment for recording and reproducing pictures and sound (excluding pick-up devices for grooved recording media),7292169.0
202607,852321,Cards incorporating a magnetic stripe for the recording of sound or of other phenomena,38450.0
202607,852329,Magnetic media for the recording of sound or of other phenomena (excluding cards incorporating a magnetic stripe and goods of chapter 37),65196509.0
202607,852341,"Optical media for the recording of sound or of other phenomena, unrecorded (excluding goods of chapter 37)",1652372.0
202607,852349,Optical media for the recording of sound or of other phenomena (excluding unrecorded and goods of chapter 37),149134741.0
202607,852351,"Solid-state, non-volatile data storage devices for recording data from an external source [flash memory cards or flash electronic storage cards] (excluding goods of chapter 37)",224356082.0
202607,852352,"Cards incorporating one or more electronic integrated circuits smart cards""""",34185661.0
202607,852359,"Semiconductor media, unrecorded, for the recording of sound or of other phenomena (excluding solid-state non-volatile data storage devices, smart cards and goods of chapter 37)",2255050.0
202607,852380,"Media for the recording of sound or of other phenomena, whether or not recorded, incl. matrices and masters for the production of discs (excluding magnetic, optical and semiconductor media, and products of chapter 37)",229038.0
202607,852411,"Flat panel display modules of liquid crystals without drivers or control circuits, whether or not incorporating touch-sensitive screens",546563716.0
202607,852412,"Flat panel display modules of organic light-emitting diodes (OLED) without drivers or control circuits, whether or not incorporating touch-sensitive screens",179613803.0
202607,852419,"Other flat panel display modules without drivers or control circuits, whether or not incorporating touch-sensitive screens",68369917.0
202607,852491,Other flat panel display modules,239772467.0
202607,852492,"Other flat panel display modules of organic light-emitting diodes (OLED), whether or not incorporating touch-sensitive screens",1776854457.0
202607,852499,Other flat panel display modules,46079147.0
202607,852550,"Transmission apparatus for radio-broadcasting or television, not incorporating reception apparatus",236401.0
202607,852560,"Transmission apparatus for radio-broadcasting or television, incorporating reception apparatus",1759675.0
202607,852581,High-speed goods as specified in Subheading Note 1 to this Chapter,2058268.0
202607,852582,"Other, radiation-hardened or radiation-tolerant goods as specified in Subheading Note 2 to this Chapter",105448.0
202607,852583,"Other, night vision goods as specified in Subheading Note 3 to this Chapter",110716.0
202607,852589,"Other television cameras, digital cameras and video camera recorders",178393833.0
202607,852610,Radar apparatus,64747183.0
202607,852691,Radio navigational aid apparatus,117943135.0
202607,852692,Radio remote control apparatus,13857448.0
202607,852713,"Other radio-broadcast receivers capable of operating without an external source of power, combined with sound recording or reproducing apparatus (excluding pocket-size radiocassette players)",2867.0
202607,852719,"Radio-broadcast receivers capable of operating without an external source of power, not combined with sound-reproducing apparatus",8353.0
202607,852721,"Radio-broadcast receivers not capable of operating without an external source of power, of a kind used in motor vehicles, combined with sound recording or reproducing apparatus",5599212.0
202607,852729,"Radio-broadcast receivers not capable of operating without an external source of power, of a kind used in motor vehicles, not combined with sound recording or reproducing apparatus",3819420.0
202607,852791,"Radio-broadcast receivers, for mains operation only, combined with sound recording or reproducing apparatus (excluding those of a kind used in motor vehicles)",188235.0
202607,852792,"Radio-broadcast receivers, for mains operation only, not combined with sound recording or reproducing apparatus but combined with a clock (excluding those of a kind used in motor vehicles)",5955.0
202607,852799,"Radio-broadcast receivers, for mains operation only, not combined with sound recording or reproducing apparatus and not combined with a clock (excluding those of a kind used in motor vehicles)",2712701.0
202607,852852,"Monitors capable of directly connecting to and designed for use with an automatic data processing machine of heading 8471 (excl. CRT, with TV receiver)",15841370.0
202607,852859,"Monitors, not incorporating television reception apparatus (excluding with cathode ray tube and those of a kind solely or principally used in an automatic data-processing machine of heading 8471)",15007099.0
202607,852862,Projectors capable of directly connecting to and designed for use with an automatic data processing machine of heading 8471 (excl. with TV receiver),8531.0
202607,852869,"Projectors, not incorporating television reception apparatus (excluding of a kind solely or principally used in an automatic data-processing machine of heading 8471)",2035207.0
202607,852871,"Reception apparatus for television, whether or not incorporating radio-broadcast receivers or sound or video recording or reproducing apparatus, not designed to incorporate a video display or screen",61531.0
202607,852872,"Reception apparatus for television, colour, whether or not incorporating radio-broadcast receivers or sound or video recording or reproducing apparatus, designed to incorporate a video display or screen",1826538.0
202607,852910,"Aerials and aerial reflectors of all kinds; parts suitable for use therewith, of headings 85.25 to 85.28.",16827684.0
202607,852990,Parts for devices of heading 85.24-85.28,1141964770.0
202607,853080,"Electrical signalling, safety or traffic control equipment (excluding that for railways or tramways and mechanical or electromechanical equipment of heading 8608)",1065443.0
202607,853090,"Parts of electrical signalling, safety or traffic control equipment, of heading 85.30",1120599.0
202607,853110,Burglar or fire alarms and similar apparatus,15664183.0
202607,853120,Indicator panels incorporating liquid crystal devices (LCD) or lightemitting diodes (LED),10209883.0
202607,853180,"Electric sound or visual signalling apparatus (excluding indicator panels with liquid crystal devices or light emitting diodes, burglar or fire alarms and similar apparatus and apparatus for cycles, motor vehicles and traffic signalling)",13069334.0
202607,853190,"Parts of electric sound or visual signalling apparatus, n.e.s.",11965478.0
202607,853210,Fixed capacitors designed for use in 50/60 Hz circuits and having a reactive power handling capacity of not less than 0.5 kvar,5750177.0
202607,853221,Tantalum,95077829.0
202607,853222,Aluminium electrolytic,125612599.0
202607,853223,"Ceramic dielectric, single layer",10213495.0
202607,853224,"Ceramic dielectric, multilayer",766218627.0
202607,853225,Dielectric of paper or plastics,27254691.0
202607,853229,"Fixed electrical capacitors (excluding tantalum, aluminium electrolytic, ceramic, paper, plastic and power capacitors)",13402687.0
202607,853230,Variable or adjustable (pre-set) capacitors,7942876.0
202607,853290,"Parts of electrical (pre-set) capacitors, fixed, variable or adjustable, n.e.s.",16452816.0
202607,853310,"Fixed carbon resistors, composition or film types",2386708.0
202607,853321,Fixed electrical resistors for a power handling capacity not exceeding 20W,143176434.0
202607,853329,Fixed electrical resistors for a power handling capacity exceeding 20W (excluding heating resistors),7680357.0
202607,853331,Fixed electrical resistors for a power handling capacity not exceeding 20 W,1151620.0
202607,853339,"Wirewound variable electrical resistors, incl. rheostats and potentiometers, for a power handling capacity exceeding 20 W (excluding heating resistors)",178377.0
202607,853340,"Other variable resistors, including rheostats and potentiometers",81716616.0
202607,853390,"Parts of electrical resistors, incl. rheostats and potentiometers, n.e.s.",4741734.0
202607,853400,Printed circuits.,743356811.0
202607,853510,Fuses for a voltage ＞ 1000 V,738027.0
202607,853521,Automatic circuit breakers for a voltage ＞ 1000 V but ＜ 72.5 kV,2627822.0
202607,853529,Automatic circuit breakers for a voltage ≥ 72.5 kV,110707.0
202607,853530,"Isolating switches and make-and-break switches, for a voltage ＞ 1000 V",529547.0
202607,853540,"Lightning arresters, voltage limiters and surge suppressors, for a voltage ＞ 1000 V",1565955.0
202607,853590,"Electrical apparatus for switching or protecting electrical circuits, or for making connections to or in electrical circuits, for a voltage ＞ 1000 V (excluding fuses, automatic circuit breakers, isolating switches, make-and-break switches, lightning arresters, voltage limiters, surge suppressors and control desks, cabinets, panels etc. of heading 8537)",12014972.0
202607,853610,Fuses,49759148.0
202607,853620,Automatic circuit breakers,30479181.0
202607,853630,Other apparatus for protecting electrical circuits,24671805.0
202607,853641,For a voltage not exceeding 60 V,60162753.0
202607,853649,"Other elect relays, 60V＜voltage≤1000V",29875226.0
202607,853650,Other switches,164664943.0
202607,853661,Lampholders,453463.0
202607,853669,"Other electrical lamp-holders,voltage≤1000V",61614982.0
202607,853670,"Connectors for optical fibres, optical fibre bundles or cables",76948523.0
202607,853690,Other apparatus,846633217.0
202607,853710,"Boards, cabinets and similar combinations of apparatus for electric control or the distribution of electricity, for a voltage ≤ 1000 V",463483954.0
202607,853720,"Boards, cabinets and similar combinations of apparatus for electric control or the distribution of electricity, for a voltage ＞ 1000 V",41450937.0
202607,853810,"Boards, panels, consoles, desks, cabinets and other bases for the goods of heading 85.37, not equipped with their apparatus",2470237.0
202607,853890,"Other parts suitable for use solely or principally with the apparatus of heading 8535, 8536 or 8537",394036134.0
202607,853910,Sealed beam lamp units,145683.0
202607,853921,Tungsten halogen filament lamps (excluding sealed beam lamp units),3942324.0
202607,853922,Filament lamps of a power ≤ 200 W and for a voltage ＞ 100 V (excluding tungsten halogen filament lamps and ultraviolet or infra-red lamps),12552.0
202607,853929,"Electrical apparatus for switching electrical circuits, or for making connections to or in electrical circuits, for a voltage ≤ 1.000 V (excluding fuses, automatic circuit breakers and other apparatus for protecting electrical circuits, relays and other switches, lamp holders, plugs and sockets)",1438495.0
202607,853931,"Discharge lamps, fluorescent, hot cathode",168999.0
202607,853932,Mercury or sodium vapour lamps; metal halide lamps,7815275.0
202607,853939,"Discharge lamps (excluding flourescent, hot cathode lamps, mercury or sodium vapour lamps, metal halide lamps and ultraviolet lamps)",5526333.0
202607,853941,Arc lamps,2939756.0
202607,853949,Ultraviolet or infra-red lamps,14418819.0
202607,853951,Light-emitting diode (LED) light sources,7805796.0
202607,853952,Light-emitting diode (LED) lamps,1835123.0
202607,853990,Parts of goods of head 85.39,1778037.0
202607,854020,Television camera tubes; image converters and intensifiers; other photo cathode tubes (excluding cathode ray television picture tubes incl. video monitor cathode ray tubes),25120.0
202607,854060,"Cathoderay tubes (excluding television and video-monitor cathoderay tubes, television camera tubes, image converters or intensifiers, other photo-cathode tubes, black and white or other monochrome data-graphic display tubes and colour data-graphic display tubes with a phosphor dot screen pitch of ＜ 0,4 mm)",22486.0
202607,854071,Magnetrons,6915599.0
202607,854079,"Microwave tubes, e.g. travelling wave tubes and carcinotrons (excluding magnetrons and grid-controlled tubes)",981626.0
202607,854081,"Receiver or amplifier valves and tubes (excluding microwave tubes, photo-cathode tubes and cathode ray tubes)",575012.0
202607,854089,"Electronic valves and tubes (excluding receiver or amplifier valves and tubes, microwave tubes, photo-cathode tubes, cathode ray tubes, black and white or other monochrome data-graphic display tubes and colour data-graphic display tubes with a phosphor dot screen pitch of ＜ 0,4 mm)",4174197.0
202607,854091,"Parts of cathode ray tubes, n.e.s.",846.0
202607,854099,"Parts of thermionic, cold cathode or photo cathode valves and tubes, n.e.s. (excluding parts of cathode ray tubes)",1042390.0
202607,854110,"Diodes, other than photosensitive or light-emitting diodes (LED) Heading",281708392.0
202607,854121,Transistors with a dissipation rate ＜ 1 W (excluding photosensitive transistors),111322163.0
202607,854129,Transistors with a dissipation rate ≥ 1 W (excluding photosensitive transistors),1024488300.0
202607,854130,"Thyristors, diacs and triacs, other than photosensitive devices",20250797.0
202607,854141,lightemitting diodes (LED),519065777.0
202607,854142,Photovoltaic cells not assembled in modules or made up into panels,50622485.0
202607,854143,Photovoltaic cells  assembled in modules or made up into panels,2889588.0
202607,854149,Other photosensitive semiconductor devices (excl.solar cells),223803849.0
202607,854151,Semiconductor-based transducers,24312183.0
202607,854159,Other semiconductor devices,136364372.0
202607,854160,Mounted piezoelectric crystals,201959540.0
202607,854190,"Parts of diodes, transistors and similar semiconductor devices; photosensitive semiconductor devices, light emitting diodes and mounted piezoelectric crystals, n.e.s.",256148746.0
202607,854231,"Processors and controllers, whether or not combined with memories, converters, logic circuits, amplifiers, clock and timing circuits, or other circuits",18352935183.0
202607,854232,Memories,34773307579.0
202607,854233,Amplifiers,1029362262.0
202607,854239,"Electronic integrated circuits (excluding such as processors, controllers, memories and amplifiers)",9676095909.0
202607,854290,"Parts of electronic integrated circuits, n.e.s.",89424620.0
202607,854310,Particle accelerators,183542.0
202607,854320,Signal generators,19366509.0
202607,854330,"Machines and apparatus for electroplating, electrolysis or electrophoresis",53629342.0
202607,854340,Electronic cigarettes and similar personal electric vaporising devices,620273.0
202607,854370,"Electrical machines and apparatus, having individual functions, n.e.s. in chapter 85",356258754.0
202607,854390,"Parts of electrical machines and apparatus, having individual functions, n.e.s. in chapter 85",83665160.0
202607,854411,"Winding wire for electrical purposes, of copper, insulated",30968205.0
202607,854419,"Winding wire for electrical purposes, of material other than copper, insulated",717444.0
202607,854420,Coaxial cable and other coaxial electric conductors,24994059.0
202607,854430,"Ignition wiring sets and other wiring sets of a kind used in vehicles, aircraft or ships",41321173.0
202607,854442,"Electric conductors for a voltage ≤ 1000 V, insulated, fitted with connectors, n.e.s.",341262718.0
202607,854449,"Electric conductors, for a voltage ≤ 1000 V, insulated, not fitted with connectors, n.e.s.",127395973.0
202607,854460,"Other electric conductors, for a voltage exceeding 1000 V",8758002.0
202607,854470,"Optical fibre cables made up of individually sheathed fibres, whether or not containing electric conductors or fitted with connectors",67088179.0
202607,854511,"Electrodes of graphite or other carbon, for electric furnaces",4431.0
202607,854519,"Electrodes of graphite or other carbon, for electrical purposes (excluding those used for furnaces)",3250525.0
202607,854520,Carbon brushes for electrical purposes,6889760.0
202607,854590,"Articles of graphite or other carbon, for electrical purposes (excluding electrodes and carbon brushes)",3497467.0
202607,854610,Electrical insulators of glass (excluding insulating fittings),38860.0
202607,854620,Electrical insulators of ceramics (excluding insulating fittings),4182751.0
202607,854690,Electrical insulators (excluding those of glass or ceramics and insulating fittings),11345028.0
202607,854710,Insulating fittings of ceramics,12486408.0
202607,854720,Insulating fittings of plastics,33169036.0
202607,854790,"Insulating fittings for electrical purposes, of materials other than ceramics or plastics; electrical conduit tubing and joints therefor, of base metal lined with insulating material",11080592.0
202607,854800,"Electrical parts of machinery or apparatus, not specified or included elsewhere in chapter 85",133570407.0
202607,860400,"Railway or tramway maintenance or service vehicles, whether or not selfpropelled (for example, workshops, cranes, ballast tampers, trackliners, testing coaches and track inspection vehicles).",11408.0
202607,860712,Bogies and driving bissel-bogies for railway or tramway locomotives or rolling stock (excluding driving bogies),10412.0
202607,860719,"Axles, for electrical purposes, and wheels and parts thereof for railway or tramway locomotives or rolling stock; parts of bogies and bissel-bogies, n.e.s.",28032960.0
202607,860721,"Air brakes and parts thereof for railway or tramway locomotives or rolling stock, n.e.s.",12248533.0
202607,860729,"Brakes (other than air brakes), and parts thereof, for railway or tramway locomotives or rolling stock, n.e.s.",534256.0
202607,860730,"Hooks and other coupling devices, buffers, and parts thereof, for railway or tramway locomotives or rolling stock, n.e.s.",3791239.0
202607,860791,"Parts of railway or tramway locomotives, nes",3012765.0
202607,860799,"Parts of rolling stock of heading 8603, 8604, 8605 or 8606, n.e.s.",5068229.0
202607,860800,"Railway or tramway track fixtures and fittings; mechanical 86.08 (including electromechanical) signalling, safety or traffic control equipment for railways, tramways, roads, inland parts of the foregoing.",413810.0
202607,860900,Containers (including containers for the transport of fluids) specially designed and equipped for carriage by one or more modes of transport.,7930462.0
202607,870121,With only compression-ignition internal combustion piston engine (diesel or semi-diesel),416029.0
202607,870192,"WTractors, of an engine power, exceeding 18kW but not exceeding 37kw(excl. those of heading 8709, pedestrian-controlled tractors, road tractors for semi-trailers and track-laying tractors)",725966.0
202607,870195,"Tractors, of an engine power, exceeding 130kW(excl. those of heading 8709, pedestrian-controlled tractors, road tractors for semi-trailers and track-laying tractors)",5923842.0
202607,870210,"Motor vehicles for the transport of ≥ 10 persons, incl. driver, with compression-ignition internal combustion piston engine diesel or semi-diesel engine""""",1873926.0
202607,870290,"Motor vehicles for the transport of ≥ 10 persons, incl. driver, not with compression-ignition internal combustion piston engine diesel or semi-diesel engine"", of a cylinder capacity of ＞ 2.500 cm3, new""",1013255.0
202607,870310,Vehicles specially designed for travelling on snow; golf cars and similar vehicles,2939309.0
202607,870322,"Motor cars and other motor vehicles principally designed for the transport of persons, incl. station wagons and racing cars, with spark-ignition internal combustion piston engine of a cylinder capacity ＞1000 ml but ≤1500ml (excluding vehicles for the transport of persons on snow and other specially designed vehicles of subheading 8703.10)",7351420.0
202607,870323,"Motor cars and other motor vehicles principally designed for the transport of persons, incl. station wagons and racing cars, with spark-ignition internal combustion piston engine of a cylinder capacity ＞1500ml but ≤3000ml (excluding vehicles for the transport of persons on snow and other specially designed vehicles of subheading 8703.10)",1383811928.0
202607,870324,"Motor cars and other motor vehicles principally designed for the transport of persons, incl. station wagons and racing cars, with spark-ignition internal combustion piston engine of a cylinder capacity ＞ 3.000 cm3 (excluding vehicles for the transport of persons on snow and other specially designed vehicles of subheading 8703.10)",140480318.0
202607,870332,"Motor cars and other motor vehicles principally designed for the transport of persons, incl. station wagons and racing cars, with compression-ignition internal combustion piston engine (diesel or semi-diesel engine)of a cylinder capacity ＞ 1500ml but ≤ 2500ml(excluding vehicles for the transport of persons on snow and other specially designed vehicles of subheading 8703.10)",386211.0
202607,870333,"Motor cars and other motor vehicles principally designed for the transport of persons, incl. station wagons and racing cars, with compression-ignition internal combustion piston engine (diesel or semi-diesel engine) of a cylinder capacity ＞ 2500ml (excluding vehicles for the transport of persons on snow and other specially designed vehicles of subheading 8703.10)",8636263.0
202607,870340,"Motor cars and other motor vehicles principally designed for the transport of ＜10 persons, incl. station wagons and racing cars, with both spark-ignition internal combustion piston engine and electric motor as motors for propulsion (excl. vehicles for travelling on snow, other specially designed vehicles of subheading 8703.10 and plug-in hybrids)",500380871.0
202607,870360,"Motor cars and other motor vehicles principally designed for the transport of ＜10 persons, incl. station wagons and racing cars, with both spark-ignition internal combustion piston engine and electric motor as motors for propulsion, capable of being charged by plugging to external source of electric power (excl. vehicles for travelling on snow and other specially designed vehicles of subheading 8703.10)",29431800.0
202607,870380,"Motor cars and other motor vehicles principally designed for the transport of ＜10 persons, incl. station wagons and racing cars, with only electric motor for propulsion (excl. vehicles for travelling on snow and other specially designed vehicles of subheading 8703.10)",8260434.0
202607,870410,Dumpers designed for offhighway use,9422352.0
202607,870421,"Motor vehicles for the transport of goods, with compression-ignition internal combustion piston engine (diesel or semi-diesel engine), g.v.w. not exceeding 5 tonnes Other, with only compression-ignition internal combustion piston engine (diesel or semi-diesel),g.v.w. not exceeding 5 tonnes.",410693.0
202607,870422,"Motor vehicles for the transport of goods, with compression-ignition internal combustion piston engine (diesel or semi-diesel engine), g.v.w. exceeding 5 tonnes but not exceeding 20 tonnes Other, with only compression-ignition internal combustion piston engine (diesel or semi-diesel),g.v.w. exceeding 5 tonnes but not exceeding 20 tonnes",2294737.0
202607,870423,"Motor vehicles for the transport of goods, with compression-ignition internal combustion piston engine (diesel or semi-diesel engine), g.v.w. exceeding 20 tonnes",10694257.0
202607,870431,"Motor vehicles for the transport of goods, with spark-ignition internal combustion piston engine, g.v.w. not exceeding 5 tonnes",6319228.0
202607,870432,"Motor vehicles for the transport of goods, with spark-ignition internal combustion piston engine, g.v.w. exceeding 5 tonnes",297298.0
202607,870590,"Special purpose motor vehicles (other than those principally designed for the transport of persons or goods and excluding concrete-mixer lorries, fire fighting vehicles, mobile drilling derricks and crane lorries)",1150788.0
202607,870600,"Chassis fitted with engines, for the motor vehicles of headings 87.01 to 87.05.",7078382.0
202607,870710,Bodies for motor cars and other motor vehicles principally designed for the transport of persons,1013698.0
202607,870790,"Bodies for tractors, motor vehicles for the transport of ten or more persons, motor vehicles for the transport of goods and special purpose motor vehicles of heading 8705",885007.0
202607,870810,Bumpers and parts thereof,24030203.0
202607,870821,Safety seat belts,4021079.0
202607,870822,"Front windscreens (windshields), rear windows and other windows specified in Subheading Note 1 to this Chapter",4006933.0
202607,870829,"Parts and accessories of bodies for tractors, motor vehicles for the transport of ten or more persons, motor cars and other motor vehicles principally designed for the transport of persons, motor vehicles for the transport of goods and special purpose motor vehicles (excluding bumpers and parts thereof and safety seat belts)",220178339.0
202607,870830,Brakes and servobrakes; parts thereof,75298866.0
202607,870840,Gear boxes and parts thereof,379715937.0
202607,870850,"Driveaxles with differential, whether or not provided with other transmission components, and nondriving axles; parts thereof",58861492.0
202607,870870,Road wheels and parts and accessories thereof,8670812.0
202607,870880,Suspension systems and parts thereof (including shockabsorbers),56591962.0
202607,870891,Radiators and parts thereof,6942597.0
202607,870892,Silencers (mufflers) and exhaust pipes; parts thereof,5941552.0
202607,870893,Clutches and parts thereof,33547468.0
202607,870894,"Steering wheels, steering columns and steering boxes; parts thereof",67052934.0
202607,870895,Safety airbags with inflater system; parts thereof,23098018.0
202607,870899,"Parts and accessories, for tractors, motor vehicles for the transport of ten or more persons, motor cars and other motor vehicles principally designed for the transport of persons, motor vehicles for the transport of goods and special purpose motor vehicles, n.e.s.",120679858.0
202607,870911,"Electrical vehicles not fitted with lifting or handling equipment, of the type used in factories, warehouses, dock areas or airports for short distance transport of goods; tractors of the type used on railway station platforms",917611.0
202607,870919,"Works trucks, self-propelled, not fitted with lifting or handling equipment, of the type used in factories, warehouses, dock areas or airports for short distance transport of goods; tractors of the type used on railway station platforms (excluding electrical trucks)",12194.0
202607,870990,"Parts of self-propelled works trucks, not fitted with lifting or handling equipment, of the type used in factories, warehouses, dock areas or airports for short distance transport of goods, incl. tractors for railways station platforms, n.e.s.",71820.0
202607,871120,"Motorcycles, incl. mopeds, and cycles fitted with an auxiliary motor, with internal combustion piston engine of a cylinder capacity exceeding 50 cc but not exceeding 250 cc",7406697.0
202607,871130,"Motorcycles, incl. mopeds, and cycles fitted with an auxiliary motor, with internal combustion piston engine of a cylinder capacity exceeding 250 cc but not exceeding 500 cc",6376542.0
202607,871140,"Motorcycles, incl. mopeds, and cycles fitted with an auxiliary motor, with internal combustion piston engine of a cylinder capacity exceeding 500 cc but not exceeding 800 cc",4635643.0
202607,871150,"Motorcycles, incl. mopeds, and cycles fitted with an auxiliary motor, with internal combustion piston engine of a cylinder capacity exceeding 800 cc",11158013.0
202607,871160,"Motorcycles, incl. mopeds, and cycles fitted with an auxiliary motor, with electric motor for propulsion",462844.0
202607,871190,"Motorcycles, incl. mopeds, and cycles fitted with an auxiliary motor and side cars for motorcycles (excluding with reciprocating internal combustion piston engine)",12283.0
202607,871200,"Bicycles and other cycles (including delivery tricycles), not motorised.",3159548.0
202607,871310,"Carriages for disabled persons, not mechanically propelled",100619.0
202607,871390,"Carriages for disabled persons, motorised or otherwise mechanically propelled (excluding specially designed motor vehicles and bicycles)",22709.0
202607,871410,"Parts and accessories of motorcycles, incl. mopeds, n.e.s.",24509362.0
202607,871420,"Parts and accessories for carriages for disabled persons, n.e.s.",1355632.0
202607,871491,"Frames and forks, and parts thereof, for cycles, n.e.s. (excluding for motorcycles)",12315179.0
202607,871492,"Wheel rims and spokes, for cycles (excluding for motorcycles)",1956820.0
202607,871493,Hubs and free-wheel sprocket-wheels for cycles (excluding for motorcycles and coaster braking hubs and hub brakes),5148677.0
202607,871494,"Brakes, incl. coaster braking hubs and hub brakes, and parts thereof, for cycles (excluding for motorcycles)",13937445.0
202607,871495,Saddles for cycles (excluding for motorcycles),173395.0
202607,871496,"Pedals and crank-gear, and parts thereof, for bicycles, n.e.s.",2635687.0
202607,871499,"Parts and accessories, for bicycles, n.e.s.",24709109.0
202607,871500,Baby carriages and parts thereof.,118248.0
202607,871610,"Trailers and semitrailers of the caravan type, for housing or camping",94349.0
202607,871639,"Trailers and semi-trailers for the transport of goods, not designed for running on rails (excluding self-loading or self-unloading trailers and semi-trailers for agricultural purposes and tanker trailers and tanker semi-trailers)",952089.0
202607,871640,"Trailers and semi-trailers, not designed for running on rails (excluding trailers and semi-trailers for the transport of goods and those of the caravan type for housing or camping)",483396.0
202607,871680,Vehicles pushed or drawn by hand and other vehicles not mechanically propelled (excluding trailers and semi-trailers),2260882.0
202607,871690,"Parts of trailers and semi-trailers and other vehicles not mechanically propelled, n.e.s.",4115670.0
202607,880100,"Balloons and dirigibles; gliders, hang gliders and other non powered aircraft.",982.0
202607,880240,"Aeroplanes and other aircraft, of an unladen weight exceeding 15,000 kg",777063465.0
202607,880400,Parachutes (including dirigible parachutes and paragliders) and rotochutes; parts thereof and accessories thereto.,119417.0
202607,880529,"Ground flying trainers and parts thereof, n.e.s. (excluding air combat simulators and parts thereof)",36903050.0
202607,880621,"Other unmanned aircraft, for remote-controlled flight only",34920.0
202607,880622,"Unmanned aircraft, with 250g＜maximum take-off weight≤7kg",359477.0
202607,880623,"Unmanned aircraft, with 7kg＜maximum take-off weight≤25kg",3217.0
202607,880710,Propellers and rotors and parts thereof,1969047.0
202607,880720,Under-carriages and parts thereof,67297940.0
202607,880730,"Other parts of airplanes, helicopters or unmanned aircraft",322306955.0
202607,880790,"Parts of airplanes, helicopters or unmanned aircraft,nes",1018673.0
202607,890190,Other vessels for the transport of goods and other vessels for the transport of both persons and goods,35700000.0
202607,890311,"Inflatable (including rigid hull inflatable) boats,fitted or designed to be fitted with a motor, unladen (net) weight(excluding the motor) not exceeding 100 kg",9383.0
202607,890312,"Inflatable (including rigid hull inflatable) boats,not designed for use with a motor and unladen (net) weight not exceeding 100 kg",13699.0
202607,890319,"Other inflatable (including rigid hull inflatable) boats,unladen (net) weight＞100 kg",88399.0
202607,890321,"Sailboats, other than inflatable, with or without auxiliary motor of a length not exceeding 7.5 m",94551.0
202607,890331,"Motorboats, other than inflatable, not including outboard motorboats of a length not exceeding 7.5 m",801385.0
202607,890332,"Motorboats, other than inflatable, not including outboard motorboats of a length exceeding 7.5 m but not exceeding 24 m",8159911.0
202607,890393,"Other vessels for pleasure or sports; rowing boats,of a length not exceeding 7.5 m",160275.0
202607,890399,"Other vessels for pleasure or sports; rowing boats,of a length  exceeding 7.5 m",195509.0
202607,890400,Tugs and pusher craft.,5993803.0
202607,890690,"Vessels, incl. lifeboats (excluding warships, rowing boats and other vessels of heading 8901 to 8905 and vessels for breaking up)",68433597.0
202607,890710,Inflatable rafts,1302533.0
202607,890790,"Rafts, tanks, coffer-dams, landing stages, buoys, beacons and other floating structures (excluding inflatable rafts, vessels of heading 8901 to 8906 and floating structures for breaking up)",2338263.0
202607,900110,"Optical fibres, optical fibre bundles and cables",59316371.0
202607,900120,Sheets and plates of polarising material,201155963.0
202607,900130,Contact lenses,45583619.0
202607,900140,Spectacle lenses of glass,7916849.0
202607,900150,Spectacle lenses of other materials,59777306.0
202607,900190,"Lenses, prisms, mirrors and other optical elements, of any material, unmounted (excluding such elements of glass not optically worked, contact lenses and spectacle lenses)",260130492.0
202607,900211,"Objective lenses for cameras, projectors or photographic enlargers or reducers",68847755.0
202607,900219,"Objective lenses (excluding for cameras, projectors or photographic enlargers or reducers)",88644000.0
202607,900220,"Filters, optical, being parts of or fittings for instruments, apparatus and appliances, framed or mounted",1923984.0
202607,900290,"Lenses, prisms, mirrors and other optical elements, mounted, of any material, being parts of or fittings for instruments or apparatus (excluding objective lenses for cameras, projectors or photographic enlargers or reducers, such elements of glass not optically worked, and filters)",124651086.0
202607,900311,Frames and mountings of plastics,11648573.0
202607,900319,Frames and mountings of other materials,10214978.0
202607,900390,Parts thereof,3806994.0
202607,900410,Sunglasses,42590526.0
202607,900490,"Spectacles, goggles and the like, corrective, protective or other (excluding spectacles for testing eyesight, sunglasses, contact lenses, spectacle lenses and frames and mountings for spectacles)",3642309.0
202607,900510,Binoculars,730290.0
202607,900580,"Monoculars, astronomical and other optical telescopes and other astronomical instruments (excluding binoculars, instruments for radio-astronomy and other instruments or apparatus specified elsewhere)",389868.0
202607,900590,Parts and accessories (including mountings),168630.0
202607,900630,"Cameras specially designed for underwater use, for aerial survey or for medical or surgical examination of internal organs; comparison cameras for forensic or criminological purposes",20657.0
202607,900640,Instant print cameras,7357885.0
202607,900653,Cameras For roll film of a width of 35 mm,589699.0
202607,900659,Other cameras,11766.0
202607,900661,Discharge lamp (.electronic.) flashlight apparatus,20099963.0
202607,900669,Photographic flashlights and flashlight apparatus (excluding with electronic discharge lamps),686816.0
202607,900691,"Parts and accessories for photographic cameras, n.e.s.",2399194.0
202607,900699,"Parts and accessories for photographic flashlights and flashlight apparatus, n.e.s.",585537.0
202607,900720,Cinematographic projectors,890296.0
202607,900791,"Parts and accessories for cinematographic cameras, n.e.s.",18792.0
202607,900792,"Parts and accessories for cinematographic projectors, n.e.s.",950337.0
202607,900850,"Projectors, enlargers and reducers",265717.0
202607,900890,"Parts and accessories, in heading of 90.08",16872.0
202607,901010,Apparatus and equipment for automatically developing photographic (including cinematographic) film or paper in rolls or for automatically exposing developed film to rolls of photographic paper,127624.0
202607,901050,Other apparatus and equipment for photographic (including cinematographic) laboratories; negatoscopes,18315536.0
202607,901060,Projection screens,582838.0
202607,901090,"Parts and accessories, in heading of 90.10",210446.0
202607,901110,Stereoscopic microscopes,3582543.0
202607,901120,"Other microscopes, for photomicrography, cinephotomicrography or microprojection",17539442.0
202607,901180,Other microscopes,10478916.0
202607,901190,"Parts and accessories for compound optical microscopes, n.e.s.",8114359.0
202607,901210,Microscopes other than optical microscopes; diffraction apparatus,235124047.0
202607,901290,"Parts and accessories for electron microscopes, proton microscopes and diffraction apparatus, n.e.s.",8674488.0
202607,901310,"Telescopic sights for fitting to arms; periscopes; telescopes designed to form parts of machines, appliances, instruments or apparatus of this Chapter or Section XVI",174057.0
202607,901320,"Lasers, other than laser diodes",184807429.0
202607,901380,"Other devices, appliances and instruments",12937666.0
202607,901390,"Parts and accessories, in heading of 90.13",35553540.0
202607,901410,Direction finding compasses,3935070.0
202607,901420,Instruments and appliances for aeronautical or space navigation (other than compasses),18718402.0
202607,901480,Other instruments and appliances,20726153.0
202607,901490,"Parts and accessories for compasses and other navigational instruments and appliances, n.e.s.",5418822.0
202607,901510,Rangefinders,99648501.0
202607,901520,Theodolites and tachymeters (tacheometers),359156.0
202607,901530,Levels,423684.0
202607,901540,Photogrammetrical surveying instruments and appliances,1778.0
202607,901580,Other instruments and appliances,28847066.0
202607,901590,"Parts and accessories, in heading of 90.15",20095478.0
202607,901600,"Balances of a sensitivity of 5 cg or better, with or without weights.",3996175.0
202607,901710,"Drafting tables and machines, whether or not automatic",6929.0
202607,901720,"Other drawing, markingout or mathematical calculating instruments",87009.0
202607,901730,"Micrometers, callipers and gauges",3347482.0
202607,901780,"Instruments for measuring length, for use in the hand, n.e.s.",1002168.0
202607,901790,"Parts and accessories, in heading of 90.17",1811599.0
202607,901811,Electrocardiographs,1471432.0
202607,901812,Ultrasonic scanning apparatus,46264603.0
202607,901813,Magnetic resonance imaging apparatus,22626446.0
202607,901814,Scintigraphic apparatus,5634919.0
202607,901819,Other electro-medical diagnostic apparatus,48429713.0
202607,901820,Ultraviolet or infrared ray apparatus,794358.0
202607,901831,"Syringes, with or without needles",27407994.0
202607,901832,Tubular metal needles and needles for sutures,52352243.0
202607,901839,"Needles, catheters, cannulae and the like, used in medical, surgical, dental or veterinary sciences (excluding syringes, tubular metal needles and needles for sutures)",166773102.0
202607,901841,"Dental drill engines, whether or not combined on a single base with other dental equipment",761473.0
202607,901849,"Instruments and appliances used in dental sciences, n.e.s.",14646292.0
202607,901850,Other ophthalmic instruments and appliances,79263319.0
202607,901890,Other instruments and appliances,467259339.0
202607,901910,Mechanotherapy appliances; massage apparatus; psychological aptitudetesting apparatus,3250185.0
202607,901920,"Ozone therapy, oxygen therapy, aerosol therapy, artificial respiration or other therapeutic respiration apparatus",25420193.0
202607,902000,"Other breathing appliances and gas masks, excluding protective masks having neither mechanical parts nor replaceable filters.",7493864.0
202607,902110,Orthopaedic or fracture appliances,27544135.0
202607,902121,Artificial teeth,660146.0
202607,902129,Dental fittings (excluding artificial teeth),60997949.0
202607,902131,Artificial joints,36370596.0
202607,902139,Artificial parts of the body (excluding artificial teeth and dental fittings and artificial joints),61066806.0
202607,902140,"Hearing aids, excluding parts and accessories",3569120.0
202607,902150,"Pacemakers for stimulating heart muscles, excluding parts and accessories",46145854.0
202607,902190,"Articles and appliances, which are worn or carried, or implanted in the body, to compensate for a defect or disability (excluding artificial parts of the body, complete hearing aids and complete pacemakers for stimulating heart muscles)",134613558.0
202607,902212,Computed tomography apparatus,39791052.0
202607,902213,Apparatus based on the use of X-rays for dental uses,14530.0
202607,902214,"Apparatus based on the use of X-rays, for medical, surgical or veterinary uses (excluding for dental purposes and computer tomography apparatus)",7025853.0
202607,902219,"Apparatus based on the use of X-rays (other than for medical, surgical, dental or veterinary uses)",75906751.0
202607,902221,"Apparatus based on the use of alpha, beta ,gamma or other ionising radiations, for medical, surgical, dental or veterinary uses",448364.0
202607,902229,"Apparatus based on the use of alpha, beta or gamma or other ionising radiations (other than for medical, surgical, dental or veterinary uses)",174056.0
202607,902230,X-ray tubes,74962799.0
202607,902290,"X-ray generators other than X-ray tubes, high tension generators, control panels and desks, screens, examination or treatment tables, chairs and the like, and general parts and accessories for apparatus of heading 9022, n.e.s.",87997633.0
202607,902300,"Instruments, apparatus and models, designed for 90.23 demonstrational purposes (for example, in education or exhibitions), unsuitable for other uses.",12501094.0
202607,902410,Machines and appliances for testing metals,4493540.0
202607,902480,Other machines and appliances,15908171.0
202607,902490,Parts and accessories,1803511.0
202607,902511,"Liquidfilled, for direct reading",266275.0
202607,902519,"Thermometers and pyrometers, not combined with other instruments (excluding liquid-filled thermometers for direct reading)",51708170.0
202607,902580,"Hydrometers, areometers and similar floating instruments, barometers, hygrometers and psychrometers, whether or not combined with each other or with thermometers",26744098.0
202607,902590,"Parts and accessories for hydrometers, areometers and similar floating instruments, thermometers, pyrometers, barometers, hygrometers and psychrometers, n.e.s.",19341361.0
202607,902610,Instruments and apparatus for measuring or checking the flow or level of liquids (excluding meters and regulators),70560241.0
202607,902620,Instruments and apparatus for measuring or checking pressure of liquids or gases (excluding regulators),161791677.0
202607,902680,"Instruments or apparatus for measuring or checking variables of liquids or gases, n.e.s.",30408163.0
202607,902690,"Parts and accessories for instruments and apparatus for measuring or checking the flow, level, pressure or other variables of liquids or gases, n.e.s.",57257758.0
202607,902710,Gas or smoke analysis apparatus,63612084.0
202607,902720,Chromatographs and electrophoresis instruments,84979093.0
202607,902730,"Spectrometers, spectrophotometers and spectrographs using optical radiations (UV, visible, IR)",62854221.0
202607,902750,"Other instruments and apparatus using optical radiations (UV, visible, IR)",136415305.0
202607,902781,Mass spectrometers,143838615.0
202607,902789,Other instruments and apparatus,108212240.0
202607,902790,Microtomes; parts and accessories,119202445.0
202607,902810,"Gas meters, incl. calibrating meters therefor",262654.0
202607,902820,"Liquid meters, incl. calibrating meters therefor",992748.0
202607,902830,"Electricity supply or production meters, incl. calibrating meters therefor",4085200.0
202607,902890,"Parts and accessories for gas, liquid or electricity supply or production meters, n.e.s.",3129171.0
202607,902910,"Revolution counters, production counters, taximeters, mileometers, pedometers and the like",1790769.0
202607,902920,Speed indicators and tachometers; stroboscopes,16377438.0
202607,902990,"Parts and accessories,in heading of 90.29",1541316.0
202607,903010,Instruments and apparatus for measuring or detecting ionising radiations,19771586.0
202607,903020,Oscilloscopes and oscillographs,26281734.0
202607,903031,Multimeters without a recording device,664506.0
202607,903032,Multimeters with a recording device,1475227.0
202607,903033,"Instruments and apparatus for measuring or checking voltage, current, resistance or electrical power (other than those for measuring or checking semiconductor wafers or devices), without recording device (excluding multimeters, and oscilloscopes and oscillographs)",25302917.0
202607,903039,"Instruments and apparatus for measuring or checking voltage, current, resistance or electrical power (other than those for measuring or checking semiconductor wafers or devices), with recording device (excluding multimeters, and oscilloscopes and oscillographs)",20895235.0
202607,903040,"Other instruments and apparatus, specially designed for telecommunications (for example, crosstalk meters, gain measuring instruments, distortion factor meters, psophometers)",65549908.0
202607,903082,For measuring or checking semiconductor wafers or devices (including integrated circuits),66306304.0
202607,903084,"Instruments and apparatus for measuring or checking electrical quantities, with recording device (excluding appliances specially designed for telecommunications, multimeters, oscilloscopes and oscillographs, and apparatus for measuring or checking semiconductor wafers or devices)",63767256.0
202607,903089,"Instruments and apparatus for measuring or checking electrical quantities, without recording device, n.e.s.",21778640.0
202607,903090,Parts and accessories,83935942.0
202607,903110,Machines for balancing mechanical parts,3400615.0
202607,903120,Test benches,8940418.0
202607,903141,For inspecting semiconductor wafers or devices (including integrated circuits) or for inspecting photomasks or reticles used in manufacturing semiconductor devices (including integrated circuits),483849221.0
202607,903149,"Optical instruments, appliances and machines for measuring or checking, not elsewhere specified or included in chapter 90",259035137.0
202607,903180,"Other instruments, appliances and machines",762925582.0
202607,903190,"Parts and accessories, in heading of 90.31",265181324.0
202607,903210,Thermostats,19848251.0
202607,903220,Manostats,4030978.0
202607,903281,Hydraulic or pneumatic,13804247.0
202607,903289,"Regulating or controlling instruments and apparatus (excluding hydraulic or pneumatic, manostats, thermostats, and taps, cocks and valves of heading 8481)",424099743.0
202607,903290,"Parts and accessories for regulating or controlling instruments and apparatus, n.e.s.",34128962.0
202607,903300,"Parts and accessories (not specified or included elsewhere in this Chapter) for machines, appliances, instruments or apparatus of Chapter 90.",4413741.0
202607,910111,"Wrist-watches of precious metal or of metal clad with precious metal, whether or not incorporating a stop-watch facility, electrically operated, with mechanical display only (excluding with backs made of steel)",8483713.0
202607,910119,"Wrist-watches of precious metal or of metal clad with precious metal, whether or not incorporating a stop-watch facility, electrically operated, with opto-electronic display and with combined mechanical and opto-electronic display (excluding with backs made of steel)",141.0
202607,910121,"Wrist-watches of precious metal or of metal clad with precious metal, whether or not incorporating a stop-watch facility, with automatic winding (excluding with backs made of steel)",45973802.0
202607,910129,"Wrist-watches of precious metal or of metal clad with precious metal, whether or not incorporating a stop-watch facility, with hand winding only (excluding with backs made of steel)",4189088.0
202607,910199,"Pocket-watches and the like, incl. stop-watches, of precious metal or of metal clad with precious metal, with hand or automatic winding (excluding with backs made of steel and wrist-watches)",1448698.0
202607,910211,"Wrist-watches, whether or not incorporating a stop-watch facility, electrically operated, with mechanical display only (excluding of precious metal or of metal clad with precious metal)",26070122.0
202607,910212,"Wrist-watches, whether or not incorporating a stop-watch facility, electrically operated, with opto-electronic display only (excluding of precious metal or of metal clad with precious metal)",5239213.0
202607,910219,"Wrist-watches, whether or not incorporating a stop-watch facility, electrically operated, with combined mechanical and opto-electronic display (excluding of precious metal or of metal clad with precious metal)",3612379.0
202607,910221,"Wrist-watches, whether or not incorporating a stop-watch facility, with automatic winding (excluding of precious metal or of metal clad with precious metal)",101482940.0
202607,910229,"Wrist-watches, whether or not incorporating a stop-watch facility, with hand winding only (excluding of precious metal or of metal clad with precious metal)",1827273.0
202607,910291,"Pocket-watches and the like, incl. stop-watches, electrically operated (excluding of precious metal or of metal clad with precious metal)",12399.0
202607,910299,"Pocket-watches and the like, incl. stop-watches, with hand or automatic winding (excluding of precious metal or of metal clad with precious metal)",359078.0
202607,910310,"Clocks with watch movements, electrically operated",813.0
202607,910400,"Instrument panel clocks and clocks of a similar type for vehicles, aircraft, spacecraft or vessels.",226342.0
202607,910511,"Alarm clocks, electrically operated",182870.0
202607,910519,Alarm clocks (excluding electrically operated),267.0
202607,910521,"Wall clocks, electrically operated",120688.0
202607,910529,Wall clocks (excluding electrically operated),12381.0
202607,910591,"Clocks, electrically operated (excluding wrist-watches, pocket-watches and other watches of heading 9101 or 9102, clocks with watch movements of heading 9103, instrument panel clocks and the like of heading 9104, alarm clocks and wall clocks)",224797.0
202607,910599,"Clocks (excluding electrically operated, wrist-watches, pocket-watches and other watches of heading 9101 or 9102, clocks with watch movements of heading 9103, instrument panel clocks and the like of heading 9104, alarm clocks and wall clocks)",305665.0
202607,910610,Timeregisters; timerecorders,85186.0
202607,910690,"Time of day recording apparatus and apparatus for measuring, recording or otherwise indicating intervals of time, with clock or watch movement or with synchronous motor (excluding clocks of heading 9101 to 9105, time registers and time recorders)",298541.0
202607,910700,Time switches with clock or watch movement or with synchronous motor.,156401.0
202607,910811,"Watch movements, complete and assembled, electrically operated, with mechanical display only or with a device to which a mechanical display can be incorporated",17243636.0
202607,910812,"Watch movements, complete and assembled, electrically operated, with opto-electronic display only",395139.0
202607,910819,"Watch movements, complete and assembled, electrically operated, with combined opto-electronic and mechanical display, whether or not with dial and hands",427537.0
202607,910820,"Watch movements, complete and assembled, with automatic winding",6421133.0
202607,910890,"Watch movements, complete and assembled, with hand winding only",322158.0
202607,910910,"Clock movements, complete and assembled, electrically operated (excluding watch movements)",180995.0
202607,910990,"Clock movements, complete and assembled (excluding electrically operated and watch movements)",36429.0
202607,911011,"Complete watch movements, unassembled or partly assembled movement sets",478920.0
202607,911012,"Incomplete watch movements, assembled",1014044.0
202607,911019,Rough clock movements,72839.0
202607,911090,"Complete, unassembled or partly assembled clock movements movement sets""; incomplete clock movements, assembled (excluding rough clock movements and watch movements)""",56.0
202607,911110,"Cases for wrist-watches, pocket-watches and other watches of heading 9101 or 9102, of precious metal or of metal clad with precious metal",18501.0
202607,911120,"Cases for wrist-watches, pocket-watches and other watches of heading 9101 or 9102, of base metal, whether or not gold- or silver-plated",8601103.0
202607,911180,"Cases for wrist-watches, pocket-watches and other watches of heading 9101 or 9102, of materials other than precious metal, clad with precious metal or base metal",2344919.0
202607,911190,"Parts of cases for wrist-watches, pocket-watches and other watches of heading 9101 or 9102, n.e.s.",3742648.0
202607,911220,"Clock and watch cases (excluding for wrist-watches, pocket-watches and other watches of heading 9101 or 9102)",3750.0
202607,911290,"Parts of clock and watch cases, n.e.s. (excluding for wrist-watches, pocket-watches and other watches of heading 9101 or 9102)",15569.0
202607,911310,"Watch straps, watch bands and watch bracelets, and parts thereof, of precious metal or of metal clad with precious metal, n.e.s.",1264089.0
202607,911320,"Watch straps, watch bands and watch bracelets, and parts thereof, of base metal, whether or not gold- or silver-plated, n.e.s.",9208647.0
202607,911390,"Watch straps, watch bands and watch bracelets, and parts thereof, n.e.s.",2847864.0
202607,911430,Dials for clocks or watches,2835611.0
202607,911440,Plates and bridges for clocks or watches,281407.0
202607,911490,"Clock or watch parts, n.e.s.",7105101.0
202607,920110,Upright pianos,4103838.0
202607,920120,Grand pianos,2553619.0
202607,920190,Harpsichords and other keyboard stringed instruments (excluding pianos),26415.0
202607,920210,Played with a bow,23674.0
202607,920290,"Guitars, harps and other string musical instruments (excluding with keyboard and those played with a bow)",1495788.0
202607,920510,Brasswind instruments,316453.0
202607,920590,Wind musical instruments (excluding brass-wind instruments),2040281.0
202607,920600,"Percussion musical instruments (for example, drums, xylophones, cymbals, castanets, maracas).",938493.0
202607,920710,"Keyboard instruments, other than accordions",1802592.0
202607,920790,"Accordions and musical instruments without keyboards, the sound of which is produced, or must be amplified, electrically",2827368.0
202607,920810,Musical boxes,5221.0
202607,920890,"Fairground organs, mechanical street organs, mechanical singing birds, musical saws and other musical instruments not falling within any other heading in chapter 92; decoy calls of all kinds; whistles, call horns and other mouth-blown sound signalling instruments",10408.0
202607,920930,Musical instrument strings,1128154.0
202607,920991,Parts and accessories for pianos,765519.0
202607,920992,Parts and accessories for the musical instruments of heading 92.02,853063.0
202607,920994,Parts and accessories for the musical instruments of heading 92.07,2087828.0
202607,920999,"Parts and accessories for musical instruments  n.e.s.; metronomes, tuning forks and pitch pipes of all kinds",3696927.0
202607,930330,"Other sporting, hunting or targetshooting rifles",174177.0
202607,930400,"Other arms (for example, spring, air or gas guns and pistols, truncheons), excluding those of heading 93.07.",544087.0
202607,930520,Parts and accessories of shotguns or rifles of heading 93.03,36384.0
202607,930599,"Parts and accessories for weapons and the like of heading 9303 or 9304, n.e.s. (excluding of shotguns or rifles of heading 9303)",199795.0
202607,930629,Parts of cartridges for smooth-barrelled shotguns; lead shot for air rifles and pistols,1327.0
202607,930700,"Swords, cutlasses, bayonets, lances and similar arms and parts thereof and scabbards and sheaths therefor.",20272.0
202607,940110,Seats of a kind used for aircraft,12353032.0
202607,940120,Seats of a kind used for motor vehicles,2221551.0
202607,940131,"Swivel seats of wood,with variable height adjustment",79105.0
202607,940139,Other swivel seats with variable height adjustment,2839845.0
202607,940141,"Seats of wood,other than garden seats or camping equipment, convertible into beds",14602.0
202607,940149,"Seats of non-wooden,other than garden seats or camping equipment,convertible into beds",12324.0
202607,940152,Seats of bamboo,27418.0
202607,940153,Seats of rattan,75979.0
202607,940159,"Seats of cane, osier or similar materials (excluding of bamboo or rattan)",788.0
202607,940161,"Upholstered seats, with wooden frames (excluding convertible into beds)",11242968.0
202607,940169,"Seats, with wooden frames (excluding upholstered)",2153997.0
202607,940171,"Upholstered seats, with metal frames (excluding seats for aircraft or motor vehicles, swivel seats with variable height adjustments and medical, dental or surgical furniture)",6338453.0
202607,940179,"Seats, with metal frames (excluding upholstered, swivel seats with variable height adjustments and medical, dental or surgical furniture)",1010949.0
202607,940180,"Seats, n.e.s.",2087006.0
202607,940191,"Parts of seats,of wood,nes",255816.0
202607,940199,"Parts of seats,of non-wooden, nes",28740750.0
202607,940210,"Dentists', barbers' or similar chairs and parts thereof",115607.0
202607,940290,"Operating tables, examination tables, and other medical, dental, surgical or veterinary furniture (excluding dentists' or similar chairs, special tables for X-ray examination, and stretchers and litters, incl. trolley-stretchers)",2924019.0
202607,940310,Metal furniture of a kind used in offices,827451.0
202607,940320,Other metal furniture,5390805.0
202607,940330,Wooden furniture of a kind used in offices,590823.0
202607,940340,Wooden furniture of a kind used in the kitchen,5627908.0
202607,940350,Wooden furniture of a kind used in the bedroom,7267371.0
202607,940360,Other wooden furniture,11443409.0
202607,940370,Furniture of plastics,816157.0
202607,940382,"Furniture of bamboo (excl. seats and medical, surgical, dental or veterinary furniture)",19486.0
202607,940383,"Furniture of rattan (excl. seats and medical, surgical, dental or veterinary furniture)",60176.0
202607,940389,"Furniture of other mareials, including cane, osier or similar materials (excluding of bamboo, rattan, metal, wood and plastics, and seats and medical, surgical, dental or veterinary furniture)",1910204.0
202607,940391,"Parts of furniture,of wood,nes (excluding of seats and medical, surgical, dental or veterinary furniture)",2560645.0
202607,940399,Other furnitures parts nes,4186284.0
202607,940410,Mattress supports for bed frames (excluding spring interiors for seats),953414.0
202607,940421,"Mattresses of cellular rubber or plastics, whether or not covered",1791775.0
202607,940429,"Mattresses, fitted with springs or stuffed or internally filled with any material (excluding cellular rubber or plastics, pneumatic or water mattresses and pillows)",5469532.0
202607,940430,"Sleeping bags, whether or non-electrically heated",58052.0
202607,940440,"Quilts, bedspreads, eiderdowns and duvets (comforters)",424887.0
202607,940490,"Articles of bedding and similar furnishing, fitted with springs or stuffed or internally filled with any material or of cellular rubber or plastics (excluding mattress supports, mattresses, sleeping bags, pneumatic or water mattresses and pillows, blankets and covers)",4067030.0
202607,940511,"Chandeliers and other electric ceiling or wall lighting fittings, excluding those of a kind used for lighting public open spaces or thoroughfares,designed for use solely with light-emitting diode (LED) light sources",1459155.0
202607,940519,"Other chandeliers and other electric ceiling or wall lighting fittings, excluding those of a kind used for lighting public open spaces or thoroughfares",814157.0
202607,940521,"Electric table, desk, bedside or floor-standing luminaires,designed for use solely with light-emitting diode (LED) light sources",1064250.0
202607,940529,"Other electric table, desk, bedside or floor-standing luminaires",467013.0
202607,940531,"Lighting strings of a kind used for Christmas trees,designed for use solely with light-emitting diode (LED) light sources",47780.0
202607,940541,"Other electric luminaires and lighting fittings,Photovoltaic, designed for use solely with light-emitting diode (LED) light sources",45160.0
202607,940542,"Other electric luminaires and lighting fittings,non-photovoltaic,designed for use solely with light-emitting diode (LED) light sources",17180615.0
202607,940549,Other electric luminaires and lighting fittings,7565791.0
202607,940550,Non-electrical luminaires and lighting fittings,190858.0
202607,940561,"Illuminated signs, illuminated name-plates & the like,designed for use solely with light-emitting diode (LED) light sources",371217.0
202607,940569,"Other illuminated signs, illuminated name-plates & the like",326161.0
202607,940591,"Parts of lamps and lighting fittings, illuminated signs and nameplates and the like, of glass, n.e.s.",939268.0
202607,940592,"Parts of lamps and lighting fittings, illuminated signs and nameplates and the like, of plastics, n.e.s.",1645541.0
202607,940599,"Parts of lamps and lighting fittings, illuminated signs and nameplates and the like, n.e.s.",3475601.0
202607,940610,"Prefabricated buildings of wood, whether or not complete or already assembled",85483.0
202607,940620,"Modular building units, of steel",9617.0
202607,940690,"Prefabricated buildings, whether or not complete or already assembled (excl. of wood)",2336397.0
202607,950300,"Tricycles, scooters, pedal cars and similar wheeled toys; dolls' carriages; dolls; other toys; reducedsize (scale"") models and similar recreational models, working or not; puzzles of all kinds.""",106628524.0
202607,950420,Articles and accessories for billiards of all kinds,1755877.0
202607,950430,"Other games, operated by coins, banknotes, bank cards, tokens or by any other means of payment, other than automatic bowling alley equipment",8720075.0
202607,950440,Playing cards,12443316.0
202607,950450,"Video game consoles and machines, other than those of subheading 9504.30",85785517.0
202607,950490,"Tables for casino games, automatic bowling alley equipment, and other funfair, table or parlour games, incl. pintables (excluding operated by any means of payment, billiards, video game consoles and machines, and playing cards)",7089475.0
202607,950510,Articles for Christmas festivities,131659.0
202607,950590,"Festival, carnival or other entertainment articles, incl. conjuring tricks and novelty jokes, n.e.s.",560525.0
202607,950611,"Skis, for winter sports",1412275.0
202607,950612,Ski bindings,483391.0
202607,950619,Ski equipment for winter sports (other than skis and ski-fastenings [ski-bindings]),2220247.0
202607,950621,Sailboards,17565.0
202607,950629,"Water-skis, surfboards and other water-sport equipment (other than sailboards)",1048096.0
202607,950631,"Golf clubs, complete",4757926.0
202607,950632,Golf balls,985626.0
202607,950639,Golf equipment (excluding balls and complete clubs),12651511.0
202607,950640,Articles and equipment for table-tennis,4425312.0
202607,950651,"Tennis rackets, whether or not strung (excluding table-tennis bats)",86388.0
202607,950659,"Badminton and similar rackets, whether or not strung (other than tennis rackets and table-tennis bats)",6611748.0
202607,950661,Tennis balls (excluding table tennis balls),1272388.0
202607,950662,Inflatable balls,1986064.0
202607,950669,"Balls (excluding inflatable, tennis balls, golf balls, and table-tennis balls)",519926.0
202607,950670,"Ice skates and roller skates, incl. skating boots with skates or rollers attached",699462.0
202607,950691,"Articles and equipment for general physical exercise, gymnastics or athletics",10231577.0
202607,950699,Articles and equipment for sport and outdoor games n.e.s; swimming and paddling pools,5066385.0
202607,950710,Fishing rods,4919253.0
202607,950720,"Fishhooks, whether or not snelled",2041876.0
202607,950730,Fishing reels,10228824.0
202607,950790,"Line fishing tackle n.e.s; fish landing nets, butterfly nets and similar nets; decoys and similar hunting or shooting requisites (excluding decoy calls of all kinds and stuffed birds of heading 9705)",844607.0
202607,950821,Roller coasters,4919604.0
202607,950824,Motion simulators and moving theatres,54294.0
202607,950825,Water rides,16730.0
202607,950826,Water park amusements,90.0
202607,950829,Other amusement park rides and water park amusements,1905337.0
202607,950830,Fairground amusements,526250.0
202607,960110,Worked ivory and articles of ivory,2417.0
202607,960190,"Worked bone, tortoiseshell, horn, antlers, coral, mother-of-pearl and other animal carving material, and articles of these materials, n.e.s. (excluding ivory)",594682.0
202607,960200,"Worked vegetable or mineral carving material and articles of 96.02 these materials; moulded or carved articles of wax, of stearin, of natural gums or natural resins or of modelling pastes, and other moulded or carved articles, not elsewhere specified or included; worked, unhardened gelatin (except gelatin of heading 35.03) and articles of unhardened gelatin.",448161.0
202607,960310,"Brooms and brushes, consisting of twigs or other vegetable materials bound together, with or without handles brushes and other toilet brushes for use on the person, including such brushes constituting parts of appliances :",15580.0
202607,960321,"Tooth brushes, including dentalplate brushes",7090958.0
202607,960329,"Shaving brushes, hair brushes, nail brushes, eyelash brushes and other brushes for use on the person (excluding tooth brushes)",412305.0
202607,960330,"Artists' brushes, writing brushes and similar brushes for the application of cosmetics",1436263.0
202607,960340,"Paint, distemper, varnish or similar brushes (other than brushes of subheading 9603.30); paint pads and rollers",60786.0
202607,960350,"Other brushes constituting parts of machines, appliances or vehicles",6977950.0
202607,960390,"Mops and leather dusters; prepared knots and tufts for broom or brush making; squeegees of rubber or other flexible materials; brooms and brushes, n.e.s.",1009490.0
202607,960400,Hand sieves and hand riddles.,19735.0
202607,960500,"Travel sets for personal toilet, sewing or shoe or clothes cleaning.",61136.0
202607,960610,"Pressfasteners, snapfasteners and pressstuds and parts therefor",2004330.0
202607,960621,"Buttons of plastics, not covered with textile material",1460590.0
202607,960622,"Buttons of base metal, not covered with textile material",764536.0
202607,960629,"Buttons (excluding of plastics or base metal, not covered with textile material, press-fasteners, snap-fasteners, press studs and cuff links)",472036.0
202607,960630,Button moulds and other parts of buttons; button blanks,728388.0
202607,960711,Fitted with chain scoops of base metal,949254.0
202607,960719,Slide fasteners (excluding fitted with chain scoops of base metal),4418773.0
202607,960720,Parts of slide fasteners,8416322.0
202607,960810,Ball point pens,11318012.0
202607,960820,Felt tipped and other poroustipped pens and markers,2945047.0
202607,960830,"Fountain pens, stylograph pens and other pens",3021244.0
202607,960840,Propelling or sliding pencils,1041994.0
202607,960850,Sets of articles from two or more of the foregoing subheadings,37475.0
202607,960860,"Refills for ball point pens, comprising the ball point and inkreservoir",2331527.0
202607,960891,Pen nibs and nib points,138866.0
202607,960899,"Parts of ball-point pens, felt-tipped and other porous-tipped pens and markers, fountain pens and propelling pencils n.e.s, pencil-holders, pen-holders and the like, and duplicating stylos",1955175.0
202607,960910,"Pencils and crayons, with leads encased in a sheath",1077990.0
202607,960920,"Pencil leads, black or coloured",487150.0
202607,960990,"Pencils, pastels, drawing charcoals, writing or drawing chalks and tailors' chalks",631968.0
202607,961000,"Slates and boards, with writing or drawing surfaces, whether or not framed.",76642.0
202607,961100,"Date, sealing or numbering stamps, and the like (including devices for printing or embossing labels), designed for operating in the hand; handoperated composing sticks and hand printing sets incorporating such composing sticks.",375577.0
202607,961210,"Typewriter or similar ribbons, inked or otherwise prepared for giving impressions, whether or not on spools or in cartridges",10372681.0
202607,961220,"Ink-pads, whether or not inked, with or without boxes",109280.0
202607,961310,"Pocket lighters, gas fuelled, nonrefillable",283252.0
202607,961320,"Pocket lighters, gas fuelled, refillable",531195.0
202607,961380,Other lighters,5725628.0
202607,961390,"Parts of lighters, n.e.s.",971920.0
202607,961400,"Smoking pipes (including pipe bowls) and cigar or cigarette holders, and parts thereof.",911111.0
202607,961511,"Combs, hair-slides and the like of hard rubber or plastics",1093992.0
202607,961519,"Combs, hair-slides and the like (excluding of hard rubber or plastics)",847814.0
202607,961590,"Hairpins, curling pins, curling grips, hair-curlers and the like, and parts thereof, n.e.s. (excluding electro-thermic appliances of heading 8516)",315193.0
202607,961610,"Scent sprays and similar toilet sprays, and mounts and heads therefor",900061.0
202607,961620,Powderpuffs and pads for the application of cosmetics or toilet preparations,355931.0
202607,961700,"Vacuum flasks and other vacuum vessels, complete; parts thereof other than glass inners.",6183333.0
202607,961800,Tailors' dummies and other lay figures; automata and other animated displays used for shop window dressing.,744472.0
202607,961900,"Sanitary towels (pads) and tampons, napkins (diapers), napkin liners and similar articles, of any material.",15365891.0
202607,962000,"Monopods, bipods, tripods and similar articles.",653980.0
202607,970121,"Paintings, drawings and pastels of an age exceeding 100 years",243690.0
202607,970191,"Original paintings, drawings and pastels of an age up to 100 years",14294028.0
202607,970199,Collages and similar decorative boards of an age up to 100 years,71240.0
202607,970290,"Original engravings, prints and lithographs of an age up to 100 years",31755.0
202607,970310,Original sculpture and statuary in any material of an age exceeding 100 years,31376.0
202607,970390,Original sculpture and statuary in any material of an age up to 100 years,6190599.0
202607,970400,"Postage or revenue stamps, stamppostmarks, firstday covers, postal stationery (stamped paper), and the like, used or unused, other than those of heading 49.07.",111873.0
202607,970510,"Collections and collectors' pieces of archaeological, ethnographic or historical interest",91547.0
202607,970522,Extinct or endangered species and parts thereof,112926.0
202607,970529,"Other collections and collectors’ pieces of zoological, botanical, mineralogical, anatomical or paleontological interest",2745427.0
202607,970531,Collections and collectors’ pieces of numismatic interest of an age exceeding 100 years,88952.0
202607,970539,Collections and collectors’ pieces of numismatic interest of an age up to 100 years,15325.0
202607,970610,Antiques of an age exceeding 250 years,1147462.0
202607,970690,Antiques of an age 100 years up to 250 years,2718910.0
202607,980100,"Low value import items, ≤ 2000RMB",144696.0
202607,980400,Articles of low value in simplified customs procedures,434139812.0
202607,980500,Articles of B2C cross-border e-commerce,275138306.0
